No.,業種,詳細業種,業態,営業所名称,営業所郵便番号,営業所所在地,営業所電話番号,許可番号（号）,施行日,有効期限
1,飲食店,軽食,,35,910-0023,福井市順化２丁目９－１７,,福井市指令生衛第21-2-7号,4/22/21,4/30/26
2,飲食店,社交飲食,,158,918-8236,福井市和田中２丁目９１６,0776-92-0003,福井市指令生衛第20-1-39号,4/28/20,7/31/25
3,飲食店営業,その他,ＢＡＲ,222,910-0023,福井市順化１丁目１７－１５オリエンタル５　２階２０２号室,,福井市指令生衛第23-4-421号,1/16/24,3/31/29
4,飲食店,軽食,,305,910-3557,福井市城有町５８―６,0776-89-2832,福井市指令生衛第20-2-177号,7/8/20,7/31/25
5,飲食店営業,その他,バー,821,910-0006,福井市中央１丁目２０－２４アコワティビル１Ｆ,,福井市指令生衛第22-3-186号,9/15/22,11/30/27
6,飲食店営業,その他,カフェ,＆　ＤＯＧ,910-0033,福井市三郎丸４丁目２１２－１,,福井市指令生衛第24-3-9号,5/21/24,2/28/30
7,そうざい製造業,そうざい製造業,,＆　ＤＯＧ,910-0033,福井市三郎丸４丁目２１２－１,,福井市指令生衛第24-3-262号,10/7/24,2/28/30
8,飲食店営業,その他,カフェ,＆ｃｒｅｐｅ　Ｍｉｎｔ,910-0836,福井市大和田２丁目１２１２ラブリーパートナーエルパ２Ｆ　フードコート,0776-57-2637,福井市指令生衛第24-3-143号,7/10/24,12/31/29
9,飲食店営業,その他,洋風居酒屋,＆Ｒｏｏｍ,910-0023,福井市順化２丁目６－６,0776-30-1630,福井市指令生衛第21-4-720号,2/16/22,4/30/27
10,飲食店営業,一般食堂・レストラン等,給食施設,（株）メフォス東日本　第１０６３３号店,910-0125,福井市石盛２丁目２１０認定こども園ひばり内,0776-63-5925,福井市指令生衛第21-3-328号,3/24/22,9/30/28
11,菓子製造業,菓子製造業,,（株）竹内菓子舗　第２工場,918-8012,福井市花堂北２丁目１５－６,0776-43-0942,福井市指令生衛第23-3-25号,4/25/23,10/31/28
12,飲食店営業,一般食堂・レストラン等,ラーメン屋,～ラーメン～　はなみや,910-0021,福井市乾徳１丁目１２－１６,,福井市指令生衛第23-3-303号,1/15/24,1/31/29
13,飲食店営業,その他,居酒屋,「はまちや」,910-0002,福井市町屋１丁目２－１９,,福井市指令生衛第21-4-572号,12/16/21,1/31/27
14,魚介類販売業,魚介類販売業,鮮魚販売,「ふくいの地魚情報館」,910-0005,福井市大手２丁目８－１０福井県水産会館　１Ｆ,0776-24-1203,福井市指令生衛第21-4-355号,10/7/21,11/30/26
15,飲食店営業,その他,ガールズバー,×××ＨＯＬＩＣ,910-0023,福井市順化２丁目８－１４パークサイドタワービル　６Ｆ－Ｂ,,福井市指令生衛第21-3-254号,12/23/21,4/30/27
16,飲食店営業,その他,カフェ,♯かかりつけカフェ　にじいろ,910-0015,福井市二の宮４丁目１４－１４シティハウス二の宮１Ｆ,,福井市指令生衛第22-3-27号,4/27/22,1/31/28
17,菓子製造業,菓子製造業,,♯かかりつけカフェ　にじいろ,910-0015,福井市二の宮４丁目１４－１４シティハウス二の宮１Ｆ,0776-97-8580,福井市指令生衛第22-3-217号,10/21/22,1/31/28
18,そうざい製造業,そうざい製造業,弁当屋,♯かかりつけカフェ　にじいろ,910-0015,福井市二の宮４丁目１４－１４シティハウス二の宮１Ｆ,,福井市指令生衛第23-3-245号,11/2/23,1/31/29
19,飲食店,仕出し弁当,,１０８　ＣＡＦＥ,918-8231,福井市問屋町２丁目１２問屋センター１Ｆ,,福井市指令生衛第20-1-66号,5/7/20,7/31/25
20,飲食店,食堂,,２１８９事業所,910-0829,福井市林藤島町１６―８濃飛西濃運輸株式会社福井支店２Ｆ社員食堂,,福井市指令生衛第20-2-696号,12/17/20,12/31/25
21,飲食店,社交飲食,,２５２５亭,910-0842,福井市開発４丁目４０１－１開発テナント２Ｆ,0776-57-0833,福井市指令生衛第19-1-400号,1/17/20,12/31/25
22,飲食店,食堂,,２７７事業所,910-0005,福井市大手３丁目４―７三井住友銀行　福井支店　２Ｆ社員食堂,,福井市指令生衛第20-2-452号,10/19/20,11/30/25
23,飲食店営業,その他,アイスクリーム屋,３１アイスクリーム　アル・プラザベル店,918-8577,福井市花堂南２丁目１６－１アル・プラザベル１Ｆ,0776-50-6831,福井市指令生衛第22-3-64号,6/20/22,10/31/27
24,飲食店営業,その他,給食施設,３３０２リリーブ東郷,910-2165,福井市東郷二ケ町２７－１５－３,,福井市指令生衛第22-3-224号,10/27/22,8/31/29
25,飲食店営業,その他,給食施設,３３０２文珠苑,919-0317,福井市北山町３５－５－１,,福井市指令生衛第22-3-223号,10/27/22,8/31/29
26,飲食店営業,一般食堂・レストラン等,ベトナム料理店,３８　ＬＵＸＵＲＹ,910-0006,福井市中央１丁目６－２３林第３ビル,,福井市指令生衛第22-3-356号,2/27/23,11/30/28
27,飲食店営業,一般食堂・レストラン等,集団給食施設,４７７５２事業所,910-0017,福井市文京４丁目１４－１１,,福井市指令生衛第21-3-107号,9/14/21,2/28/27
28,飲食店営業,一般食堂・レストラン等,給食会社,４９４６１事業所,910-0022,福井市花月１丁目９－1ユニエミール福井花月,,福井市指令生衛第23-3-384号,3/5/24,4/30/30
29,飲食店営業,その他,居酒屋,６（シックス）,910-0804,福井市高木中央１丁目２６０２,0776-53-0360,福井市指令生衛第24-4-233号,12/20/24,12/31/30
30,飲食店営業,その他,飲食業（バー）,７ＰＩＮ,910-0023,福井市順化１丁目１７－２１旭ビル１Ｆ東,0776-97-6999,福井市指令生衛第23-3-114号,7/21/23,3/31/29
31,飲食店営業,その他,バー,７六歩,910-0023,福井市順化１丁目７－９片町バレービル２Ｆ２－Ｃ,,福井市指令生衛第24-4-392号,1/21/25,3/31/30
32,飲食店,軽食,,８７　ｃａｆｅ,918-8067,福井市飯塚町１３―１０５,0776-97-5571,福井市指令生衛第20-2-56号,4/23/20,5/31/25
33,飲食店営業,一般食堂・レストラン等,ラーメン店,８番らーめん　下馬店,918-8112,福井市下馬３丁目４１０－１,0776-63-5778,福井市指令生衛第23-3-102号,7/21/23,10/31/28
34,飲食店,めん類,,８番らーめん　花堂店,918-8024,福井市舞屋町１５―３,0776-35-3425,福井市指令生衛第20-2-61号,4/23/20,5/31/25
35,飲食店営業,一般食堂・レストラン等,らーめん屋,８番らーめん　開発店,910-0842,福井市開発２丁目２１９,0776-53-0881,福井市指令生衛第21-4-421号,11/4/21,12/31/26
36,飲食店営業,一般食堂・レストラン等,ラーメン屋,８番らーめん　御幸店,910-0854,福井市御幸３丁目１６－３１,0776-22-0993,福井市指令生衛第23-4-56号,5/1/23,7/31/28
37,飲食店,めん類,,８番らーめん　春江店,910-0121,福井市定正町１２１９－２,0776-56-3788,福井市指令生衛第20-2-335号,8/26/20,9/30/25
38,飲食店営業,一般食堂・レストラン等,ラーメン店,８番らーめん　足羽店,918-8184,福井市真木町１３－１９,0776-38-1355,福井市指令生衛第21-4-292号,8/26/21,10/31/26
39,飲食店営業,一般食堂・レストラン等,ラーメン屋,８番らーめん　二の宮店,910-0015,福井市二の宮２丁目２０１－１,0776-97-8227,福井市指令生衛第23-4-250号,10/5/23,1/31/29
40,飲食店営業,一般食堂・レストラン等,ラーメン店,８番らーめん　福井駅店,910-0006,福井市中央１丁目１－２５くるふ福井駅㊶,0776-37-4008,福井市指令生衛第23-3-357号,2/21/24,11/30/29
41,飲食店営業,一般食堂・レストラン等,ラーメン店,８番らーめん　福井大学前店,910-0018,福井市田原２丁目１９－１７,0776-22-3320,福井市指令生衛第21-4-549号,12/7/21,2/28/27
42,飲食店営業,一般食堂・レストラン等,らーめん屋,８番らーめん　米松店,910-0851,福井市米松１丁目１６０４,0776-54-6333,福井市指令生衛第23-4-55号,5/11/23,7/31/28
43,飲食店営業,一般食堂・レストラン等,ラーメン店,８番らーめん　堀の宮店,910-0016,福井市大宮６丁目５－１９,0776-24-2597,福井市指令生衛第21-4-550号,12/7/21,1/31/27
44,飲食店,めん類,,８番らーめん若杉店,918-8055,福井市若杉４丁目２０１,0776-36-1613,福井市指令生衛第20-1-280号,11/6/20,5/31/26
45,飲食店営業,一般食堂・レストラン等,ラーメン店,８番らーめん新保店,910-0832,福井市新保町１７字南高田１８,0776-52-0886,福井市指令生衛第24-4-245号,11/14/24,12/31/29
46,飲食店営業,その他,スナック,９＋Ｓａｉ,910-0023,福井市順化２丁目２０－１３友邦ビル　３階３０１号室,,福井市指令生衛第23-3-82号,6/26/23,4/30/29
47,飲食店営業,その他,バー,Ａ’ｂｏｕｇｈｔ　ＣＡＦＥ　７１１,910-0023,福井市順化２丁目６－１８泉谷ビル１Ｆ,0776-22-0567,福井市指令生衛第21-4-716号,2/24/22,4/30/27
48,飲食店営業,その他,スナック,Ａｃｃｌａｉｍ（アクレイム）,910-0023,福井市順化１丁目１７－２３サンロイヤル片町４Ｆ　４０２号室,,福井市指令生衛第24-4-390号,1/23/25,3/31/30
49,飲食店営業,その他,社交飲食店,ＡＣＥ,910-0023,福井市順化２丁目１４－２１Ｒビル２Ｆ,0776-92-0601,福井市指令生衛第22-4-399号,2/7/23,4/30/28
50,飲食店営業,その他,バー,ＡＣＥ　ＣＬＵＢ,910-0023,福井市順化１丁目２４－１９郡ビル２階３号室,0776-50-3501,福井市指令生衛第21-4-676号,2/10/22,3/31/27
51,飲食店営業,その他,ラウンジ,ＡＣＥ．Ａｔｒｉｕｍ,910-0023,福井市順化２丁目１３－２１,,福井市指令生衛第22-3-417号,4/5/23,4/30/28
52,飲食店営業,その他,バー,Ａｄｄｉｔｉｏｎａｌ　ｔｉｍｅ　ｂａｒ　ＧＯＬＡＺＯ,910-0023,福井市順化２丁目２４－８津々美ビル２２４　１階,0776-92-0736,福井市指令生衛第23-4-561号,4/11/24,4/30/29
53,飲食店営業,その他,ポーカールーム,ＡＦＴＥＲ　ＡＬＬ,910-0006,福井市中央１丁目３－７ＦＵＫＵＭＡＣＨＩ　ＢＬＯＣＫ　Ｗ棟１Ｆ　１０２,,福井市指令生衛第24-3-279号,10/17/24,11/30/29
54,飲食店営業,一般食堂・レストラン等,洋食店,Ａｆｔｅｒ　Ｈｏｕｒｓ　Ｂａｒ　Ｈ．Ａ．Ｎ．Ｄ．,918-8231,福井市問屋町１丁目１６５五十嵐１ＦＡ号,0776-97-6169,福井市指令生衛第23-4-31号,5/2/23,7/31/28
55,飲食店営業,その他,チョコレート専門店,ＡＦＴＥＲＧＬＯＷ　ＣＨＯＣＯＬＡＴＥ,910-0024,福井市照手１丁目９－２０,,福井市指令生衛第22-3-117号,7/22/22,4/30/28
56,菓子製造業,菓子製造業,,ＡＦＴＥＲＧＬＯＷ　ＣＨＯＣＯＬＡＴＥ,910-0024,福井市照手１丁目９－２０,,福井市指令生衛第22-3-118号,7/22/22,4/30/28
57,飲食店,社交飲食,,Ａｇｉｔ,910-0023,福井市順化１丁目１０―１５サエラビル　５Ｆ,0776-21-9980,福井市指令生衛第20-2-842号,2/18/21,3/31/26
58,飲食店営業,一般食堂・レストラン等,フレンチレストラン,Ａｉｄｅｎ,910-0804,福井市高木中央１丁目２６０１,0776-50-0655,福井市指令生衛第24-3-227号,9/9/24,12/31/29
59,そうざい製造業,そうざい製造業,,Ａｉｄｅｎ,910-0804,福井市高木中央１丁目２６０１,0776-50-0655,福井市指令生衛第24-3-228号,9/9/24,12/31/29
60,菓子製造業,菓子製造業,,Ａｉｄｅｎ,910-0804,福井市高木中央１丁目２６０１,0776-50-0655,福井市指令生衛第24-3-229号,9/9/24,12/31/29
61,飲食店営業,その他,バー,ＡＩＭ,910-0019,福井市春山２丁目１－３伊東ビル１階１０６号室,,福井市指令生衛第21-4-815号,4/5/22,4/30/27
62,飲食店,軽食,,ＡＫ　Ｃｏｒｎｅｒ,910-0854,福井市御幸４丁目１２－１５ＧＡＲＤＥＮ　１Ｆ,,福井市指令生衛第19-1-130号,8/28/19,7/31/25
63,飲食店,食堂,,Ａｌｆｒｅｄｏ,910-0006,福井市中央１丁目２１―３６サンロードビル１階,0776-28-0546,福井市指令生衛第20-2-484号,10/19/20,11/30/25
64,飲食店営業,その他,Bar,Ａｌｍｉｇｈｔｙ　ｂａｒ　ｂｒｉｌｌｉａｎｔ,910-0023,福井市順化２丁目２２－４イトービル１階,0776-26-1136,福井市指令生衛第22-4-432号,3/2/23,4/30/28
65,飲食店営業,その他,スナック,ＡＬＶＩＤＡ,910-0023,福井市順化１丁目１５－１ＫＩＨＡＣＨＩ　Ⅰビル２Ｆ　Ｂ,0776-27-3538,福井市指令生衛第23-4-562号,3/19/24,3/31/29
66,飲食店営業,その他,スナック,ＡＭＡＴＥＲＡＳ,910-0023,福井市順化２丁目１３－１４ＣＯＰＡビル　３階　Ａ２号室,,福井市指令生衛第24-3-84号,5/27/24,4/30/30
67,飲食店営業,その他,スナック,ＡＭＵＳＥ,910-0023,福井市順化１丁目１７－２３サンロイヤル片町６Ｆ　６０１,0776-28-9058,福井市指令生衛第21-4-683号,2/17/22,3/31/27
68,飲食店営業,一般食堂・レストラン等,洋食店,ａｎｅｌａ　ｐａｎｉｎｉ,910-0017,福井市文京６丁目６－１０,,福井市指令生衛第21-3-1号,8/2/21,1/31/28
69,飲食店営業,その他,スナック,Ａｎｇｅ,910-0023,福井市順化１丁目１４－２１順化アルバ２Ｆ　２０１,,福井市指令生衛第23-4-430号,1/10/24,3/31/29
70,飲食店営業,その他,スナック,Ａｎｇｅｌａ,910-0023,福井市順化１丁目１７－２１旭ビル　１Ｆ,0776-97-5444,福井市指令生衛第24-4-377号,2/27/25,3/31/30
71,飲食店営業,仕出し屋・弁当屋,喫茶と給食施設,ＡＯＩ　ＴＳＵＫＩ,918-8237,福井市和田東１丁目７０７－１,0776-37-3757,福井市指令生衛第23-3-425号,3/7/24,7/31/29
72,菓子製造業,菓子製造業,,ＡＯＩ　ＴＳＵＫＩ,918-8237,福井市和田東１丁目７０７－１,0776-37-3757,福井市指令生衛第23-3-426号,3/7/24,7/31/29
73,飲食店営業,その他,ＢＡＲ,Ａｒｅａ,910-0023,福井市順化１丁目８－１７ダイナソービル２Ｆ　Ｊ,0776-50-2876,福井市指令生衛第24-4-384号,1/16/25,3/31/30
74,飲食店,社交飲食,,Ａｒｉｅｌ,910-0023,福井市順化１丁目１８－１０そば重ビル２階２１０号,0776-25-4177,福井市指令生衛第20-1-386号,1/8/21,3/31/26
75,飲食店,社交飲食,,Ａｒｉｅｓ　ｔｒｏｉｓ,910-0023,福井市順化２丁目２０番１３号友邦ビル地下１階,0776-27-2737,福井市指令生衛第20-2-988号,3/24/21,4/30/26
76,飲食店営業,その他,社交飲食,Ａｒｉｅｓ　Ｔｒｏｉｓ,910-0023,福井市順化２丁目２０－１３友邦ビル１階１０２,0776-28-6737,福井市指令生衛第21-4-704号,2/15/22,4/30/27
77,そうざい製造業,そうざい製造業,,Ａｔｔ　Ｋｉｔｃｈｅｎ,910-0006,福井市中央１丁目９－２４福井中央ビル１階、２階,,福井市指令生衛第22-3-157号,8/29/22,11/30/27
78,菓子製造業,菓子製造業,,Ａｔｔ　Ｋｉｔｃｈｅｎ,910-0006,福井市中央１丁目９－２４福井中央ビル１階、２階,,福井市指令生衛第22-3-158号,8/29/22,11/30/27
79,飲食店営業,その他,スナック,Ａｖｅｎｉｒ,910-0023,福井市順化２丁目２０－１３友邦ビル２階２０２,0776-27-0077,福井市指令生衛第21-4-734号,3/8/22,4/30/27
80,飲食店,そうざい,,Ａコープみゆき店,910-0854,福井市御幸３丁目１２－１,0776-26-7111,福井県指令福保第1810565号,12/7/18,7/31/25
81,魚介類販売業,一般,,Ａコープみゆき店,910-0854,福井市御幸３丁目１２－１,0776-26-7111,福井県指令福保第1810566号,12/7/18,7/31/25
82,食肉販売業,食肉販売業,,Ａコープみゆき店,910-0854,福井市御幸３丁目１２－１,0776-26-7111,福井市指令生衛第24-4-27号,5/8/24,7/31/30
83,魚介類販売業,魚介類販売業,,Ａコープみゆき店　鮮魚部,910-0854,福井市御幸３丁目１２－１Ａコープみゆき店内,,福井市指令生衛第21-3-337号,3/25/22,7/31/28
84,食肉販売業,一般,,Ａコープやしろ店,918-8026,福井市渕２丁目１７１１,0776-34-2100,福井県指令福保第1810568号,12/7/18,5/31/25
85,飲食店,そうざい,,Ａコープやしろ店,918-8026,福井市渕２丁目１７１１,0776-34-2100,福井県指令福保第1810569号,12/7/18,5/31/25
86,飲食店,そうざい,,Ａコープやしろ店,918-8026,福井市渕２丁目１７１１,0776-34-2100,福井県指令福保第1810570号,12/7/18,5/31/25
87,魚介類販売業,一般,,Ａコープやしろ店,918-8026,福井市渕２丁目１７１１,0776-34-2100,福井県指令福保第1810571号,12/7/18,5/31/25
88,飲食店営業,その他,ダーツバー,ＢＡＤ　ＢＩＲＤＹ,910-0005,福井市大手３丁目１４－５大手３Ｍテナント　２Ｆ,,福井市指令生衛第23-3-261号,11/20/23,11/30/29
89,菓子製造業,パン,,ｂａｋｅｒｉｕｍ,918-8031,福井市種池１丁目１７０９,0776-89-1929,福井市指令生衛第21-4-794号,3/22/22,5/31/27
90,飲食店営業,一般食堂・レストラン等,フランス・イタリア料理店,ＢＡＭＢＯＣＨＥ　ｄｅ　ＹＡＭＡ,910-0023,福井市順化１丁目３－１０,0776-22-6858,福井市指令生衛第21-4-661号,1/27/22,3/31/27
91,喫茶店,純喫茶,,Ｂａｎａｎａ　Ｂｏｙ,910-3553,福井市蒲生町１６－７－１,,福井市指令生衛第20-1-199号,8/21/20,7/31/26
92,飲食店営業,その他,喫茶店,Ｂａｎａｎａ　Ｂｏｙ　市場店,910-0836,福井市大和田１丁目１０１福井市中央卸売市場関連商品売場,,福井市指令生衛第22-3-5号,4/12/22,12/31/27
93,飲食店営業,その他,スナック,ＢＡＮＧＫＯＫ　Ｃｉｔｙ’ｓ,910-0023,福井市順化１丁目１７－１１ウエノビル１Ｆ,,福井市指令生衛第21-3-215号,1/11/22,3/31/27
94,飲食店営業,その他,Ｂａｒ,Ｂａｒ　ＡＤＥＬＩＥ,910-0023,福井市順化１丁目１５－９スカイパレスビル４Ｆ　４０２号室,,福井市指令生衛第23-3-287号,12/14/23,3/31/29
95,飲食店,社交飲食,,Ｂａｒ Ａｄｈｉｒａ,910-0006,福井市中央１丁目１７－１５サンジェルマンビル６階,,福井市指令生衛第20-1-464号,3/18/21,11/30/26
96,飲食店,社交飲食,,Ｂａｒ　Ａｎｇｅｌｉｎａ,910-0023,福井市順化２丁目１９―１２森ビル１ＦＡ号室,,福井市指令生衛第21-2-18号,4/30/21,4/30/26
97,飲食店営業,その他,バー,Ｂａｒ　ＢＩＮＸ’Ｓ,910-0023,福井市順化２丁目８－１４パーク・サイド・タワー　４階,,福井市指令生衛第23-3-271号,11/24/23,4/30/29
98,飲食店,社交飲食,,Ｂａｒ　Ｃｈlｏé,910-0023,福井市順化２丁目６－１７フォレスト片町４０２,,福井市指令生衛第20-1-429号,2/25/21,4/30/26
99,飲食店営業,その他,スナック,ＢＡＲ　ＣＵＴＥ　９１０,910-0023,福井市順化２丁目２２－３ＴＭビル５Ｆ,,福井市指令生衛第22-4-455号,3/15/23,4/30/28
100,飲食店営業,その他,バー,Ｂａｒ　ＤＯＮ,910-0023,福井市順化２丁目８－１４パークサイドタワー１階－ＡＢ,,福井市指令生衛第24-3-214号,8/29/24,4/30/30
101,飲食店営業,その他,バー,ＢＡＲ　ＤＯＰＥ,910-0023,福井市順化１丁目７－９片町バレービル４Ｆ　Ｄ,,福井市指令生衛第23-3-152号,8/28/23,3/31/29
102,飲食店営業,その他,バー,Ｂａｒ　Ｄｒｅａｍ,910-0023,福井市順化２丁目２１－１８加賀テナントＥ号,0776-28-2618,福井市指令生衛第24-4-433号,2/13/25,4/30/30
103,飲食店営業,その他,バー,Ｂａｒ　ＥＧＯＩＳＴ,910-0023,福井市順化２丁目１２－１４プリンスビル２Ｆ,0776-97-6385,福井市指令生衛第21-4-723号,2/22/22,4/30/27
104,飲食店,社交飲食,,Ｂａｒ　ｆａｔｅ,910-0023,福井市順化２丁目２０－１３シャンティ片町２Ｆ,,福井市指令生衛第19-1-360号,11/29/19,4/30/25
105,飲食店,社交飲食,,Ｂａｒ　ＧＥＡＳＳ,910-0023,福井市順化１丁目１０―１２Ｋ．Ｋビル２階Ｂ号室,,福井市指令生衛第20-2-839号,2/18/21,3/31/26
106,飲食店,社交飲食,,Ｂａｒ　ＧＲＯＷＰ,910-0023,福井市順化１丁目１８－８開明ビル１Ｆ　１０６号室,0776-89-1237,福井市指令生衛第20-1-223号,9/25/20,3/31/26
107,飲食店営業,その他,カクテルバー,ＢＡＲ　ＩＳＡＫＡ,910-0023,福井市順化１丁目１４－２２桑の実会館　１Ｆ奥,,福井市指令生衛第24-4-388号,1/23/25,3/31/30
108,飲食店,社交飲食,,Ｂａｒ　ｊａｋｅ,910-0023,福井市順化１丁目１０―９ドリームタウン２Ｆ,,福井市指令生衛第20-2-845号,3/18/21,3/31/26
109,飲食店,社交飲食,,ＢＡＲ　ＪＵＧＯ,910-0023,福井市順化１丁目１６－１８片町ステーションビル２Ｆ,0776-29-1515,福井市指令生衛第21-1-23号,5/24/21,3/31/27
110,飲食店営業,その他,Ｂａｒ,ＢＡＲ　ＫＡＧＵＲＡＢＩ,910-0023,福井市順化２丁目１３－２０ナカムラビル２Ｆ奥,,福井市指令生衛第24-3-222号,9/6/24,4/30/30
111,飲食店,社交飲食,,Ｂａｒ　ＫＵＲＯＮＥ,910-0151,福井市栄町１６－１３,,福井市指令生衛第20-1-387号,1/13/21,9/30/26
112,飲食店,社交飲食,,ＢＡＲ　Ｌｅａｚｙ,910-0023,福井市順化１丁目１６―１８片町ステーションビル１Ｆ,0776-97-5850,福井市指令生衛第20-2-868号,2/9/21,3/31/26
113,飲食店営業,その他,バー,ＢＡＲ　ＬＥＧＡＬＩＳＳ,910-0023,福井市順化２丁目１２－６パークサイドビル４Ｆ,,福井市指令生衛第24-3-177号,8/5/24,4/30/30
114,飲食店,社交飲食,,Ｂａｒ　ＬＫ,910-0023,福井市順化１丁目１５―４リトルプラザ３Ｆ,0776-28-0530,福井市指令生衛第20-1-375号,12/21/20,3/31/26
115,飲食店,社交飲食,,ＢＡＲ　Ｌｏｕｉｓ,910-0023,福井市順化１丁目１５－５ブラボービル１Ｆ　１Ａ号室,0776-21-5928,福井市指令生衛第20-1-28号,4/27/20,3/31/26
116,飲食店営業,その他,バー,Ｂａｒ　Ｌｏｕｎｇｅ　Ｌｅｍｕｒｉａ,910-0023,福井市順化２丁目８－１４パークサイドタワー１階　Ｃ,,福井市指令生衛第24-3-196号,9/6/24,4/30/30
117,飲食店,社交飲食,,Ｂａｒ ｍｏＺ,910-0023,福井市順化１丁目６－７金津屋ビル２Ｆ,,福井市指令生衛第20-1-177号,7/31/20,3/31/26
118,飲食店営業,その他,バー,ＢＡＲ　ＮＡＦ－ＮＡＦ,910-0023,福井市順化２丁目２０－２エルミオーレビル１Ｆ,0776-25-7233,福井市指令生衛第21-4-629号,1/25/22,4/30/27
119,飲食店営業,その他,バー,ＢＡＲ　ＮＥＲＥＳ　ＰＡＮＴＲＹ　ｓｅａｓｏｎⅡ,910-0023,福井市順化２丁目２２－３ＴＭビル１Ｆ　１０１,0776-43-9606,福井市指令生衛第23-4-558号,4/16/24,4/30/29
120,飲食店営業,その他,バー,ＢＡＲ　ＰＡＰＩＬＬＯＮ,910-0023,福井市順化１丁目１７－８勝ビル１階,0776-63-5989,福井市指令生衛第23-3-239号,10/26/23,3/31/29
121,飲食店営業,その他,バー,Ｂａｒ　ｐｒｉｍｏ,910-0023,福井市順化１丁目１５－９片町スカイパレスビル３０５,0776-26-8686,福井市指令生衛第23-3-250号,11/9/23,3/31/29
122,飲食店営業,その他,ＢＡＲ,ＢＡＲ　ＲＡＭＯＮＥ,910-0023,福井市順化１丁目１７－１５オリエンタル５　３階３０１号室,,福井市指令生衛第23-4-428号,1/10/24,3/31/29
123,飲食店営業,その他,バー,ＢＡＲ　ＲＥＰＬＡＹ,910-0023,福井市順化１丁目２４－１９郡ビル３Ｆ,0776-50-6281,福井市指令生衛第24-4-415号,2/3/25,3/31/30
124,飲食店,社交飲食,,Ｂａｒ　Ｒｏｍａｎｃｅ,910-0023,福井市順化２丁目１５－１９セイコービル　１０２,0776-43-0019,福井市指令生衛第19-1-491号,3/4/20,4/30/25
125,飲食店営業,その他,Ｂａｒ,Ｂａｒ　ｒｙｕｗａｎ,910-0023,福井市順化２丁目２１－４加賀ビル１Ｆ　Ｅ号室,,福井市指令生衛第21-3-200号,11/29/21,4/30/27
126,飲食店,社交飲食,,Ｂａｒ　Ｓａｎｃｔｕａｒｙ,910-0023,福井市順化１丁目１０―１５サエラビル３階３０２,0776-24-7807,福井市指令生衛第20-1-296号,11/2/20,3/31/26
127,飲食店営業,その他,バー,Ｂａｒ　ＳＯＭＥＤＡＹ,910-0023,福井市順化２丁目２０－１３シャンティ片町１Ｆ　１０２,0776-25-4554,福井市指令生衛第22-4-390号,3/1/23,4/30/28
128,飲食店営業,その他,バー,ｂａｒ　ｓｏｕｌ　ｋｉｔｃｈｅｎ,910-0023,福井市順化１丁目１８－８開明ビル１０１号,0776-29-7572,福井市指令生衛第22-4-377号,3/13/23,3/31/28
129,飲食店営業,その他,バー,Ｂａｒ　ＳＴＥＬＡ,910-0023,福井市順化１丁目１５－９片町スカイパレスビル２階２０１,,福井市指令生衛第23-3-402号,2/19/24,3/31/29
130,飲食店営業,その他,バー,ＢＡＲ　Ｕｍ　Ｃａｌｖｏ,910-0023,福井市順化２丁目７－１８三栄ビル５Ｆ西,,福井市指令生衛第22-3-198号,1/23/23,4/30/28
131,飲食店営業,その他,バー,ＢＡＲ　ＵＴａ,910-0023,福井市順化１丁目１２－４第１福ビル２Ｆ　２０１号室,,福井市指令生衛第22-4-376号,1/26/23,3/31/28
132,飲食店営業,その他,バー,Ｂａｒ　Ｗａｖｖｙ,910-0023,福井市順化１丁目２１－５エレガンテ片町２Ｆ２０１号室,,福井市指令生衛第23-3-31号,6/5/23,3/31/29
133,飲食店営業,その他,Ｂａｒ,Ｂａｒ　Ｙ’,910-0023,福井市順化１丁目１２－１２シャングリラビル１Ｆ,0776-29-1830,福井市指令生衛第24-4-414号,2/4/25,3/31/30
134,飲食店営業,その他,バー,ＢＡＲ　しゅみじん,910-0023,福井市順化１丁目１８－７Ａｙｕビル３階　南側,0776-65-6813,福井市指令生衛第21-3-268号,1/27/22,3/31/27
135,飲食店営業,その他,バー,Ｂａｒ　たらふく,910-0023,福井市順化２丁目２６－２４なかやビル１Ｆ奥,,福井市指令生衛第23-3-101号,6/29/23,4/30/29
136,飲食店営業,その他,ＢＡＲ,ＢＡＲ　デジャブ,910-0023,福井市順化１丁目１４－２４ホワイトハウスビル　１Ｆ　１０１号,,福井市指令生衛第24-3-319号,11/28/24,3/31/30
137,飲食店,社交飲食,,Ｂａｒ　レッツゴーヤング,910-0023,福井市順化１丁目１０－９ドリームタウン２Ｆ,,福井市指令生衛第20-1-139号,8/31/20,3/31/26
138,飲食店営業,その他,バー,ＢＡＲ　寄安屋,910-0023,福井市順化１丁目１５－９スカイパレス　２Ｆ　２０６,0776-25-1999,福井市指令生衛第22-4-349号,12/16/22,3/31/28
139,飲食店営業,その他,ＢＡＲ,ＢＡＲ　九龍,910-0023,福井市順化１丁目１５－４リトルプラザ４Ｆ,0776-25-6292,福井市指令生衛第23-4-419号,1/9/24,3/31/29
140,飲食店,社交飲食,,ＢＡＲ　空（ＳＯＲＡ）,910-0023,福井市順化１丁目１９―１５片町ロフトビル地下１階,0776-28-5534,福井市指令生衛第20-2-889号,3/24/21,3/31/26
141,飲食店営業,その他,ＢＡＲ,ＢＡＲ　堀川,910-0006,福井市中央１丁目６－４東ビル２Ｆ,0776-21-3824,福井市指令生衛第22-3-3号,4/6/22,11/30/27
142,飲食店営業,その他,Ｂａｒ,Ｂａｒ「妖かし」,910-0023,福井市順化１丁目１４－２２桑の実会館ビル　Ｂ１　奥,0776-22-8848,福井市指令生衛第24-4-359号,1/23/25,3/31/30
143,飲食店,社交飲食,,ＢＡＲＯＮ,910-0023,福井市順化２丁目２０－１１１階,,福井市指令生衛第20-1-481号,3/29/21,4/30/26
144,飲食店,社交飲食,,ＢＡＲＯＮ　Ｓ,910-0023,福井市順化２丁目２０－１１２階,,福井市指令生衛第20-1-480号,3/29/21,4/30/26
145,飲食店,食堂,,ｂｅａｃｈ　ｃａｆｅ　ｈａｕｏｌｉ,910-3377,福井市浜住町１―３,,福井市指令生衛第20-2-228号,7/15/20,7/31/25
146,アイスクリーム類製造業,一般,,ｂｅａｃｈ　ｃａｆｅ　ｈａｕｏｌｉ,910-3377,福井市浜住町１―３,,福井市指令生衛第20-2-229号,7/15/20,7/31/25
147,飲食店営業,その他,バー,ｂｅｅｒ　ｂａｒ　ｅｎ,910-0023,福井市順化１丁目１０－９ドリームタウンビル２Ｆ２０４,,福井市指令生衛第22-3-336号,2/6/23,3/31/28
148,飲食店営業,その他,ビアバー,Ｂｅｅｒ　Ｓｔａｎｄ　Ｐｉｖｏ,910-0023,福井市順化２丁目７－１２,,福井市指令生衛第23-3-54号,6/2/23,4/30/29
149,飲食店営業,その他,スナック,Ｂｅｌｌｅ　ｖｉｅ,910-0023,福井市順化１丁目１６－１８片町ステーションビル４階,0776-28-6001,福井市指令生衛第21-4-656号,2/9/22,3/31/27
150,菓子製造業,菓子製造業,,Ｂｅｒｃｅａｕ,910-0138,福井市東森田３丁目１８１５,0776-76-0497,福井市指令生衛第23-4-76号,6/15/23,9/30/28
151,飲食店営業,一般食堂・レストラン等,カフェ,Ｂｅｒｃｅａｕ,910-0138,福井市東森田３丁目１８１５,0776-76-0497,福井市指令生衛第23-4-77号,6/15/23,9/30/28
152,飲食店,社交飲食,,ＢｅＲｅＴＴａ,910-0023,福井市順化２丁目２０－１３シャンティ片町１Ｆ,0776-28-2811,福井市指令生衛第20-1-84号,5/25/20,4/30/26
153,飲食店営業,その他,バー,Ｂｉａｎ,910-0023,福井市順化１丁目１４－２１アルバビル５Ｆ,,福井市指令生衛第21-3-287号,2/7/22,3/31/27
154,飲食店,社交飲食,,ＢＩＲＴＨ,910-0023,福井市順化１丁目１４―２１ＡＬＢＡビル　１Ｆ,0776-25-2234,福井市指令生衛第20-2-857号,2/18/21,3/31/26
155,飲食店営業,一般食堂・レストラン等,レストラン,Ｂｉｓｔｒｏ　Ｐｌｅｉｎ　ｄｅ　ｒｉｒｅ,910-0804,福井市高木中央３丁目１９０６ピースヴィレッジ１Ｆ　Ａ号室,,福井市指令生衛第23-3-161号,9/14/23,12/31/28
156,飲食店営業,その他,クレープ屋（テイクアウト）,ｂｌｉｓｓ　Ｙｕｋｉｋｏ,910-0125,福井市石盛２丁目２００５,,福井市指令生衛第22-3-264号,12/12/22,9/30/28
157,飲食店営業,その他,テイクアウト店,ＢＬＵｅ　Ｂｅｅ,910-0837,福井市高柳２丁目１２０６トレタス内,,福井市指令生衛第23-3-487号,4/10/24,12/31/30
158,菓子製造業,菓子製造業,,ＢＬＵｅ　Ｂｅｅ,910-0837,福井市高柳２丁目１２０６トレタス内,,福井市指令生衛第23-3-488号,4/10/24,12/31/30
159,飲食店,食堂,,Ｂｌｕｅ Ｌｉｇｈｔ Ｃａｆé,910-0006,福井市中央３丁目３－１２,0776-23-3700,福井市指令生衛第20-1-45号,4/30/20,11/30/25
160,飲食店営業,一般食堂・レストラン等,カフェ,ＢＬＵＥ　ＳＴＯＣＫＩＮＧ,9108582,福井市中央１丁目８－１西武福井店　８Ｆ,,福井市指令生衛第21-3-45号,7/19/21,11/30/26
161,菓子製造業,菓子製造業,カフェ,ＢＬＵＥ　ＳＴＯＣＫＩＮＧ,9108582,福井市中央１丁目８－１西武福井店　８Ｆ,,福井市指令生衛第21-3-46号,7/19/21,11/30/26
162,飲食店営業,その他,ビアバー,Ｂｏｃｈｉ　Ｂｏｃｈｉ,910-0017,福井市文京１丁目４５－２１,,福井市指令生衛第23-3-186号,10/6/23,1/31/29
163,喫茶店,純喫茶,,ＢＯＮ　ＣＯＦＦＥＥ　―beans store―,918-8104,福井市板垣５丁目１２１２,0776-65-2303,福井市指令生衛第20-1-219号,9/9/20,10/31/25
164,菓子製造業,菓子製造業,,Ｂｏｎｂｏｎｓ　ｄｏｕｘ,918-8055,福井市若杉３丁目１４０８,,福井市指令生衛第21-3-166号,11/1/21,5/31/27
165,飲食店営業,一般食堂・レストラン等,学食,ＢＯＮＴＡ　Ｗ　福井医療大学店,910-3113,福井市江上町５５－１３－１福井医療大学内食堂,,福井市指令生衛第23-4-61号,6/8/23,7/31/29
166,飲食店営業,その他,喫茶店,Ｂ－ＰＯＲＴ,910-0015,福井市二の宮４丁目４－８,0776-21-0083,福井市指令生衛第22-4-227号,11/2/22,1/31/28
167,菓子製造業,一般,,ＢＲＥＡＤ　ＧＡＲＤＥＮ　クローバー,918-8104,福井市板垣２丁目４１４,0776-36-9680,福井市指令生衛第20-2-430号,9/17/20,10/31/26
168,飲食店,仕出し弁当,,ＢＲＥＡＤ　ＧＡＲＤＥＮ　クローバー,918-8104,福井市板垣２丁目４１４,0776-36-9680,福井市指令生衛第20-2-429号,9/17/20,10/31/26
169,飲食店営業,その他,パブ,ＢＲＩＴＩＳＨ　ＣＡＦＥ＆ＰＵＢ　ＯＸＯ福井駅前店,910-0006,福井市中央１丁目１０－１,0776-28-0211,福井市指令生衛第24-3-68号,6/3/24,11/30/29
170,飲食店,軽食,,ＢＵＤＡ・ＦＯＲＵＴＥ,910-0026,福井市光陽４丁目３－３１ツインクル谷内,0776-43-6951,福井市指令生衛第20-1-207号,9/9/20,2/28/26
171,飲食店営業,その他,バー,ＢＵＺＺ,910-0023,福井市順化１丁目１７－１１ウエノビル２Ｆ東,,福井市指令生衛第23-3-275号,12/15/23,3/31/29
172,飲食店営業,その他,喫茶店,Ｃ＆Ｃ,910-0017,福井市文京２丁目９－１松原病院　新館,,福井市指令生衛第23-4-354号,12/12/23,2/28/29
173,そうざい製造業,そうざい製造業,,Ｃ＆Ｃサービス,910-0017,福井市文京２丁目９－１松原病院　西棟,0776-22-3717,福井市指令生衛第22-3-395号,3/20/23,2/28/29
174,飲食店営業,その他,喫茶店,Ｃ＆Ｃサービス,910-0017,福井市文京２丁目９－１松原病院　西棟,0776-22-3717,福井市指令生衛第23-4-355号,12/12/23,2/28/29
175,飲食店,社交飲食,,Ｃ☆ｃｏｌｌｅｃｔｉｏｎ,910-0023,福井市順化１丁目７―５片町α１ビル４Ｆ,0776-27-5137,福井市指令生衛第20-2-906号,2/18/21,3/31/26
176,そうざい製造業,一般,,Ｃａｄｒｅ,910-0804,福井市高木中央１丁目２６０１,0776-50-6177,福井市指令生衛第20-1-22号,4/20/20,12/31/26
177,菓子製造業,一般,,Ｃａｄｒｅ,910-0804,福井市高木中央１丁目２６０１,0776-50-6177,福井市指令生衛第20-1-27号,4/20/20,12/31/26
178,飲食店営業,その他,喫茶店,Ｃａｆｅ　ＣｏＣｏｔｔｅ,910-0006,福井市中央１丁目１４－４,0776-25-3302,福井市指令生衛第22-4-215号,10/27/22,11/30/27
179,飲食店営業,その他,カフェ,ｃａｆｅ　ｄｅ　ｍｕｓｅｅ　ＰＡＰＯＴＥＲ　美術館カフェ　パポテ,910-0017,福井市文京３丁目１６－１福井県立美術館,,福井市指令生衛第24-3-17号,4/15/24,2/28/30
180,飲食店営業,その他,喫茶店,ｃａｆｅ　ｎｏｔｅｓ,918-8015,福井市花堂南１丁目９－１６,0776-33-1880,福井市指令生衛第23-4-167号,8/8/23,10/31/28
181,飲食店営業,その他,カフェ,ｃａｆｅ　ｐａｎｓｅ,910-0837,福井市高柳２丁目１６０８,0776-52-2773,福井市指令生衛第21-4-461号,11/16/21,12/31/26
182,菓子製造業,菓子製造業,,ｃａｆｅ　おぶう,918-8055,福井市若杉４丁目２０６,0776-35-6950,福井市指令生衛第22-4-465号,3/15/23,5/31/28
183,そうざい製造業,そうざい製造業,,ｃａｆｅ　おぶう,918-8055,福井市若杉４丁目２０６,0776-35-6950,福井市指令生衛第22-3-365号,3/15/23,5/31/28
184,飲食店営業,その他,喫茶,ｃａｆｅ　おぶう,918-8055,福井市若杉４丁目２０６,0776-35-6950,福井市指令生衛第23-4-470号,4/10/24,5/31/29
185,飲食店営業,その他,カフェ,ｃａｆｅ　はな,910-0006,福井市中央１丁目１６－８マルヒラビル１Ｆ,,福井市指令生衛第24-4-181号,9/12/24,11/30/29
186,飲食店,軽食,,ｃａｆｅ　りんく,918-8108,福井市春日２丁目２－４,0776-92-0190,福井市指令生衛第21-1-40号,5/7/21,10/31/26
187,菓子製造業,一般,,ｃａｆｅ　りんく,918-8108,福井市春日２丁目２－４,0776-92-0190,福井市指令生衛第21-1-52号,5/17/21,10/31/26
188,飲食店営業,その他,喫茶,Ｃａｆｅ　リンデン,910-0005,福井市大手２丁目８－８,0776-21-7355,福井市指令生衛第23-3-448号,3/5/24,11/30/29
189,飲食店営業,その他,カフェ,ＣＡＦＥ　手の花,910-2464,福井市中手町１７－２１,0776-93-2421,福井市指令生衛第23-4-435号,3/18/24,8/31/29
190,飲食店営業,その他,喫茶店,Ｃａｆｅ＆Ｂａｒ　ＦＲＡＣＴＡＬ,910-3383,福井市糸崎町２－４－１１,,福井市指令生衛第23-3-290号,12/19/23,7/31/29
191,飲食店営業,その他,バー,ｃａｆｅ＆ｂａｒ　ＮＡＢＯ,910-0023,福井市順化１丁目１７－２３サンロイヤルビル２Ｆ　２０１,,福井市指令生衛第23-4-404号,1/25/24,3/31/29
192,飲食店営業,その他,カラオケ喫茶店,ｃａｆｅ＆Ｌａｕｎｇｅ　ＭＡＩ,918-8011,福井市月見３丁目２－２８,0776-63-5736,福井市指令生衛第21-4-270号,8/24/21,10/31/26
193,飲食店営業,その他,カフェラウンジ,ＣＡＦＥ＆ＬＯＵＮＧＥ　ＯＡＳＩＳ　福井店,910-0006,福井市中央１丁目１８－１ドーミーインＰＲＥＭＩＵＭ福井１階,0776-21-5489,福井市指令生衛第23-3-62号,5/31/23,11/30/28
194,飲食店営業,その他,喫茶店,Ｃａｆｅ’　萌え木,910-0804,福井市高木中央２丁目２９０１－１,0776-53-2545,福井市指令生衛第23-4-255号,10/6/23,12/31/28
195,飲食店,軽食,,ｃａｆｅ’３８,910-0837,福井市高柳２丁目810,0776-50-1610,福井市指令生衛第20-2-584号,12/17/20,12/31/25
196,菓子製造業,菓子製造業,,ＣＡＫＥ　ＡＴＥＬＩＥＲ　ＣＨＩＨＩＲＯ,910-0015,福井市二の宮３丁目１３－２３,0776-21-1016,福井市指令生衛第22-4-223号,10/20/22,1/31/28
197,飲食店営業,その他,スナック,ＣＡＭＥＬＬＩＡ,910-0023,福井市順化１丁目７－９バレービル２Ｂ,0776-28-6125,福井市指令生衛第22-4-378号,1/17/23,3/31/28
198,飲食店営業,一般食堂・レストラン等,カフェレストラン,ＣＡＲＡＭＯＮ,910-2151,福井市安波賀中島町８－１０,,福井市指令生衛第22-3-184号,9/28/22,8/31/29
199,菓子製造業,菓子製造業,,ＣＡＲＡＭＯＮ,910-2151,福井市安波賀中島町８－１０,,福井市指令生衛第22-3-185号,9/28/22,8/31/29
200,飲食店営業,その他,ラウンジ業,Ｃａｒｎｅｔ　Ｌａ　Ｍｉｅｕｘ,910-0023,福井市順化２丁目１２－１９プラチナビル２０１号室,0776-25-1025,福井市指令生衛第21-3-158号,10/18/21,4/30/27
201,飲食店,社交飲食,,Ｃａｓａ,910-0006,福井市中央１丁目２１－３９ブラボビル２Ｆ,,福井市指令生衛第20-1-215号,9/9/20,11/30/25
202,飲食店営業,その他,喫茶洋食,Ｃａｖａ？　ヒトトナリ,910-0804,福井市高木中央２丁目２５０５,0776-37-3818,福井市指令生衛第21-4-439号,10/26/21,12/31/26
203,飲食店営業,その他,カフェ,ＣＢＤ　１　Ｃａｆｅ,918-8014,福井市花堂中２丁目２６－２６,0776-63-6648,福井市指令生衛第21-3-313号,4/26/22,10/31/27
204,飲食店営業,一般食堂・レストラン等,レストラン,changérer,910-3131,福井市白方町２－２２,0776-97-9871,福井市指令生衛第22-3-399号,4/11/23,7/31/28
205,菓子製造業,菓子製造業,,changérer,910-3131,福井市白方町２－２２,0776-97-9871,福井市指令生衛第23-3-399号,3/8/24,7/31/29
206,飲食店営業,その他,定食屋,Ｃｈａｎｏｍａ,910-0833,福井市新保１丁目１４０２,0776-53-0721,福井市指令生衛第23-4-318号,11/7/23,12/31/28
207,飲食店営業,その他,カフェ,ｃｈａｒｃｏａｌ,918-8182,福井市浅水二日町１３２－２,0776-89-1865,福井市指令生衛第24-3-70号,5/14/24,10/31/29
208,乳製品製造業,乳製品製造業,,Ｃｈｅｅ　Ｂｏ,918-8026,福井市渕４丁目１５３６,0776-34-2021,福井市指令生衛第21-4-749号,3/9/22,5/31/28
209,乳製品製造業,乳製品製造業,,ＣＨＥＥＳＥ　ＩＴＡＬＩＡ,910-0851,福井市米松１丁目５－３２,,福井市指令生衛第23-3-252号,11/10/23,7/31/29
210,飲食店営業,その他,喫茶店,Ｃｈｅｒ,910-0029,福井市日光２丁目１－８日光レジデンス１階,0776-23-3937,福井市指令生衛第24-4-350号,1/14/25,2/28/30
211,飲食店営業,その他,カラオケ,ＣＨＥＲＩＥ,910-0034,福井市菅谷２丁目１０－２２,,福井市指令生衛第24-3-32号,4/23/24,2/28/30
212,飲食店,社交飲食,,ｃｈｉｋａｂａ,910-0023,福井市順化１丁目２１－５エレガンテ片町２階　２０６号室,,福井市指令生衛第20-1-471号,3/19/21,3/31/26
213,飲食店営業,一般食堂・レストラン等,中華料理店,Ｃｈｉｎａ　ｃａｆｅ　ＦＵＮ,910-0016,福井市大宮４丁目１４－１８ストリート大宮ビル　１０５号,0776-50-3910,福井市指令生衛第21-3-251号,2/18/22,2/28/27
214,菓子製造業,パン,パン屋,ｃｈｏｐ　ｕｐ　ｃｒｕｓｔ,910-0855,福井市西方１丁目１－８,0776-28-6228,福井市指令生衛第21-3-66号,8/3/21,7/31/27
215,菓子製造業,パン,,ｃｈｏｐ　ｕｐ　ｃｒｕｓｔ,910-0855,福井市西方１丁目１－８,0776-28-6228,福井市指令生衛第22-3-303号,1/25/23,7/31/28
216,菓子製造業,菓子製造業,,ｃｈｏｕｃｈｏｕ,910-0804,福井市高木中央３丁目１００１１Ｆ,0776-52-5848,福井市指令生衛第23-4-254号,10/5/23,12/31/28
217,アイスクリーム類製造業,アイスクリーム類製造業,,ｃｈｏｕｃｈｏｕ,910-0804,福井市高木中央３丁目１００１１Ｆ,0776-52-5848,福井市指令生衛第23-3-222号,10/6/23,12/31/28
218,飲食店営業,その他,軽食店,Ｃｉｅｌｏ,918-8203,福井市上北野１丁目２５－１,0776-52-0707,福井市指令生衛第22-4-61号,6/8/22,7/31/27
219,飲食店,社交飲食,,Ｃｉｎｅｍａ　Ｂａｒ　ＴＨＥ　ＹＯＳＨＩＲＯ,910-0023,福井市順化１丁目１４－１３亜米利館ビル３階３０２号室,,福井市指令生衛第19-1-371号,12/2/19,3/31/25
220,飲食店営業,その他,Ｂａｒ,ｃｉｒｃｕｓ,910-0023,福井市順化２丁目１５－１９セイコービル　４階　４０３号,,福井市指令生衛第23-3-253号,11/9/23,4/30/29
221,菓子製造業,菓子製造業,,ＣＬＯＣＨＥＴＴＥ 　ＢＡＫＥ,918-8052,福井市明里町１０－２６グランドシティ足羽１階ｔｅｎａｎｔＣ,,福井市指令生衛第23-3-304号,4/25/24,10/31/30
222,飲食店営業,その他,ラウンジ,Ｃｌｕｂ　ａｖａｎｔ,910-0023,福井市順化１丁目１７－９ビッグラウンドビル４Ｆ,,福井市指令生衛第22-3-62号,7/13/22,3/31/28
223,飲食店営業,その他,スナック,ｃｌｕｂ　ｂｉｓｓｅｒ,910-0023,福井市順化２丁目１２－１３天谷ビル２Ｆ,0776-27-0068,福井市指令生衛第21-4-722号,2/22/22,4/30/27
224,飲食店,社交飲食,,ＣＬＵＢ　ＢＴＥＲＡＣＥ,910-0023,福井市順化１丁目１８－７Ａｙｕビル1Ｆ,0776-97-5562,福井市指令生衛第19-1-276号,10/16/19,3/31/25
225,飲食店営業,その他,キャバクラ,Ｃｌｕｂ　Ｄｉｏｓ,910-0023,福井市順化２丁目１３－１４ＣＯＰＡビル　５階ＴＹＰＥ－Ｆ,,福井市指令生衛第22-3-63号,6/3/22,4/30/28
226,飲食店営業,その他,キャバクラ,Ｃｌｕｂ　Ｆｉｒｓｔ,910-0023,福井市順化２丁目１３－１４ＣＯＰＡビル　２階　Ａ号室,,福井市指令生衛第22-3-348号,3/2/23,4/30/28
227,飲食店営業,その他,クラブ,Ｃｌｕｂ　ｆｌｏｗｅｒ,910-0005,福井市大手２丁目６－１大手ビル２階,0776-23-1653,福井市指令生衛第24-4-187号,11/1/24,11/30/29
228,飲食店営業,その他,ラウンジ,ＣＬＵＢ　Ｋａｉ,910-0023,福井市順化２丁目１３－１４ＣＯＰＡビル　Ｂ１階　ＴＹＰＥ－Ｄ,0776-25-1202,福井市指令生衛第21-4-813号,4/8/22,4/30/27
229,飲食店,社交飲食,,ＣＬＵＢ　ＮＡＧＩＳＡ,910-0023,福井市順化２丁目２０－１３友邦ビル４階　４０１号室,,福井市指令生衛第21-1-33号,5/10/21,4/30/27
230,飲食店営業,その他,キャバクラ,ＣＬＵＢ　ＲＥＧＩＮＡ,910-0023,福井市順化２丁目１３－１４ＣＯＰＡビル３階Ｂ・Ｃ号室,,福井市指令生衛第23-3-295号,12/26/23,4/30/29
231,飲食店営業,その他,スナック,ＣＬＵＢ　ＲＯＣＨＥＲ,910-0023,福井市順化２丁目１２－１ＫＴ９ビル　３Ｆ　３Ａ号室,0776-43-0234,福井市指令生衛第22-3-210号,10/3/22,4/30/29
232,飲食店営業,その他,ラウンジ,ＣＬＵＢ　ＲＯＣＨＥＲ　ｄｅｕｘ,910-0023,福井市順化２丁目１２－１ＫＴ９ビル　３Ｆ　Ｃ号室,08-6363-6570,福井市指令生衛第23-3-353号,2/1/24,4/30/29
233,飲食店営業,その他,クラブ,Ｃｌｕｂ　ｓｏｉｒｅｅ,910-0023,福井市順化２丁目１２－１４プリンス４０２,,福井市指令生衛第22-3-43号,5/13/22,4/30/28
234,飲食店営業,その他,ナイトクラブ,Ｃｌｕｂ　ＳＯＵＬ’Ｓ,910-0023,福井市順化２丁目１３－１４片町ＣＯＰＡビル１階　ＴＹＰＥ－Ａ,0776-24-8826,福井市指令生衛第23-4-509号,2/8/24,4/30/29
235,飲食店,社交飲食,,ｃｌｕｂ　ゆず,910-0023,福井市順化１丁目７―９片町バレービル１Ｆ,0776-50-2379,福井市指令生衛第20-2-909号,2/18/21,3/31/26
236,飲食店営業,その他,ラウンジ,ｃｌｕｂ　奏鳴曲,910-0023,福井市順化２丁目１５－１９セイコービル４０１、４０２,0776-97-6737,福井市指令生衛第23-4-567号,3/19/24,4/30/29
237,飲食店営業,その他,飲食業クラブ,ＣＬＵＢ　蒼,910-0023,福井市順化１丁目１７－１２ベルトピア片町１階１０１号室,0776-37-3073,福井市指令生衛第23-3-267号,12/11/23,3/31/29
238,飲食店営業,その他,クラブ,ＣＬＵＢ　蒼,910-0023,福井市順化１丁目１７－１２ベルトピア片町１階１０１号室,0776-37-3073,福井市指令生衛第24-3-39号,4/26/24,3/31/30
239,菓子製造業,一般,,ＣＬＵＢ　蓮　ＲＥＮ,910-0023,福井市順化２丁目２０－２０　１階,0776-27-6100,福井市指令生衛第20-1-283号,10/27/20,4/30/26
240,飲食店営業,その他,ラウンジ,ＣＬＵＢ　蓮　ＲＥＮ,910-0023,福井市順化２丁目２０－２０　１階,0776-27-6100,福井市指令生衛第23-4-471号,2/15/24,4/30/29
241,飲食店営業,その他,ワッフル屋,ｃｏｃｃｏｙａ　南四ツ居店,918-8204,福井市南四ツ居１丁目１１－３業務スーパー敷地内,,福井市指令生衛第22-3-18号,4/26/22,7/31/27
242,飲食店営業,その他,軽食喫茶,ＣＯＣＯ,918-8005,福井市みのり４丁目６－７,0776-36-9661,福井市指令生衛第23-4-147号,8/10/23,10/31/28
243,飲食店営業,その他,スナック,ＣＯＣＯＲＯ,918-8015,福井市花堂南１丁目５－３０ナカノビル　１Ｆ　１０２,0776-35-8500,福井市指令生衛第24-4-114号,8/6/24,10/31/29
244,飲食店,食堂,,ＣoＣoラボ・やわらぎ,918-8135,福井市下六条町２１７－４,0776-41-4160,福井市指令生衛第20-2-135号,6/26/20,8/31/26
245,菓子製造業,菓子製造業,,ＣoＣoラボ・やわらぎ,918-8135,福井市下六条町２１７－４,0776-41-4160,福井市指令生衛第23-3-248号,11/10/23,8/31/30
246,そうざい製造業,そうざい製造業,,ＣoＣoラボ・やわらぎ,918-8135,福井市下六条町２１７－４,0776-41-4060,福井市指令生衛第24-3-280号,10/15/24,8/31/31
247,飲食店営業,その他,バー,Ｃｏｃｔａｉｌｓ　＆　Ｄｒｅａｍ　ＢＡＣＣＨＵＳ,910-0023,福井市順化１丁目１７－１０片町プルミエビル１Ｆ,0776-25-5814,福井市指令生衛第21-4-652号,2/8/22,3/31/27
248,飲食店,社交飲食,,ＣＯＮＣＥＰＴＢＡＲＭＡＶＥＲＩＣＫ,910-0023,福井市順化２丁目６－１７フォレスト片町　２階　２０１号,0776-43-9340,福井市指令生衛第21-1-2号,4/7/21,4/30/26
249,菓子製造業,一般,,Ｃｏｏｋｉｅｓ　ｆａｃｔｏｒｙ　Ｇｅｍｉｎｉ,918-8207,福井市円山１丁目９０８,,福井市指令生衛第19-1-421号,1/15/20,7/31/25
250,飲食店,社交飲食,,Ｃｒａｆｔ,910-0019,福井市春山１丁目７－１２エレガント春山テナント１Ｆ,0776-26-0818,福井市指令生衛第20-1-262号,10/7/20,4/30/26
251,飲食店,社交飲食,,Ｃｒｅｍｅ,910-0023,福井市順化１丁目２―１２メトロ会館２Ｆ,0776-28-3928,福井市指令生衛第20-2-892号,2/18/21,3/31/26
252,飲食店営業,その他,クレープ店,ＣＲＥＰＥ　ＤＥ　ＧＩＲＡＦＥ,918-8104,福井市板垣５丁目１００９,0776-97-5707,福井市指令生衛第24-4-126号,7/30/24,10/31/29
253,菓子製造業,菓子製造業,,ＣＲＥＰＥ　ＤＥ　ＧＩＲＡＦＥ,918-8104,福井市板垣５丁目１００９,0776-97-5707,福井市指令生衛第24-4-127号,7/30/24,10/31/29
254,飲食店営業,その他,小売、カフェ,ＣＲＯＰ　ＨＯＵＳＥ,910-0014,福井市幾久町６－１０,0776-58-3980,福井市指令生衛第23-4-452号,1/19/24,1/31/29
255,飲食店営業,その他,スナック,Ｃｒｙｓｔａｌ,910-0023,福井市順化１丁目１７－９ビッググラウンドビル４Ｆ,,福井市指令生衛第24-3-172号,8/2/24,3/31/30
256,飲食店営業,その他,カフェ,ＣＴＳ（シータス）,910-0024,福井市照手１丁目１０－２０,,福井市指令生衛第22-3-28号,4/27/22,4/30/27
257,飲食店営業,その他,カフェ,ＤＡＹ　ＳＰＡ・Ｖｉｔａ,918-8112,福井市下馬２丁目２３１３－１,0776-36-3230,福井市指令生衛第24-4-164号,8/8/24,10/31/29
258,飲食店営業,その他,スナック,Ｄｉａｍｏｎｄ,910-0023,福井市順化１丁目１７－７プランタン片町ビル４ＦＡ号室,0776-25-0339,福井市指令生衛第21-4-653号,1/26/22,3/31/27
259,飲食店営業,その他,ダイニングバー,Ｄｉｎｉｎｇ　☆　Ｂａｒ　Ｆｌａｐｐｅｒ,910-0807,福井市高木北１丁目１０１４,0776-53-2958,福井市指令生衛第23-4-302号,10/24/23,12/31/28
260,飲食店,社交飲食,,Ｄｉｎｉｎｇ　Ｂａｒ　Ｓａｆａｒｉ,910-0005,福井市大手２丁目５―１４湯浅ビル２Ｆ,0776-27-0757,福井市指令生衛第20-1-367号,12/11/20,11/30/26
261,飲食店営業,その他,カフェ,Ｄｏｇ　Ｐａｒｋ　ＯＣＥＡＮ’Ｓ（ドッグパーク・オーシャンズ）,910-3551,福井市大味町１９,,福井市指令生衛第23-3-128号,7/27/23,7/31/28
262,飲食店営業,その他,ホットドック専門店,Ｄｏｇｓ,910-0005,福井市大手２丁目２－８１Ｆ,,福井市指令生衛第23-3-69号,6/5/23,11/30/28
263,飲食店,食堂,,Ｄｏｌｃｅ　Ｖｉｔａ,910-3523,福井市武周町１０－１３,,福井市指令生衛第19-1-229号,9/18/19,7/31/25
264,飲食店営業,その他,バー,ＤＵＦＦＴＯＷＮ,910-0023,福井市順化１丁目１０－３寿々屋第２ビル２Ｆ,0776-30-1171,福井市指令生衛第22-4-362号,1/10/23,3/31/28
265,飲食店営業,一般食堂・レストラン等,レストランバー,ｅ．ｊｉｒｕとｋ,910-0023,"福井市順化１丁目１７－５キムラビル４,５Ｆ",0776-27-7202,福井市指令生衛第24-4-374号,2/4/25,3/31/30
266,そうざい製造業,そうざい製造業,,ｅ．ｊｉｒｕとｋ,910-0023,"福井市順化１丁目１７－５キムラビル４,５Ｆ",0776-27-7202,福井市指令生衛第24-4-375号,2/4/25,3/31/30
267,飲食店営業,その他,カフェ,Ｅ．カフェ,918-8172,福井市末広町１５－８－５,0776-38-3374,福井市指令生衛第21-4-272号,8/18/21,10/31/27
268,菓子製造業,菓子製造業,,Ｅ．カフェ,918-8172,福井市末広町１５－８－５,0776-38-3374,福井市指令生衛第24-4-166号,8/29/24,10/31/29
269,飲食店営業,一般食堂・レストラン等,ブッフェレストラン,ＥＡＲＴＨ　ＤＩＮＩＮＧ　ＳＵＮ　ＢＥＡＭＳ,910-2222,福井市市波町３８－２ルポの森本館１階,0776-96-7071,福井市指令生衛第21-3-325号,4/8/22,8/31/27
270,飲食店営業,その他,ラウンジ,ＥＡＳＴ,910-0023,福井市順化１丁目１５－９スカイパレスビル１Ｆ１０３,,福井市指令生衛第24-4-412号,2/6/25,3/31/30
271,飲食店営業,その他,ダイニングバー,ｅｃｌａｔ,910-0005,福井市大手３丁目８－１０,0776-50-6574,福井市指令生衛第22-3-410号,4/14/23,11/30/28
272,飲食店営業,その他,喫茶店,ＥＥＧＬＥ,910-0804,福井市高木中央２丁目２８０６,0776-53-0706,福井市指令生衛第23-4-241号,10/31/23,12/31/28
273,飲食店営業,その他,ＢＡＲ,ＥＩＧＨＴ,910-0023,福井市順化２丁目８－１４パークサイドタワービル８Ｆ,0776-97-8889,福井市指令生衛第24-4-447号,2/10/25,4/30/30
274,飲食店営業,その他,バー,Ｅｍｍｉ,910-0023,福井市順化１丁目７－８エドモンド片町ビル２Ｂ,,福井市指令生衛第22-3-229号,10/31/22,3/31/28
275,飲食店営業,その他,カラオケ喫茶,ｅｎ,918-8005,福井市みのり４丁目４－１４,,福井市指令生衛第23-3-218号,10/16/23,10/31/28
276,飲食店営業,その他,居酒屋,ｅｎｔａｋｕ,910-0804,福井市高木中央２丁目４１０９レジデンスＭＡＫＩ　１階西側,,福井市指令生衛第24-3-354号,2/4/25,12/31/30
277,菓子製造業,一般,,Ｅｎｚｏ　Ｃｏｆｆｅｅ,918-8023,福井市西谷１丁目１５２０,0776-33-5400,福井市指令生衛第20-1-87号,5/29/20,5/31/25
278,飲食店営業,その他,カフェ,Ｅｎｚｏ　Ｃｏｆｆｅｅ,918-8023,福井市西谷１丁目１５２０,0776-33-5400,福井市指令生衛第22-4-2号,4/20/22,5/31/27
279,飲食店営業,その他,バー,Ｅｓｐｅｒｔｏ,918-8014,福井市花堂中１丁目７－１５Ｍビル１Ｆ,0776-76-4158,福井市指令生衛第22-4-174号,10/4/22,10/31/27
280,飲食店,社交飲食,,ＥＳＰＯＩＲ,910-0023,福井市順化１丁目１５－１ＫＩＨＡＴＣＨＩⅠ ３Ｆ Ａ,0776-97-5704,福井市指令生衛第19-1-364号,12/2/19,3/31/25
281,飲食店営業,その他,スナック、ラウンジ,Ｅｔｏｉｌｅ,910-0023,福井市順化２丁目２０－１７セレクトシティ片町５Ｆ,,福井市指令生衛第23-3-277号,12/18/23,4/30/29
282,飲食店営業,その他,カフェ,ｅｖｅｒｙｍｏｍｅｎｔ,918-8005,福井市みのり２丁目４－１５１Ｆ,0776-76-7389,福井市指令生衛第22-3-358号,2/20/23,10/31/28
283,そうざい製造業,そうざい製造業,,ＥＶＰ福井店　ＣＯＣＯランチ,918-8237,福井市和田東２丁目３０２,0776-58-2701,福井市指令生衛第24-3-323号,11/28/24,7/31/31
284,飲食店営業,その他,バー,ｆａｍ,918-8239,福井市成和２丁目９０２ロインジオ１階東,,福井市指令生衛第22-3-105号,7/11/22,7/31/27
285,飲食店営業,その他,ＢＡＲ,Ｆａｍｉｌｙ　ＢＡＲ　ＤＡＮＮＥ,910-0023,福井市順化２丁目１９－１２森ビル　２Ｆ　ＢＣ号室,,福井市指令生衛第22-3-95号,7/4/22,4/30/28
286,飲食店,軽食,,ＦＡＮ’ｓ　Ｋｉｔｃｈｅｎ,910-3404,福井市大丹生町７０－１－６,0776-65-3157,福井市指令生衛第19-1-177号,8/13/19,7/31/25
287,飲食店,食堂,,ＦＢＣ福井放送社員食堂,910-0836,福井市大和田２丁目510ＦＢＣ１階,,福井市指令生衛第20-2-668号,11/26/20,12/31/26
288,菓子製造業,菓子製造業,,Ｆｉｎｅ,910-0019,福井市春山２丁目３－４サカエビル３０２,,福井市指令生衛第23-3-241号,11/17/23,4/30/29
289,飲食店営業,その他,カフェ,Ｆｉｎｇｅｒ　Ｆｏｏｄ,910-0006,福井市中央１丁目１６－３,,福井市指令生衛第23-3-403号,3/7/24,11/30/29
290,飲食店,軽食,,ｆｌｏｒ　ｆｌｏｒ　光陽店,910-0026,福井市光陽２丁目５－５,,福井市指令生衛第20-1-55号,5/8/20,2/28/26
291,飲食店,社交飲食,,ＦＬＯＷ,910-0023,福井市順化１丁目１７―１８第１津々美ビル１Ｆ,0776-26-1114,福井市指令生衛第20-2-877号,2/18/21,3/31/26
292,飲食店営業,その他,肉バル,ＦＯＯＤＬＡＢ　×　肉はナカノ,910-0006,福井市中央１丁目３－５ＦＵＫＵＭＡＣＨＩ　ＢＬＯＣＫ　１Ｆ　ＭＩＮＩＥ　ＦＨ２１,0776-30-1129,福井市指令生衛第23-3-401号,3/5/24,11/30/29
293,飲食店営業,その他,食料品店、ローカルフードマーケット,ＦＯＯＤＬＡＢ　ＭＩＮＩＥ　ＢＡＳＥ,910-0006,福井市中央１丁目３－５ＦＵＫＵＭＡＣＨＩ　ＢＬＯＣＫ　１Ｆ　ＭＩＮＩＥ　ＦＨ２,0776-30-0291,福井市指令生衛第23-3-400号,3/5/24,11/30/29
294,飲食店営業,その他,スナック,ＦＯＲＴＵＮＥ,910-0023,福井市順化２丁目２０－１７セレクトシティ片町　４階　４０２号室,0776-50-6014,福井市指令生衛第22-3-351号,2/20/23,4/30/28
295,麺類製造業,麺類製造業,製麺業,ＦＵＫＵＩ　ＰＨＯ－ｍｅ　ＦＡＣＴＯＲＹ,910-0052,福井市黒丸町１０－１６－１,0776-58-7063,福井市指令生衛第21-3-259号,1/21/22,1/31/27
296,飲食店営業,その他,クレープ屋,ＦＵＫＵＮＯＴＥ,910-0006,福井市中央１丁目３－５ＦＵＫＵＭＡＣＨＩ　ＢＬＯＣＫ　１Ｆ　ＭＩＮＩＥ　ＦＨ２５,,福井市指令生衛第23-3-407号,3/28/24,11/30/29
297,飲食店営業,その他,ケータリング,FUN DINING　福井県国際交流会館パントリー,910-0004,福井市宝永３丁目１－１福井県国際交流会館３Ｆ,0776-28-8800,福井市指令生衛第22-3-41号,5/10/22,11/30/28
298,飲食店営業,その他,ケータリング,ＦＵＮ　ＤＩＮＩＮＧ　福井県国際交流会館パントリー,910-0004,福井市宝永３丁目１－１福井県国際交流会館３Ｆ,0776-28-8800,福井市指令生衛第22-3-320号,1/26/23,11/30/29
299,菓子製造業,菓子製造業,,ｆｕｎｄａｆｕｌ,910-0023,福井市順化１丁目１６－１４,,福井市指令生衛第21-3-56号,7/9/21,3/31/27
300,そうざい製造業,そうざい製造業,,ｆｕｎｄａｆｕｌ,910-0023,福井市順化１丁目１６－１４,,福井市指令生衛第21-3-57号,7/9/21,3/31/27
301,飲食店営業,その他,学生食堂,ＦＵＴ硬式野球部文京寮,910-0017,福井市文京７丁目１３－２９,,福井市指令生衛第24-3-66号,5/10/24,1/31/30
302,飲食店営業,その他,雀荘,ｇ,910-0023,福井市順化１丁目８－１７ダイナソービル２Ｆ　Ｉ号室,,福井市指令生衛第21-3-322号,3/18/22,3/31/27
303,菓子製造業,菓子製造業,,Ｇａｉａ　Ｋｉｔｃｈｅｎ,918-8108,福井市春日２丁目２－４２Ｆ,,福井市指令生衛第22-4-182号,10/18/22,10/31/27
304,飲食店営業,その他,ＤＩＳＣＯ　ＢＡＲ,ＧＡＬＡＸＹ,910-0023,福井市順化１丁目２－１４メトロ会館Ｂ１Ｆ,0776-50-0617,福井市指令生衛第24-3-275号,10/15/24,3/31/30
305,飲食店営業,その他,ワインバル,ＧＩＮＣＨＩＹＯ,910-0006,福井市中央１丁目３－５ＦＵＫＵＭＡＣＨＩ　ＢＬＯＣＫ　１Ｆ　ＭＩＮＩＥ　横丁１２,,福井市指令生衛第23-3-389号,2/26/24,11/30/29
306,飲食店営業,一般食堂・レストラン等,レストラン,ＧＩＮＣＨＩＹＯ／ＮＡＯＴＯＲＡ,918-8112,福井市下馬３丁目１０５,,福井市指令生衛第22-3-278号,1/5/23,10/31/28
307,飲食店営業,その他,ダイニングバー,ＧＩＯＲＮＯ,910-0023,福井市順化１丁目１７－２９ＳＫ館１Ｆ,0776-50-2715,福井市指令生衛第22-4-389号,1/24/23,3/31/28
308,飲食店,仕出し弁当,,ＧＩＯＲＮＯ　Ｆｕｋｕｉ，,910-0006,福井市中央１丁目１０－１０,,福井市指令生衛第19-1-449号,2/20/20,11/30/25
309,菓子製造業,一般,,"ＧＩＯＲＮＯ　Ｆｕｋｕｉ,",910-0006,福井市中央１丁目１０－１０,0776-89-1612,福井市指令生衛第20-1-85号,5/21/20,11/30/26
310,飲食店営業,その他,ＢＡＲ,Ｇｉｏｒｎｏ　ｍｉｃ,910-0023,福井市順化１丁目１７－２９ＳＫ館２ＦＢ,0776-50-2715,福井市指令生衛第23-4-436号,1/12/24,3/31/29
311,飲食店営業,その他,バー,Ｇｉｒｌ’ｓ　Ｂａｒ　ｒｅｒａｉｎ,910-0023,福井市順化１丁目１５－５順化ブラボービル２階２Ｂ,0776-25-0895,福井市指令生衛第21-4-633号,2/3/22,3/31/27
312,飲食店営業,その他,ＢＡＲ,Ｇｉｒｌ’ｓ　Ｌｏｕｎｇｅ　Ｂｌａｎｃｈｅ,910-0023,福井市順化２丁目８－１４パークサイドタワービル４Ｆ,,福井市指令生衛第22-3-393号,3/28/23,4/30/28
313,飲食店営業,その他,Ｂａｒ,Ｇｉｒｌ’ｓ　Ｌｏｕｎｇｅ　Ｂｌａｎｃｈé,910-0023,福井市順化２丁目８－１４パークサイドタワービル４Ｆ,,福井市指令生衛第22-3-291号,12/23/22,4/30/28
314,飲食店営業,その他,ラウンジ,ＧＬＩＴＴＥＲ,910-0023,福井市順化２丁目１３－１セントビュー片町３Ｆ　Ａ,0776-29-7002,福井市指令生衛第22-4-433号,3/2/23,4/30/28
315,飲食店営業,その他,ラウンジ,ＧＬＩＴＴＥＲ　Ｍ,910-0023,福井市順化２丁目１３－１セントビュー片町３Ｆ　Ｂ,0776-29-7002,福井市指令生衛第24-4-445号,2/25/25,4/30/30
316,菓子製造業,一般,,Ｇｏｏｄ　Ｓｍｉｌｅ　Ｄｏｎｕｔ,910-0859,福井市日之出５丁目８－３黒川コーポ１０１,,福井市指令生衛第21-1-53号,5/28/21,7/31/26
317,喫茶店,純喫茶,,Ｇｏｏｄ　Ｓｍｉｌｅ　Ｄｏｎｕｔ,910-0859,福井市日之出５丁目８－３黒川コーポ１０１,,福井市指令生衛第21-1-55号,5/28/21,7/31/26
318,飲食店,社交飲食,,Ｇｒａｎｄｅ,910-0023,福井市順化１丁目１７―７プランタン片町ビル３Ｆ―Ｂ,0776-28-0807,福井市指令生衛第19-2-791号,3/25/20,3/31/25
319,飲食店営業,その他,スナック,ｇｒａｓｓ．ＮＯ,910-0023,福井市順化２丁目２２－１寺木ビル２０１,0776-21-5551,福井市指令生衛第24-4-450号,2/3/25,4/30/30
320,飲食店営業,その他,カフェ,Ｇｒｅｅｎ　Ｈａｉｂｅ　Ｃａｆｅ,910-0836,福井市大和田１丁目４０２,0776-50-2162,福井市指令生衛第23-4-272号,10/19/23,12/31/28
321,飲食店営業,その他,ダイニングバー,ｇｒｉ－ｇｒｉ,910-0023,福井市順化１丁目１４－５ＢＫビル３Ｆ,0776-27-1700,福井市指令生衛第23-4-450号,1/22/24,3/31/29
322,飲食店,仕出し弁当,,ＧＲＩＮ　ＢＡＫＥＲＹ,918-8014,福井市花堂中２丁目１０―１５,0776-63-6189,福井県指令福保第1810591号,12/25/18,10/31/25
323,菓子製造業,一般,,ＧＲＩＮ　ＢＡＫＥＲＹ,918-8014,福井市花堂中２丁目１０―１５,0776-63-6189,福井県指令福保第1810592号,12/25/18,10/31/25
324,飲食店営業,一般食堂・レストラン等,イタリアンレストラン,Ｇｒｏｓｓｏ（グロッソ）,918-8023,福井市西谷２丁目２７０９,0776-97-6988,福井市指令生衛第21-4-773号,3/17/22,5/31/27
325,飲食店営業,その他,カラオケ喫茶,ｇｒｏｗ,918-8027,福井市福１丁目２９１５小林ビル１０３,0776-36-7339,福井市指令生衛第23-4-551号,4/2/24,5/31/29
326,飲食店営業,その他,カフェ,ｈ＋ＬＡＢ.,910-0122,福井市石盛町３０２ｈ＋ＢＡＳＥ１０１,0776-56-2260,福井市指令生衛第24-3-5号,4/19/24,9/30/29
327,飲食店営業,その他,焼鳥屋,ＨＡＣＨＩ,918-8018,福井市大島町中坪１１０,0776-63-6762,福井市指令生衛第23-4-180号,9/5/23,10/31/28
328,飲食店営業,その他,ラウンジ,Ｈａｃｈｉ,910-0023,福井市順化１丁目１９－１５片町ロフトビル２Ｆ－Ｄ号室,0776-43-9038,福井市指令生衛第24-4-320号,1/9/25,3/31/30
329,飲食店営業,その他,カラオケバー,ＨａＮａ１０,910-0804,福井市高木中央１丁目２２１５－１,0776-43-6786,福井市指令生衛第23-3-105号,7/6/23,12/31/28
330,飲食店営業,その他,喫茶店,ＨＡＮＤＳ　ＣＯＦＦＥＥ,910-0006,福井市中央１丁目２２－１３,0776-28-7108,福井市指令生衛第21-4-360号,9/30/21,11/30/26
331,飲食店営業,一般食堂・レストラン等,居酒屋レストラン,ＨＡＮＧ　ＯＵＴ　ＨＵＮＧＲＹ’Ｓ,918-8011,福井市月見４丁目２－３４,0776-97-5402,福井市指令生衛第23-4-189号,9/5/23,10/31/28
332,飲食店営業,その他,チーズ屋,ＨＡＰＰＹ　ＣＨＥＥＳＥ,910-0006,福井市中央１丁目１５－６,,福井市指令生衛第24-4-193号,9/9/24,11/30/29
333,菓子製造業,菓子製造業,,ＨＡＰＰＹ　ＣＨＥＥＳＥ,910-0006,福井市中央１丁目１５－６,,福井市指令生衛第24-4-194号,9/9/24,11/30/29
334,飲食店営業,その他,バー,ＨＩＤＩＮＧ　ＰＬＡＣＥ,910-0006,福井市中央１丁目１２－１１ポケットパークビル　２Ｆ,0776-29-1553,福井市指令生衛第24-3-304号,11/14/24,11/30/29
335,飲食店営業,その他,ＢＡＲ,ＨＩＴＯＴＯＫＩ　ＢＡＲ　ＫＩＮ,910-0023,福井市順化１丁目２４－１７玉村片町ビル　１Ｆ　１０１,,福井市指令生衛第24-3-47号,5/2/24,3/31/30
336,飲食店営業,その他,バー,ＨＯＭＩＥＳ　Ｋ,910-0023,福井市順化１丁目７－９片町バレービル２階Ａ号室,0776-43-6338,福井市指令生衛第24-4-398号,1/28/25,3/31/30
337,飲食店,社交飲食,,Ｉ,910-0023,福井市順化２丁目２０―２０１階,,福井市指令生衛第20-2-986号,3/24/21,4/30/26
338,飲食店営業,その他,ラウンジ,Ｉ,910-0023,福井市順化２丁目２０－２０菅谷店舗２Ｆ,,福井市指令生衛第21-4-715号,2/15/22,4/30/27
339,飲食店営業,その他,スナック,Ｉ　♡　ＤＡＢＡＯ,910-0023,福井市順化１丁目１７－２３サンロイヤル片町１０２,0776-21-8230,福井市指令生衛第23-4-455号,1/22/24,3/31/29
340,菓子製造業,菓子製造業,,ｉｃｉｎｇｃｏｏｋｉｅ　ＮｏｉｒＢｌａｎｃｅ,918-8237,福井市和田東２丁目１３１６－３,,福井市指令生衛第23-3-122号,7/21/23,7/31/28
341,飲食店営業,その他,テイクアウトカフェ,ｉｅｍｅ,910-0006,福井市中央１丁目３－５ＦＵＫＵＭＡＣＨＩ　ＢＬＯＣＫ　１Ｆ　ＭＩＮＩＥ　ＦＨ２４,,福井市指令生衛第23-3-414号,3/5/24,11/30/29
342,飲食店営業,その他,喫茶店,ｉｆ,918-8004,福井市西木田１丁目２０－２６,0776-36-1345,福井市指令生衛第21-4-264号,8/24/21,10/31/26
343,飲食店,食堂,,ＩＬ　ＢＯＳＣＯ,910-0015,福井市二の宮３丁目１３―２３,0776-97-8860,福井市指令生衛第20-2-678号,11/26/20,1/31/26
344,そうざい製造業,そうざい製造業,,ＩＬ　ＢＯＳＣＯ,910-0015,福井市二の宮３丁目１３―２３,0776-97-8860,福井市指令生衛第22-3-366号,3/13/23,1/31/29
345,飲食店営業,その他,ラウンジ,Ｉｍａｒｉ,910-0023,福井市順化１丁目１７－７プランタン片町３階Ｃ号室,0776-63-5211,福井市指令生衛第23-4-462号,2/7/24,3/31/29
346,飲食店営業,一般食堂・レストラン等,カレー店,ＩＮＤＩＡＮ　ＲＥＳＴＡＵＲＡＮＴ　ＧＡＮＤＨＩ,918-8031,福井市種池２丁目４０５,0776-33-2575,福井市指令生衛第21-4-779号,3/23/22,5/31/27
347,飲食店営業,その他,バー,ＩＮＦＩＮＩＴＹ,910-0023,福井市順化２丁目７－１８三栄ビル　５Ｆ東,,福井市指令生衛第22-3-205号,10/7/22,4/30/28
348,飲食店,社交飲食,,Ｉｒｉｓｈ　Ｂａｒ　Ｓｈｅｌｂｏｕｒｎｅ,910-0006,福井市中央１丁目１６－２,,福井市指令生衛第21-1-34号,5/17/21,11/30/26
349,飲食店営業,その他,カフェ,Ｉｒｏｄｏｒｉ　ｃｒａｆｔ　Ｍａｒｕｎ,918-8108,福井市春日２丁目３－５,,福井市指令生衛第23-3-376号,2/14/24,10/31/29
350,飲食店営業,一般食堂・レストラン等,中華料理店,ＩＳＳＥＩ,910-0858,福井市手寄１丁目４－１ＡＯＳＳＡ　３Ｆ,,福井市指令生衛第22-4-46号,6/1/22,7/31/27
351,飲食店営業,その他,カラオケＢａｒ,Ｉｔ’ｓ　Ｃｏｏｌ　いつくる,910-0015,福井市二の宮４丁目２８－１２,,福井市指令生衛第24-4-270号,11/5/24,1/31/30
352,飲食店営業,その他,カフェ,ＩＶＹＩＺＭ,910-0804,福井市高木中央２丁目４０６,0776-63-6590,福井市指令生衛第22-4-266号,11/9/22,12/31/27
353,飲食店営業,その他,居酒屋,ＩＺＡＫＡＹＡマルクチ,918-8104,福井市板垣３丁目１３１５タケダビル　１階,0776-33-0143,福井市指令生衛第24-4-135号,7/25/24,10/31/29
354,飲食店営業,その他,バー,Ｊ　ジェイ,910-0023,福井市順化１丁目１６－１８片町ステーションビル３Ｆ,0776-26-0228,福井市指令生衛第22-4-366号,1/23/23,3/31/28
355,飲食店,社交飲食,,Ｊ’ＡＤＯＲＥ,910-0023,福井市順化２丁目１３－１セントビュー片町２Ｆ,,福井市指令生衛第20-1-415号,2/15/21,4/30/26
356,飲食店,社交飲食,,ｊａｋｅ’ｓ　ｈａｌｌ　Ｏｌｄ　Ｒｏｏｋｉｅ,910-0023,福井市順化１丁目１０―９ドリームタウン３Ｆ,,福井市指令生衛第20-1-298号,11/4/20,3/31/26
357,飲食店営業,その他,カラオケ喫茶,ＪＡＭ　ＪＡＭ,910-0004,福井市宝永１丁目９－１１,0776-28-3905,福井市指令生衛第24-4-211号,10/17/24,11/30/29
358,飲食店営業,その他,Bar＆Lounge,Ｊａｚｚ　Ｂａｒ　＆　Ｌｏｕｎｇｅ　三好,910-0023,福井市順化２丁目２２－１寺木ビル４階４０１号室,,福井市指令生衛第24-3-202号,8/26/24,4/30/30
359,飲食店営業,その他,バー,Ｊ－ｇｌｏｂｅ,910-0023,福井市順化２丁目８－１４パークサイドタワービル２Ｆ,0776-27-0213,福井市指令生衛第21-4-744号,3/8/22,4/30/27
360,飲食店,社交飲食,,ＪＩＧＵＲＯ,910-0023,福井市順化１丁目７－９片町バレービル１Ｆ１－Ａ,0776-28-5677,福井市指令生衛第19-1-125号,7/3/19,3/31/25
361,飲食店営業,その他,ＢＡＲ,ＪＩＧＵＲＯ,910-0023,福井市順化１丁目７－９片町バレービル１Ｆ１－Ａ,0776-97-9724,福井市指令生衛第22-3-211号,10/5/22,3/31/28
362,飲食店営業,その他,Ｂａｒ,ＪＩＧＵＲＯ　ＶＩＰ,910-0023,福井市順化１丁目１５－５ブラボービル　２Ｆ　２Ａ号室,,福井市指令生衛第24-3-351号,1/23/25,3/31/30
363,飲食店営業,その他,喫茶店,Ｊｏｅ,910-0804,福井市高木中央２丁目１５１０エンジェル小林　１Ｆ,0776-53-7575,福井市指令生衛第23-4-333号,11/16/23,12/31/28
364,飲食店,社交飲食,,ＪＯＹＦＵＬ,910-0023,福井市順化２丁目１３―１７エミヤビル２Ｆ,0776-26-3536,福井市指令生衛第20-2-963号,3/24/21,4/30/26
365,飲食店営業,その他,お好み焼店,Ｊｏｙ風月・風の街　福井社店,918-8026,福井市渕２丁目１８０７,0776-34-0866,福井市指令生衛第21-4-41号,6/1/21,5/31/27
366,飲食店営業,その他,バー,ＪＵＪＵ,910-0023,福井市順化１丁目９－８滝の街ビル１Ｆ,,福井市指令生衛第22-4-353号,1/10/23,3/31/28
367,飲食店営業,その他,テイクアウト,JUNGLE SWEETS from KUROBOSHI,918-8015,福井市花堂南２丁目１６－１アル・プラザベル２Ｆ,,福井市指令生衛第22-3-84号,6/20/22,10/31/27
368,飲食店営業,その他,スナック,Ｋ＆Ｋ,918-8025,福井市江守中２丁目６０１,0776-34-5066,福井市指令生衛第21-4-774号,3/23/22,5/31/27
369,飲食店営業,その他,バー,Ｋ’ｚＢａｒ,910-0023,福井市順化１丁目１４－２２くわの実会館Ｂ１,,福井市指令生衛第24-4-373号,1/23/25,3/31/30
370,飲食店,軽食,,ＫＡＫＥＨＡＳＨＩ,918-8045,福井市福新町２００４－２ハイウェーブカフェビル１Ｆ,0776-43-0509,福井市指令生衛第19-1-497号,3/13/20,5/31/25
371,飲食店営業,その他,居酒屋,ＫＡＫＥＴＵＫＥ,910-0006,福井市中央１丁目３－５ＦＵＫＵＭＡＣＨＩ　ＢＬＯＣＫ　１Ｆ　ＭＩＮＩＥ　横丁６,0776-37-3370,福井市指令生衛第24-3-19号,4/23/24,11/30/29
372,飲食店営業,その他,カラオケバー,ＫＡＲＡＯＫＥ　９３Ｂａｒ,910-0023,福井市順化１丁目１７－２３サンロイヤル片町４０１,,福井市指令生衛第24-3-108号,6/14/24,3/31/30
373,飲食店,社交飲食,,Ｋｉ・Ｋｉ,910-0023,福井市順化１丁目１５―４リトルプラザビル１Ｆ,0776-24-7701,福井市指令生衛第20-2-863号,2/18/21,3/31/26
374,飲食店営業,その他,豆腐屋,ＫＩＮＺＯ,910-0837,福井市高柳２丁目１２０６トレタス内,0776-91-1313,福井市指令生衛第23-3-480号,4/10/24,12/31/30
375,菓子製造業,菓子製造業,,ＫＩＮＺＯ,910-0837,福井市高柳２丁目１２０６トレタス内,0776-91-1313,福井市指令生衛第23-3-481号,4/10/24,12/31/30
376,飲食店,食堂,,Ｋｉｓａｋｉ　ＣＡＦＥ　ＭＩＹＡＮＯＳＨＩＴＡ,910-3113,福井市江上町５８－７－２,0776-59-2626,福井市指令生衛第19-1-368号,12/4/19,7/31/25
377,そうざい製造業,そうざい製造業,,Ｋｉｓａｋｉ　ＣＡＦＥ　ＭＩＹＡＮＯＳＨＩＴＡ,910-3113,福井市江上町５８－７－２,0776-59-2626,福井市指令生衛第23-3-13号,4/26/23,7/31/28
378,飲食店営業,一般食堂・レストラン等,食堂,Ｋｉｔｃｈｅｎ　和,910-0005,福井市大手２丁目２２－２８福井県教育センター１階,,福井市指令生衛第23-3-219号,10/19/23,11/30/28
379,そうざい製造業,そうざい製造業,,Ｋｉｔｃｈｅｎ　和,910-0005,福井市大手２丁目２２－２８福井県教育センター１階,,福井市指令生衛第23-3-220号,10/19/23,11/30/28
380,飲食店営業,その他,サラダ専門店,ＫＩＹＯＨＡＣＨＩ　ＣＨＯＰＰＥＤ　ＳＡＬＡＤ,910-0015,福井市二の宮４丁目３－１,,福井市指令生衛第21-3-116号,9/29/21,1/31/27
381,飲食店営業,その他,集団給食施設,ＫＭ４７６４,918-8134,福井市下莇生田町５－６－２,0776-37-3798,福井市指令生衛第23-3-392号,2/29/24,8/31/30
382,飲食店,社交飲食,,ＫＯＢＡＲ,910-0023,福井市順化１丁目１５－４リトルプラザビル２Ｆ,,福井市指令生衛第19-1-470号,2/25/20,3/31/25
383,飲食店営業,その他,スナック,Ｋｏｄａｃｈｉ,910-0023,福井市順化１丁目１４－３ＮＯＶＡ順化ビル２階,0776-28-5807,福井市指令生衛第21-3-270号,1/31/22,3/31/27
384,飲食店営業,その他,ラウンジ,ＫＯＭＡＣＨＩ,910-0023,福井市順化２丁目２０－１ランドマークビル５Ｆ,0776-25-1775,福井市指令生衛第23-4-510号,2/19/24,4/30/29
385,飲食店営業,その他,ラウンジ,ＫＯＭＡＣＨＩ　ＶＩＰＲＯＯＭ,910-0023,福井市順化２丁目２０－１ランドマークビル５Ｆ,0776-25-1775,福井市指令生衛第23-4-511号,2/19/24,4/30/29
386,飲食店営業,一般食堂・レストラン等,韓国料理店,ＫＯＲＥＡ,910-0006,福井市中央１丁目１２－８高柴ビル１Ｆ,0776-28-3889,福井市指令生衛第22-4-178号,9/20/22,11/30/27
387,飲食店営業,その他,ハンバーガー屋,ＫＲＡＦＴ,910-0023,福井市順化１丁目１３－１アートビル２－Ａ,,福井市指令生衛第22-3-319号,2/3/23,3/31/28
388,菓子製造業,菓子製造業,惣菜店,Ｋｕｍａ Ｄｅｌｉ　キッチン,910-0804,福井市高木中央２丁目３２０９白崎ビル１０１,0776-65-7606,福井市指令生衛第22-3-144号,8/29/22,12/31/28
389,そうざい製造業,そうざい製造業,惣菜店,Ｋｕｍａ Ｄｅｌｉ　キッチン,910-0804,福井市高木中央２丁目３２０９白崎ビル１０１,0776-65-7606,福井市指令生衛第22-3-145号,8/29/22,12/31/28
390,飲食店営業,一般食堂・レストラン等,フィリピン料理店,ＫＵＹＡ　ＪＥＮＧ　ＰＨＩＬＩＰＰＩＮＥ　ＲＥＳＴＡＵＲＡＮＴ,910-0019,福井市春山１丁目１－２９　１Ｆ,,福井市指令生衛第21-3-289号,2/25/22,4/30/27
391,飲食店,社交飲食,,ＫＶＥＬＬ,910-0023,福井市順化２丁目１５―１９セイコービル　４０３,0776-50-3638,福井市指令生衛第20-1-16号,4/14/20,4/30/25
392,飲食店営業,その他,カフェ,ｋｙｕ　ｃａｆｅ,910-0842,福井市開発２丁目７１０野坂ビル１Ｆ　Ｇ号室,0776-54-2990,福井市指令生衛第23-4-279号,10/17/23,12/31/28
393,飲食店営業,その他,バー,ＫＹＵ－ＫＹＵ－ＫＹＵ,910-0023,福井市順化２丁目７－６,,福井市指令生衛第21-4-717号,2/15/22,4/30/27
394,飲食店営業,その他,スナック,Ｌ　ａｎｄ　Ｈｅａｒｔ,910-0023,福井市順化２丁目１２－１４プリンスビル３０２号室,0776-50-6517,福井市指令生衛第21-3-109号,9/13/21,4/30/27
395,飲食店営業,一般食堂・レストラン等,フランス料理店,Ｌ’ａｉｓａｎｃｅ,910-0837,福井市高柳１丁目７１２,0776-53-4858,福井市指令生衛第22-3-47号,6/20/22,12/31/27
396,菓子製造業,菓子製造業,,Ｌ’ａｉｓａｎｃｅ,910-0837,福井市高柳１丁目７１２,0776-53-4858,福井市指令生衛第22-3-48号,6/20/22,12/31/27
397,そうざい製造業,そうざい製造業,,Ｌ’ａｉｓａｎｃｅ,910-0837,福井市高柳１丁目７１２,0776-53-4858,福井市指令生衛第22-3-49号,6/20/22,12/31/27
398,飲食店営業,一般食堂・レストラン等,レストラン,Ｌ’ａｊｉｔｔｏ,910-0804,福井市高木中央１丁目２１０１プチドラゴン１Ｆ,0776-50-6323,福井市指令生衛第23-3-14号,4/27/23,12/31/29
399,そうざい製造業,そうざい製造業,,Ｌ’ａｊｉｔｔｏ,910-0804,福井市高木中央１丁目２１０１プチドラゴン１Ｆ,0776-50-6323,福井市指令生衛第23-3-15号,4/27/23,12/31/29
400,冷凍食品製造業,冷凍食品製造業,,Ｌ’ａｊｉｔｔｏ,910-0804,福井市高木中央１丁目２１０１プチドラゴン１Ｆ,0776-50-6323,福井市指令生衛第23-3-16号,4/27/23,12/31/29
401,菓子製造業,一般,,Ｌ’Ｅｃｌａｉｒｃｉｅ,918-8024,福井市舞屋町１－８－３３,0776-43-6302,福井市指令生衛第21-1-4号,4/12/21,5/31/26
402,菓子製造業,菓子製造業,,Ｌ’ＥＳＰＲＩＴ　Ｄ’ＯＲ,918-8026,福井市渕２丁目８２０塚谷ビル１０５号,0776-34-6439,福井市指令生衛第21-4-777号,4/27/22,5/31/28
403,菓子製造業,一般,,Ｌａ　Ｐｅｔｉｔｅ　Ｍａｉｓｏｎ　Ｂｌａｎｃｈｅ,910-0804,福井市高木中央２丁目510,,福井市指令生衛第20-2-566号,12/17/20,12/31/25
404,飲食店,社交飲食,,Ｌａ Ｖｉｄａ　Ｒｏｓａ,910-0023,福井市順化２丁目７－１８三栄ビル４Ｆ東,0776-89-1396,福井市指令生衛第20-1-140号,7/6/20,4/30/26
405,飲食店営業,その他,バー,Ｌａ　Ｖｉｄａ　Ｒｏｓａ,910-0023,福井市順化２丁目７－１８三栄ビル４階東,0776-89-1396,福井市指令生衛第22-3-164号,8/25/22,4/30/28
406,飲食店,社交飲食,,ＬＡＣｏｏ　ＶＩＰ,910-0023,福井市順化１丁目７－５片町α１ビル３階Ｅ号室,0776-28-5566,福井市指令生衛第20-1-476号,3/31/21,3/31/26
407,飲食店営業,その他,バー,ＬＡＧＯＯＮ,910-0023,福井市順化１丁目１４－２１ＡＬＢＡビル５Ｆ,,福井市指令生衛第23-3-249号,11/13/23,3/31/29
408,飲食店営業,その他,カフェバー,ＬａＶｉｄａＲｏｓａ　Ｌｕｎａ・Ｓｏｌ,910-0006,福井市中央３丁目９－１浜町ビル１・２階,0776-65-8225,福井市指令生衛第22-3-216号,10/18/22,11/30/27
409,飲食店営業,その他,菓子屋,ＬＥ　ＣＯＥＵＲ,910-0804,福井市高木中央３丁目２１０１,0776-43-0255,福井市指令生衛第23-3-168号,9/14/23,12/31/28
410,菓子製造業,菓子製造業,菓子屋,ＬＥ　ＣＯＥＵＲ,910-0804,福井市高木中央３丁目２１０１,0776-43-0255,福井市指令生衛第23-3-169号,9/14/23,12/31/28
411,飲食店営業,仕出し屋・弁当屋,レストラン,Ｌｅ　Ｄｉａｍａｎｔ　Ｒｏｓｅ,918-8057,福井市加茂河原１丁目２―８,0776-33-6751,福井市指令生衛第21-4-3号,6/1/21,5/31/28
412,乳製品製造業,乳製品製造業,,Ｌｅ　Ｄｉａｍａｎｔ　Ｒｏｓｅ,918-8057,福井市加茂河原１丁目２―８,0776-33-6751,福井市指令生衛第21-4-4号,6/1/21,5/31/28
413,飲食店営業,一般食堂・レストラン等,スペイン、フランス料理店,Ｌｅ　ｐｌｕｓ　ｍｕｃｈｏ,918-8016,福井市江端町３６－１７,0776-97-8321,福井市指令生衛第22-4-140号,7/21/22,10/31/27
414,飲食店営業,その他,ワインバー,Ｌｅ　Ｔｒｉｎｑｕｅｒ,910-0023,福井市順化２丁目７－１２,0776-27-3833,福井市指令生衛第23-3-172号,9/13/23,4/30/29
415,飲食店営業,その他,スナック,ＬＥＡＦ,910-0023,福井市順化２丁目２２－１寺木ビル２階　２０３号,0776-27-0227,福井市指令生衛第24-4-426号,2/25/25,4/30/30
416,飲食店,旅館,,Ｌｅｐｉｎ,910-0842,福井市開発３丁目107,0776-53-0121,福井市指令生衛第20-2-541号,11/26/20,12/31/25
417,飲食店営業,その他,ワインバー,ｌｅｓ　ｑｕａｔｒｅ　ｈｏｍｍｅｓ,910-0023,福井市順化１丁目１０－１５サエラビル４０２,,福井市指令生衛第21-3-209号,12/23/21,3/31/27
418,飲食店営業,一般食堂・レストラン等,フランス料理屋,Ｌｅｓ－ｂｏｎｓ－ｃｅｐａｊｅｓ（レ・ボン・セパージュ）,910-0069,福井市舟橋黒竜１丁目２０６,0776-21-5203,福井市指令生衛第21-4-410号,10/28/21,12/31/26
419,飲食店営業,その他,バー,ＬｅｓｏＵｒＩｒｅ,910-0023,福井市順化２丁目２０－１７セレクトシティ片町２Ｆ　２０２,0776-27-6820,福井市指令生衛第23-4-496号,2/8/24,4/30/29
420,飲食店営業,その他,喫茶店,ＬＩＮＫ,910-0006,福井市中央１丁目２２－７ニシワキビル２F,,福井市指令生衛第21-3-288号,2/10/22,11/30/27
421,飲食店営業,その他,カフェ,Ｌｏｇｙ　ＳＴＡＮＤ,910-2148,福井市篠尾町９６－５６－１,0776-41-2446,福井市指令生衛第21-3-68号,7/29/21,7/31/26
422,菓子製造業,菓子製造業,,Ｌｏｇｙ　ＳＴＡＮＤ,910-2148,福井市篠尾町９６－５６－１,0776-41-2446,福井市指令生衛第21-3-69号,7/29/21,7/31/26
423,飲食店営業,その他,スナック,ｌｏｕｎｇｅ ９,910-0023,福井市順化２丁目２０－１３友邦ビル４階４０２号室,,福井市指令生衛第22-3-42号,5/23/22,4/30/28
424,飲食店営業,その他,ラウンジ,Ｌｏｕｎｇｅ　ＢＩＤＥＮ,910-0023,福井市順化２丁目１３－１７エネックスビル２階２０１号室,,福井市指令生衛第24-3-176号,8/21/24,4/30/30
425,飲食店営業,その他,ラウンジ,Ｌｏｕｎｇｅ　ＢＩＤＥＮ　ＶＩＰ,910-0023,福井市順化２丁目１３－１７エネックスビル１階１０１号室,0776-63-5394,福井市指令生衛第24-3-299号,11/8/24,4/30/30
426,飲食店営業,その他,ラウンジ,Ｌｏｕｎｇｅ　Ｂｌａｃｋ　ｄｉａ,910-0023,福井市順化２丁目２０－２エルミオーレビル４階４０２号,0776-27-5657,福井市指令生衛第23-4-492号,2/13/24,4/30/29
427,飲食店営業,その他,スナック,Ｌｏｕｎｇｅ　ＢＲ,910-0023,福井市順化１丁目１５－９片町スカイパレス３Ｆ３０７,0776-28-1232,福井市指令生衛第21-4-713号,2/24/22,3/31/27
428,飲食店営業,その他,スナック,Ｌｏｕｎｇｅ　Ｃｈｅｒｒｙ,910-0023,福井市順化１丁目１５－９片町スカイパレスビル３階　３０１,,福井市指令生衛第23-3-129号,8/18/23,3/31/29
429,飲食店営業,その他,ラウンジ,Ｌｏｕｎｇｅ　ＣＨＬＯＲＩＳ,910-0023,福井市順化１丁目１７－２８ジョイフル片町３Ｆ－Ａ号室,,福井市指令生衛第21-3-138号,10/1/21,3/31/27
430,飲食店営業,その他,ラウンジ,Ｌｏｕｎｇｅ　Ｃｉｅｌ,910-0023,福井市順化２丁目１２－１９プラチナビル　３０１号室,0776-50-1037,福井市指令生衛第23-3-455号,4/2/24,4/30/29
431,飲食店営業,その他,ラウンジバー,Ｌｏｕｎｇｅ　Ｃｏｎｎｅｃｔｉｏｎ,910-0023,福井市順化２丁目２１－４加賀ビル１Ｆ　Ｄ号室,0776-24-2060,福井市指令生衛第22-4-434号,2/21/23,4/30/28
432,飲食店営業,その他,ラウンジ,Ｌｏｕｎｇｅ　ｅｌ,910-0023,福井市順化１丁目１７－７プランタン片町２Ｆ　Ａ・Ｂ号室,0776-43-1755,福井市指令生衛第23-4-472号,2/15/24,3/31/29
433,飲食店営業,その他,スナック,Ｌｏｕｎｇｅ　ｅｔｅ,910-0023,福井市順化１丁目７―５片町α１ビル２階Ｃ号室,,福井市指令生衛第21-3-344号,4/11/22,3/31/28
434,飲食店営業,その他,ラウンジ,ｌｏｕｎｇｅ　ｇｌｏｓｓｙ,910-0023,福井市順化１丁目１４－２１ＡＬＢＡビル　３Ｆ　３０１,,福井市指令生衛第21-3-84号,8/5/21,3/31/27
435,飲食店営業,その他,ラウンジ,Ｌｏｕｎｇｅ　Ｋ,910-0023,福井市順化１丁目７－５アルファ１ビル５Ｆ　Ｋ号室,,福井市指令生衛第22-4-471号,3/28/23,3/31/28
436,飲食店営業,その他,ラウンジ,Ｌｏｕｎｇｅ　ＬａｄｙＭｏｏｎ,910-0023,福井市順化２丁目２０－１ランドマークビル　３Ｅ,,福井市指令生衛第24-3-218号,9/10/24,4/30/30
437,飲食店,社交飲食,,ｌｏｕｎｇｅ　ｌｅａｐｔ,910-0023,福井市順化１丁目１７－２８ジョイフル片町　４Ｆ,,福井市指令生衛第19-1-56号,5/10/19,3/31/25
438,飲食店,社交飲食,,Ｌｏｕｎｇｅ　Ｌｉｌｙ,910-0123,福井市八重巻町３０６－１,0776-56-3556,福井市指令生衛第19-1-442号,2/12/20,9/30/25
439,飲食店営業,その他,ラウンジ,ＬＯＵＮＧＥ　ＬＵＭＩＮＥ,910-0023,福井市順化１丁目１７－２０アミール片町ビル　２階２－Ｂ、Ｃ,0776-28-7077,福井市指令生衛第22-4-386号,1/17/23,3/31/28
440,飲食店営業,その他,スナック,ｌｏｕｎｇｅ　ＯＲＩＧＩＮ,910-0023,福井市順化１丁目１６－１８片町ステーションビル５Ｆ,0776-28-6066,福井市指令生衛第24-4-355号,1/21/25,3/31/30
441,飲食店営業,その他,スナック,Ｌｏｕｎｇｅ　Ｒ,910-0023,福井市順化２丁目１５－１９セイコービル３０２,,福井市指令生衛第22-3-227号,10/24/22,4/30/28
442,飲食店営業,その他,ラウンジ,Ｌｏｕｎｇｅ　Ｒｅｆｕｇｅ,910-0023,福井市順化２丁目２２－３ＴＭビル２階　ＴＹＰＥ２０２,0776-27-2525,福井市指令生衛第23-4-557号,3/19/24,4/30/29
443,飲食店営業,その他,ラウンジ,Ｌｏｕｎｇｅ　Ｒｉｏ,910-0023,福井市順化２丁目２０－１片町ランドマークビル２Ｆ,,福井市指令生衛第21-4-787号,3/8/22,4/30/27
444,飲食店営業,その他,ラウンジ,Ｌｏｕｎｇｅ　ＲＵＧＡＬ,910-0023,福井市順化１丁目８－１２片町プラザビル２階２－Ｅ,0776-96-6626,福井市指令生衛第21-3-330号,4/8/22,3/31/28
445,飲食店,社交飲食,,ＬＯＵＮＧＥ　ＳＡＬＯＮ,910-0023,福井市順化２丁目２０―２エルミオーレビル２階２０２,0776-23-1163,福井市指令生衛第19-2-884号,3/25/20,4/30/25
446,飲食店営業,その他,ラウンジ,ＬＯＵＮＧＥ　ＳＡＬＯＮ,910-0023,福井市順化２丁目２０－２エルミオーレビル２階２０２,0776-43-0818,福井市指令生衛第24-4-457号,2/25/25,4/30/30
447,飲食店営業,その他,ラウンジ,Ｌｏｕｎｇｅ　ＳｈｉＺｕＫａ,910-0023,福井市順化２丁目２０－１９かねさビル１Ｆ,0776-23-5000,福井市指令生衛第23-4-532号,3/26/24,4/30/29
448,飲食店営業,その他,ラウンジ,Ｌｏｕｎｇｅ　ＴＴ,910-0023,福井市順化１丁目２１－５エレガンテ片町２０５,,福井市指令生衛第23-3-118号,7/18/23,3/31/29
449,飲食店営業,一般食堂・レストラン等,イタリア料理,Ｌｕｃｅ,910-0015,福井市二の宮３丁目３５－１２１Ｆ,0776-26-0661,福井市指令生衛第24-3-246号,10/15/24,1/31/30
450,飲食店営業,その他,バー,ＬｕｃｉｆｅＲ,910-0023,福井市順化２丁目２０－１３シャンティ片町３－Ｊ,,福井市指令生衛第22-3-136号,8/12/22,4/30/28
451,飲食店,社交飲食,,ＬＵＸＥ,910-0023,福井市順化１丁目１６－１０シャトレー片町１０１,0776-29-1121,福井市指令生衛第20-1-180号,8/3/20,3/31/26
452,飲食店営業,その他,ラウンジ,Ｌｕｘｕｒｙ,910-0023,福井市順化１丁目１６－９Ｒaビル１Ｆ＆２Ｆ,0776-25-4474,福井市指令生衛第23-4-439号,1/11/24,3/31/29
453,喫茶店,純喫茶,,Ｍ　ＣＯＦＦＥＥ,910-0134,福井市上野本町４丁目２７０９,,福井市指令生衛第20-1-161号,8/11/20,9/30/25
454,飲食店営業,その他,スナック,Ｍ’ｓ　Ｄｉａｒｙ,910-0023,福井市順化１丁目８－１７ダイナソービル２階,,福井市指令生衛第23-4-406号,12/26/23,3/31/29
455,飲食店営業,その他,カフェ,Ｍ・Ｎ・Ｋフーズ　ｃａｆｅ　Ｊｕ・Ｊｕ,910-0125,福井市石盛３丁目１７０６,0776-76-3000,福井市指令生衛第23-4-122号,7/20/23,9/30/28
456,そうざい製造業,そうざい製造業,,Ｍ・Ｎ・Ｋフーズ　ｃａｆｅ　Ｊｕ・Ｊｕ,910-0125,福井市石盛３丁目１７０６,0776-76-3000,福井市指令生衛第23-4-123号,7/20/23,9/30/28
457,飲食店営業,その他,社員食堂,ｍ１２５４８,910-0017,福井市文京４丁目２３－１日華化学株式会社イノベーションセンター内,0776-28-2505,福井市指令生衛第23-4-466号,1/25/24,2/28/30
458,飲食店,食堂,,ｍ４９５７０,918-8041,福井市西下野町１５－１２,0776-33-5989,福井市指令生衛第19-2-35号,5/28/19,5/31/25
459,飲食店営業,その他,集団給食施設,ｍ６７５７０,910-0026,福井市光陽３丁目１０－２４,0776-28-0901,福井市指令生衛第23-4-394号,11/30/23,2/28/30
460,飲食店営業,その他,カフェ,ＭＡＧＧＩＥ’Ｓ　ＦＡＲＭ,910-0006,福井市中央１丁目２１－３６サンロードビル２－Ｂ,0776-27-1535,福井市指令生衛第23-4-209号,9/14/23,11/30/28
461,飲食店営業,その他,スナック,ＭＡＧＩＣＯ,910-0023,福井市順化１丁目１３－１順化アートビル３Ｆ,0776-27-3507,福井市指令生衛第21-4-637号,1/26/22,3/31/27
462,飲食店営業,その他,カフェ,Ｍａｉｓｏｎ　Ｃｏｆｆｅｅ／Ｓｏｒａ　ｔｏ　Ｓｈｉｒｏ,918-8112,福井市下馬３丁目１０５グランコート,0776-50-1128,福井市指令生衛第24-3-209号,9/26/24,10/31/29
463,飲食店営業,その他,スナック,ＭＡＮＩＬＡ,910-0023,福井市順化２丁目１２－１８片町フォーカスビル５階,,福井市指令生衛第23-3-133号,7/28/23,4/30/29
464,飲食店営業,その他,スナック,Ｍａｎｉｌａ,910-0023,福井市順化１丁目２４－１９郡ビル２階１号室,,福井市指令生衛第24-3-291号,10/25/24,3/31/30
465,飲食店営業,その他,カフェ,ｍａｐｌｅ　ｈｏｎｅｙ,910-0017,福井市文京６丁目３５－１８牧田ビル　１Ｆ,0776-27-7220,福井市指令生衛第22-4-306号,12/6/22,1/31/28
466,菓子製造業,菓子製造業,,ｍａｐｌｅ　ｈｏｎｅｙ,910-0017,福井市文京６丁目３５－１８牧田ビル　１Ｆ,0776-27-7220,福井市指令生衛第22-4-307号,12/6/22,1/31/28
467,飲食店,軽食,,ＭＡＲＥ,910-3404,福井市大丹生町７０―３,0776-88-2323,福井市指令生衛第20-1-82号,5/19/20,7/31/25
468,飲食店営業,その他,喫茶店,ＭＡＲＶＩＮ　ＣＯＲＮＥＲ,910-0026,福井市光陽４丁目３－２０　西側,0776-25-3505,福井市指令生衛第21-3-207号,12/20/21,2/28/27
469,飲食店営業,その他,Ｂａｒ,Ｍｅａｌ＆Ｂｅｖｅｒａｇｅ　Ｓｏｌｖｅ,910-0023,福井市順化１丁目１７－２８ジョイフル片町３Ｆ　Ｂ,,福井市指令生衛第23-3-197号,9/21/23,3/31/29
470,飲食店営業,その他,ダイニングバー,ＭＥＡＴ　ＤＩＮＥＲ　ＧＯＯＮＩＥＳ,918-8027,福井市福１丁目２８０１,,福井市指令生衛第24-3-54号,5/17/24,5/31/29
471,食肉販売業,一般,,ＭＥＧＡドン・キホーテ　ＵＮＹ福井店,918-8067,福井市飯塚町１１－１１１,0570-092-611,福井市指令生衛第19-1-333号,11/27/19,5/31/25
472,魚介類販売業,一般,,ＭＥＧＡドン・キホーテ　ＵＮＹ福井店,918-8067,福井市飯塚町１１－１１１,0570-092-611,福井市指令生衛第19-1-334号,11/27/19,5/31/25
473,飲食店,仕出し弁当,,ＭＥＧＡドン・キホーテ　ＵＮＹ福井店,918-8067,福井市飯塚町１１－１１１,0570-092-611,福井市指令生衛第19-1-335号,11/27/19,5/31/25
474,飲食店,そうざい,,ＭＥＧＡドン・キホーテ　ＵＮＹ福井店,918-8067,福井市飯塚町１１－１１１,0570-092-611,福井市指令生衛第19-1-336号,11/27/19,5/31/25
475,飲食店,仕出し弁当,,ＭＥＧＡドン・キホーテ　ＵＮＹ福井店,918-8067,福井市飯塚町１１－１１１,0570-092-611,福井市指令生衛第19-1-337号,11/27/19,5/31/25
476,飲食店営業,その他,カフェ,Ｍｅｍｂｅｒｓ　Ｃａｆｅ　Ｗｈｉｔｅ　Ｒｉｖｅｒ,910-0018,福井市田原２丁目８－１,,福井市指令生衛第22-3-72号,6/10/22,2/29/28
477,菓子製造業,菓子製造業,,Ｍｅｒｉｎｇｕｅ　ｖａｎｉｌｌ,910-0001,福井市大願寺２丁目５－２０,0776-76-5746,福井市指令生衛第22-4-316号,12/6/22,1/31/29
478,飲食店,社交飲食,,ＭＥＴＥＥＬ,910-0023,福井市順化１丁目７－８エドモンド片町１Ａ,0776-22-8140,福井市指令生衛第19-1-456号,2/28/20,3/31/25
479,飲食店,社交飲食,,ＭＩＣＨＩＲＵ／,910-0023,福井市順化１丁目７―５α１ビル２階Ｃ,0776-25-6677,福井市指令生衛第19-2-808号,3/26/20,3/31/25
480,飲食店,軽食,,Ｍｉｃｋｅｙ’ｓ　Ｃａｆｅ,910-2222,福井市市波町３０－１１,0776-96-7078,福井市指令生衛第20-1-173号,7/29/20,8/31/25
481,飲食店営業,その他,カフェ,ＭＩＬＫ　ＨＯＵＳＥ　ＦＡＣＴＯＲＹ,910-0843,福井市西開発３丁目２０５イオンそよら１Ｆ,,福井市指令生衛第24-3-247号,9/26/24,12/31/29
482,菓子製造業,菓子製造業,,ＭＩＬＫ　ＨＯＵＳＥ　ＦＡＣＴＯＲＹ,910-0843,福井市西開発３丁目２０５イオンそよら１Ｆ,,福井市指令生衛第24-3-248号,9/26/24,12/31/29
483,菓子製造業,一般,,Ｍｉｍｉ,918-8027,福井市福１丁目２０１０,0776-36-2939,福井市指令生衛第19-1-386号,12/16/19,5/31/25
484,飲食店営業,その他,喫茶店,ＭｉＭｉ,918-8003,福井市毛矢３丁目２－２,0776-34-5035,福井市指令生衛第23-4-183号,8/1/23,10/31/28
485,飲食店営業,その他,スナック,ＭＩＮＸ,910-0023,福井市順化１丁目７－９片町バレービル　４－Ｃ,0776-26-5575,福井市指令生衛第24-4-354号,1/9/25,3/31/30
486,飲食店営業,その他,スナック,ＭＩＲＡＹ,910-0023,福井市順化１丁目１７－２８ジョイフル片町１Ｆ　Ａ号室,,福井市指令生衛第24-3-272号,10/22/24,3/31/30
487,飲食店,社交飲食,,Ｍｉｓｓ　ＤＡＮＡＮ,910-0023,福井市順化１丁目８－１７ダイナソービル３Ｆ　Ｍ号室,,福井市指令生衛第19-1-273号,10/23/19,3/31/25
488,飲食店営業,その他,ラウンジ,ＭＯＤＥＲＮ　ＧＩＲＬ,910-0023,福井市順化２丁目１２－１９プラチナビル４Ｆ,0776-28-7800,福井市指令生衛第22-4-413号,3/14/23,4/30/28
489,菓子製造業,菓子製造業,,ＭＯＤＥＲＮ　ＧＩＲＬ,910-0023,福井市順化２丁目１２－１９プラチナビル４Ｆ,0776-28-7800,福井市指令生衛第23-3-202号,9/25/23,4/30/29
490,飲食店営業,その他,カフェ,ｍｏｊｉ,918-8011,福井市月見１丁目２－３１,0776-33-1790,福井市指令生衛第24-4-148号,9/17/24,10/31/29
491,飲食店営業,その他,居酒屋,ｍｏｍｅｎｔ,910-0023,福井市順化１丁目１７－１１ウエノビル１階,0776-97-8377,福井市指令生衛第22-3-55号,6/6/22,3/31/28
492,飲食店営業,その他,スナック,ｍｏｍｏ,910-0023,福井市順化１丁目７－８エドモンド片町　４Ｆ西側,,福井市指令生衛第22-3-65号,6/3/22,3/31/28
493,菓子製造業,菓子製造業,,Ｍｏｎｓｉｅｕｒ,918-8116,福井市大町２丁目１００９フローデンハイツ１Ｆ　１０２号,,福井市指令生衛第23-3-71号,8/28/23,10/31/28
494,飲食店営業,その他,カフェ,ＭＯＮＴＥＲ,918-8024,福井市舞屋町６－３０１,,福井市指令生衛第24-3-91号,6/7/24,5/31/30
495,菓子製造業,菓子製造業,,ＭＯＮＴＥＲ,918-8024,福井市舞屋町６－３０１,,福井市指令生衛第24-3-164号,7/23/24,5/31/30
496,そうざい製造業,そうざい製造業,,ＭＯＮＴＥＲ,918-8024,福井市舞屋町６－３０１,,福井市指令生衛第24-3-165号,7/23/24,5/31/30
497,菓子製造業,菓子製造業,フランス料理店,Ｍｏｏｍａ,910-0023,福井市順化１丁目２４－４２近藤ビル１Ｆ　南室,0776-97-5745,福井市指令生衛第21-3-52号,7/9/21,3/31/27
498,飲食店営業,一般食堂・レストラン等,レストラン,Ｍｏｏｍａ,910-0023,福井市順化１丁目２４－４２近藤ビル１Ｆ　南室,0776-97-5745,福井市指令生衛第24-4-423号,2/28/25,3/31/30
499,飲食店営業,その他,ラウンジ,Ｍｏｒｅ,910-0023,福井市順化１丁目１７－１２ベルトピア片町２Ｆ,0776-21-8022,福井市指令生衛第24-4-324号,1/9/25,3/31/30
500,飲食店営業,一般食堂・レストラン等,フレンチ,ｍｏｕｓｔａｃｈｅ,918-8065,福井市水越１丁目８０３藤井ビル１Ｆ,0776-50-2276,福井市指令生衛第22-4-483号,4/18/23,5/31/28
501,飲食店営業,その他,バー,ＭＵＳＩＣ　ＢＡＲ　ＯＶＥＲ,910-0023,福井市順化１丁目１３－１アートビル５階,,福井市指令生衛第23-3-421号,3/7/24,3/31/29
502,飲食店営業,その他,Ｂａｒ,ｍｕｓｉｃ　ｐｌｕｓ,910-0023,福井市順化１丁目１４－２３エルシャトービル５階,,福井市指令生衛第24-3-36号,4/24/24,3/31/30
503,飲食店営業,その他,軽食店,ＭＵＳＵＢｉ,910-0852,福井市松城町１２－７パリオ内２階,0776-25-8888,福井市指令生衛第22-3-359号,2/22/23,7/31/28
504,菓子製造業,菓子製造業,,ＭＵＳＵＢｉ,910-0852,福井市松城町１２－７パリオ内２階,0776-25-8888,福井市指令生衛第22-3-360号,2/22/23,7/31/28
505,飲食店営業,その他,パン屋,ｍｕｓｕｂｕ　Ｂａｋｅｒｙ,910-0028,福井市学園１丁目２－１２学園ビル１０８号,0776-29-1677,福井市指令生衛第24-4-408号,1/31/25,2/28/31
506,菓子製造業,菓子製造業,,ｍｕｓｕｂｕ　Ｂａｋｅｒｙ,910-0028,福井市学園１丁目２－１２学園ビル１０８号,0776-29-1677,福井市指令生衛第24-4-409号,1/31/25,2/28/31
507,飲食店営業,仕出し屋・弁当屋,和食店,ＭＵＵ,918-8205,福井市北四ツ居２丁目６―２３,0776-57-1127,福井市指令生衛第21-4-90号,6/10/21,7/31/27
508,飲食店営業,その他,純喫茶,Ｍｙｒｉｃｈｅ　Ｌｕｎａ,918-8237,福井市和田東２丁目１４０６,0776-28-6836,福井市指令生衛第24-4-33号,4/30/24,7/31/29
509,飲食店営業,その他,スナック,ｍｙｓｔｅｒｅ,910-0023,福井市順化１丁目２４－１９郡ビル３階４号室,0776-63-6349,福井市指令生衛第24-4-370号,1/9/25,3/31/30
510,飲食店営業,その他,カフェ,ｎａｏ　ｃｏｆｆｅｅ,910-0002,福井市町屋３丁目９－１０,,福井市指令生衛第22-3-404号,3/30/23,1/31/29
511,菓子製造業,菓子製造業,,ｎａｏ　ｃｏｆｆｅｅ,910-0002,福井市町屋３丁目９－１０,,福井市指令生衛第23-3-415号,3/7/24,1/31/30
512,菓子製造業,菓子製造業,,Ｎａｔｕｒａｌ　Ｂａｋｅｓ,918-8184,福井市真木町１０４－１２,0776-37-4499,福井市指令生衛第23-3-29号,5/12/23,10/31/28
513,飲食店営業,仕出し屋・弁当屋,レストラン,ｎａｔｕｒａｌ　ｋｉｔｃｈｅｎ　ＳＡＬ,918-8184,福井市真木町１０４－１２,0776-37-4499,福井市指令生衛第23-4-175号,8/17/23,10/31/28
514,そうざい製造業,そうざい製造業,,ｎａｔｕｒａｌ　ｋｉｔｃｈｅｎ　ＳＡＬ,918-8184,福井市真木町１０４－１２,0776-37-4499,福井市指令生衛第23-4-181号,8/17/23,10/31/28
515,飲食店,社交飲食,,ＮＥＧＵＳ．,910-0023,福井市順化１丁目１７－２３サンロイヤル片町６Ｆ６０２,0776-25-2272,福井市指令生衛第19-1-376号,12/9/19,3/31/25
516,飲食店営業,その他,キャバクラ,Ｎｅｓｔｉａ,910-0023,福井市順化２丁目１３－１７ＥＬＬＥビル１階,,福井市指令生衛第23-3-223号,10/16/23,4/30/29
517,飲食店営業,その他,スナック,Ｎｅｗ　Ｃｈｉｎａ　Ｔｏｗｎ,910-0023,福井市順化２丁目２０－１ランドマークビル１Ｆ１Ｂ,,福井市指令生衛第23-3-469号,3/26/24,4/30/29
518,飲食店営業,その他,焼鳥店,ＮＥＷ秋吉,910-0005,福井市大手３丁目１２－２０ホテルフジタ　２階,0776-21-3574,福井市指令生衛第22-4-183号,9/20/22,11/30/27
519,飲食店,旅館,,ＮＥＸＴ　エムグラン,910-0843,福井市西開発４丁目618,0776-52-5520,福井市指令生衛第20-2-625号,12/10/20,12/31/25
520,飲食店営業,旅館,軽食,ＮＥＸＴ　パルムドール,910-0843,福井市西開発４丁目９０７,0776-53-2030,福井市指令生衛第22-4-342号,12/13/22,12/31/27
521,飲食店,旅館,,ＮＥＸＴ　ブロス,910-0804,福井市高木中央１丁目2809,0776-53-1105,福井市指令生衛第20-2-559号,11/26/20,12/31/25
522,飲食店営業,旅館,ホテル,ＮＥＸＴ　リゾグラン,910-0023,福井市順化２丁目６－４,0776-29-0180,福井市指令生衛第23-4-525号,2/8/24,4/30/29
523,飲食店営業,一般食堂・レストラン等,職員食堂,ＮＨＫ食堂,910-0004,福井市宝永３丁目３－５２Ｆ,0776-28-8850,福井市指令生衛第23-4-309号,10/30/23,11/30/28
524,飲食店営業,その他,ダーツバー,ＮＩＣＥ　７０’Ｓ,910-0026,福井市光陽２丁目１８－２３,0776-50-2074,福井市指令生衛第23-4-344号,11/30/23,2/28/29
525,アイスクリーム類製造業,一般,,ＮＩＳＩＭＵＲＡ　ＣОＦＦＥＥ＆ｈａｒｔｒａｎｄ　パリオ店,910-0852,福井市松城町１２-７パリオＣＩＴＹ(内),0776-25-8817,福井市指令生衛第20-1-73号,6/12/20,7/31/25
526,飲食店,軽食,,ＮＩＳＩＭＵＲＡ　ＣОＦＦＥＥ＆ｈａｒｔｒａｎｄ　パリオ店,910-0852,福井市松城町１２-７パリオＣＩＴＹ(内),0776-25-8817,福井市指令生衛第20-1-74号,6/12/20,7/31/25
527,飲食店営業,その他,洋食,ＮｉｔｏｗｏＬ,910-0006,福井市中央３丁目１－１７多田元ビル１階,0776-60-2188,福井市指令生衛第22-3-54号,6/6/22,11/30/27
528,飲食店,社交飲食,,ＮＩＶＩ,910-0006,福井市中央１丁目１４－１２,0776-50-2707,福井市指令生衛第20-1-416号,2/26/21,11/30/26
529,飲食店,社交飲食,,ＮＯＡＨ,910-0023,福井市順化２丁目２０―９中村ビル２Ｆ,0776-25-0540,福井市指令生衛第20-2-987号,3/24/21,4/30/26
530,飲食店営業,一般食堂・レストラン等,洋食店,ｎｏｅＵｄ,918-8239,福井市成和１丁目３１０６ＫＥＮＪＩビル１Ｆ,0776-21-7172,福井市指令生衛第21-3-4号,6/11/21,7/31/26
531,菓子製造業,パン,,ｎｏｎｏ．ｐａｎ,918-8047,福井市久喜津町７３－１７,0776-35-7465,福井市指令生衛第22-4-439号,3/7/23,5/31/29
532,飲食店営業,その他,ダイニングバー,ＯＤＤＳ,910-0006,福井市中央１丁目１７－１５サンジェルマンビル３Ｆ,0776-43-3487,福井市指令生衛第23-3-311号,1/29/24,11/30/29
533,飲食店営業,その他,バー,ＯＤＥＮＢＡＲ,910-0023,福井市順化２丁目２１－１２福井県興行１７号,0776-28-5815,福井市指令生衛第23-4-548号,2/20/24,4/30/29
534,飲食店営業,その他,焼肉店,ＯＨＡＫＯ,910-0023,福井市順化１丁目３－２,0776-29-1129,福井市指令生衛第22-3-171号,10/3/22,3/31/29
535,食肉販売業,食肉販売業,,ＯＨＡＫＯ,910-0023,福井市順化１丁目３－２,0776-29-1129,福井市指令生衛第22-3-172号,10/3/22,3/31/29
536,そうざい製造業,そうざい製造業,,ＯＨＡＫＯ,910-0023,福井市順化１丁目３－２,0776-29-1129,福井市指令生衛第22-3-183号,10/3/22,3/31/29
537,飲食店営業,その他,スナック,ＯｎｃｅＭｏｒｅ,910-0023,福井市順化２丁目７－１８三栄ビル３Ｆ東,0776-22-7733,福井市指令生衛第24-4-438号,2/18/25,4/30/30
538,飲食店営業,その他,カフェ,ＯＯＴＥⅢ,910-0005,福井市大手３丁目１３－１福井市企業局１階,0776-92-0456,福井市指令生衛第21-3-43号,7/5/21,11/30/26
539,食肉販売業,食肉販売業,,ＯｒｅＢｏ　Ｂａｓｅ　Ｐａｎｔｒｙ,910-0845,福井市志比口３丁目１－１３,0776-57-0680,福井市指令生衛第22-3-310号,1/30/23,7/31/29
540,魚介類販売業,魚介類販売業,,ＯｒｅＢｏ　Ｂａｓｅ　Ｐａｎｔｒｙ,910-0845,福井市志比口３丁目１－１３,0776-57-0680,福井市指令生衛第22-3-311号,1/30/23,7/31/29
541,そうざい製造業,そうざい製造業,,ＯｒｅＢｏ　Ｂａｓｅ　Ｐａｎｔｒｙ,910-0845,福井市志比口３丁目１－１３,0776-57-0680,福井市指令生衛第22-3-312号,1/30/23,7/31/29
542,菓子製造業,菓子製造業,,ＯｒｅＢｏ　Ｂａｓｅ　Ｐａｎｔｒｙ,910-0845,福井市志比口３丁目１－１３,0776-57-0680,福井市指令生衛第24-3-23号,4/23/24,7/31/30
543,飲食店,食堂,,Ｏｓｔｅｒｉａ　ＬＡＭＰＩ,910-0064,福井市新田塚町１０６,,福井市指令生衛第20-1-136号,7/8/20,1/31/26
544,飲食店営業,一般食堂・レストラン等,スペインバル,ＯＴＴＯ,910-0023,福井市順化２丁目３－８前川ビル１Ｆ,0776-50-2183,福井市指令生衛第22-4-415号,3/22/23,4/30/28
545,飲食店営業,その他,クラフトビールバー,ＯＵＲ　ＢＲＥＷＩＮＧ,910-0006,福井市中央１丁目３－５ＦＵＫＵＭＡＣＨＩ　ＢＬＯＣＫ　１Ｆ　ＭＩＮＩＥ　ＦＨ１,,福井市指令生衛第23-3-394号,3/5/24,11/30/29
546,酒類製造業,酒類製造業,,ＯＵＲ　ＢＲＥＷＩＮＧ,910-0006,福井市中央１丁目３－５ＦＵＫＵＭＡＣＨＩ　ＢＬＯＣＫ　１Ｆ　ＭＩＮＩＥ　ＦＨ１,,福井市指令生衛第23-3-393号,2/26/24,11/30/30
547,飲食店営業,その他,カフェ,Ｏｕｒ　Ｐｌａｃｅ　Ｃａｆｅ,910-0023,福井市順化１丁目２４－４２近藤ビル　１０１,0776-89-1225,福井市指令生衛第23-3-179号,9/12/23,3/31/29
548,飲食店営業,その他,パチンコ店,Ｐ．Ａ．自遊時館,910-0015,福井市二の宮２丁目３１－３１Ｐ．Ａ．自遊時館,0776-29-0751,福井市指令生衛第21-4-486号,10/19/21,1/31/27
549,菓子製造業,菓子製造業,,ＰＡＮＴＥＳ　第二工場,910-0003,福井市松本４丁目１９－１２,0776-28-0365,福井市指令生衛第21-3-92号,9/3/21,1/31/27
550,菓子製造業,パン,,ＰＡＮＴＥＳ３６５　福井店,910-0003,福井市松本４丁目１２－１４,0776-28-0365,福井市指令生衛第22-4-372号,1/10/23,1/31/29
551,飲食店営業,その他,カフェ,ｐａｐｉｌｌｏｔｅ,910-0006,福井市中央１丁目１９－１６グレイスピア中央ビル　１Ｆ,,福井市指令生衛第22-3-193号,9/26/22,11/30/27
552,菓子製造業,菓子製造業,,ｐａｐｉｌｌｏｔｅ,910-0006,福井市中央１丁目１９－１６グレイスピア中央ビル　１Ｆ,,福井市指令生衛第22-3-194号,9/26/22,11/30/27
553,飲食店営業,その他,ベーグル店,Ｐａｒｋ　Ｃｏｆｆｅｅ　＆　Ｂａｇｅｌ,910-0121,福井市定正町８１０－１,0776-56-8009,福井市指令生衛第21-3-279号,2/18/22,9/30/27
554,菓子製造業,菓子製造業,,Ｐａｒｋ　Ｃｏｆｆｅｅ　＆　Ｂａｇｅｌ,910-0121,福井市定正町８１０－１,0776-56-8009,福井市指令生衛第22-3-80号,6/27/22,9/30/27
555,そうざい製造業,そうざい製造業,,Ｐａｒｋ　Ｃｏｆｆｅｅ　＆　Ｂａｇｅｌ,910-0121,福井市定正町８１０－１,0776-56-8009,福井市指令生衛第22-3-91号,6/27/22,9/30/27
556,飲食店営業,その他,,Ｐａｒｔｙ’ｓ　Ｂａｒ　ＢｅＲｅＴＴａ,910-0023,福井市順化２丁目８－１４パークサイドタワーＢ１,,福井市指令生衛第21-3-172号,11/5/21,4/30/27
557,菓子製造業,菓子製造業,,Pâtisserie　dépôt,919-0305,福井市徳光町４５－４,,福井市指令生衛第23-3-423号,3/6/24,8/31/30
558,菓子製造業,菓子製造業,製造販売,Ｐａｔｉｓｓｅｒｉｅ　Ｋ,918-8025,福井市江守中１丁目１０１江守センタービル１０１,0776-89-1988,福井市指令生衛第21-3-195号,4/18/22,5/31/28
559,菓子製造業,一般,,Ｐａｔｉｓｓｅｒｉｅ・Ｓａｃｈｉ,910-0854,福井市御幸３丁目８－４３,0776-27-0570,福井市指令生衛第21-1-47号,5/26/21,7/31/26
560,飲食店営業,その他,韓国料理店,ＰＥＧＯＰＡ,910-0023,福井市順化２丁目２１－１７ライブリービル　２Ｆ南側,0776-97-8038,福井市指令生衛第22-3-236号,10/31/22,4/30/28
561,飲食店,食堂,,Ｐｅｔｉｔ ａｎｎ,910-0067,福井市新田塚２丁目８３０３,0776-23-5011,福井市指令生衛第20-1-63号,5/13/20,1/31/27
562,飲食店営業,その他,ＢＡＲ,Ｐｈｉｌｉｐｐｉｎｅ　ＢＡＲ　Ｄｉａ,910-0023,福井市順化２丁目１５－１９セイコービル　２０２号室,,福井市指令生衛第21-3-152号,10/25/21,4/30/27
563,飲食店営業,その他,スナック,ＰＨＯＥＮＩＸ,910-0023,福井市順化１丁目７－８エドモンド片町ビル５階Ⅰ,,福井市指令生衛第22-3-204号,10/17/22,3/31/28
564,飲食店,社交飲食,,ＰＩＣＫ　ＵＰ　Ｂａｒ＆Ｃａｆｅ,910-0023,福井市順化２丁目２２－１７ミヤコビル２０２号,,福井市指令生衛第19-1-180号,9/11/19,4/30/25
565,飲食店,社交飲食,,Ｐｉｃｋ　ｕｐ　ｂaｒ＆ｃaｆe,910-0023,福井市順化２丁目２２－１７ミヤコビル２０２号室,0776-50-2335,福井市指令生衛第20-1-118号,6/24/20,4/30/26
566,飲食店営業,その他,バー,Ｐｉｎｅ’ｓ　Ｂａｒ,910-0023,福井市順化２丁目２０－１６,0776-24-3221,福井市指令生衛第24-4-440号,2/6/25,4/30/30
567,飲食店営業,その他,カフェ,ＰＬＡＹＣＥ,910-0006,福井市中央１丁目３－５ＦＵＫＵＭＡＣＨＩ　ＢＬＯＣＫ　１階　Ｗ１０１,,福井市指令生衛第24-3-293号,11/1/24,11/30/29
568,菓子製造業,一般,,Ｐｌｕｍｐ,918-8027,福井市福２丁目１２０１－２,,福井市指令生衛第19-1-183号,11/8/19,5/31/25
569,飲食店営業,その他,バー,ＰＯＯＬ　ＢＡＲ　ＬＵＫＥＳ,910-0023,福井市順化１丁目１０－９ドリームタウンビル　ＢＦ,0776-76-3751,福井市指令生衛第22-3-292号,12/22/22,3/31/28
570,飲食店営業,その他,ピザ店,ＰＯＲＴ’Ｓ　ＰＩＺＺＡ,918-8045,福井市福新町２００４－１,,福井市指令生衛第21-4-793号,3/15/22,5/31/27
571,飲食店営業,その他,バー,Ｐ―ｆｅ　ＰＡＳ　ＴＩＭＥ,910-0858,福井市手寄１丁目１３―９メゾンドルーブル１Ｆ,,福井市指令生衛第21-4-139号,6/29/21,7/31/26
572,飲食店営業,その他,ラウンジ,Ｐｒｅｃｉｏｕｓ,910-0023,福井市順化１丁目１５－９片町スカイパレス５階　５０１,,福井市指令生衛第24-3-257号,10/4/24,3/31/30
573,飲食店営業,その他,ラウンジ,Ｐｒｅｔｔｙ　Ｍａｙ,910-0023,福井市順化１丁目１６－１０シャトレー片町３０１,,福井市指令生衛第23-3-43号,5/19/23,3/31/29
574,飲食店,社交飲食,,Ｐｒｉｖａｔｅ　Ｐｌａｃｅ,910-0026,福井市光陽２丁目１８―２３,,福井市指令生衛第20-2-728号,1/21/21,2/28/26
575,飲食店営業,その他,バー,Ｐｒｏｌｏｇｕｅ　プロローグ,910-0023,福井市順化２丁目２０－１７セレクトシティ片町４０１,,福井市指令生衛第22-3-284号,12/12/22,4/30/28
576,飲食店営業,一般食堂・レストラン等,カフェ,ＰＲＯＮＴＯ福井駅前店,910-0006,福井市中央１丁目２－１ハピリン１階,0776-21-8163,福井市指令生衛第21-4-366号,10/19/21,11/30/26
577,飲食店営業,その他,バー,ＰＲＯＰＥＬＬＥＲ,910-0023,福井市順化１丁目１０－１２ＫＫビルＢＦ,0776-27-4342,福井市指令生衛第21-4-688号,3/3/22,3/31/27
578,飲食店,社交飲食,,ＰＵＲＰＬＥ,910-0023,福井市順化１丁目８－１７ダイナソービル　３Ｆ,,福井市指令生衛第20-1-442号,3/2/21,3/31/26
579,飲食店営業,その他,バー,Ｑｕａｔｒｅ,910-0023,福井市順化１丁目１７－２８ジョイフル片町１Ｆ－Ｂ,0776-27-4447,福井市指令生衛第24-4-379号,2/6/25,3/31/30
580,飲食店営業,その他,カラオケ喫茶,Ｒ,910-0026,福井市光陽２丁目１８－１４田中光陽テナントビル南側,,福井市指令生衛第24-3-324号,11/25/24,2/28/30
581,飲食店営業,その他,スナック,ＲＡＩＳＥ,910-0023,福井市順化１丁目１７－２３サンロイヤル片町３０２号室,,福井市指令生衛第23-3-78号,6/29/23,3/31/29
582,飲食店営業,その他,スナック,ＲＡＩＳＥ,910-0023,福井市順化１丁目１４－２１アルバビル２０２号室,,福井市指令生衛第24-3-168号,8/2/24,3/31/30
583,飲食店,めん類,,ＲＡＭＥＮ　Ｗ,910-0842,福井市開発２丁目２０７,0776-50-2940,福井市指令生衛第20-1-90号,6/11/20,12/31/25
584,飲食店,社交飲食,,Ｒａｎｕｎｃｕｌｕｓ,910-0023,福井市順化２丁目２２－１寺木ビル３０２号,0776-50-2915,福井市指令生衛第20-1-211号,9/28/20,4/30/26
585,飲食店,仕出し弁当,,Ｒｅ　ｅｃｈｏ,910-0804,福井市高木中央２丁目３８０１－１,,福井市指令生衛第20-1-336号,11/25/20,12/31/25
586,菓子製造業,一般,,Ｒｅ　ｅｃｈｏ,910-0804,福井市高木中央２丁目３８０１－１,,福井市指令生衛第20-1-376号,12/17/20,12/31/25
587,飲食店営業,その他,バー,Ｒｅａｌ,910-0023,福井市順化２丁目１３－１４ＣＯＰＡビル５Ｆ　Ｇ号室,,福井市指令生衛第22-3-283号,12/23/22,4/30/28
588,飲食店営業,その他,カラオケスナック,ＲｅＢＯＲＮ,910-0011,福井市経田１丁目１４１８,,福井市指令生衛第24-3-332号,12/9/24,1/31/30
589,飲食店営業,その他,バー,Ｒｅｓｔ,910-0023,福井市順化２丁目１２－１９プラチナビル５階　５０１号室,,福井市指令生衛第23-3-11号,4/12/23,4/30/28
590,飲食店営業,その他,ラウンジ,ＲＥＴＥＮＴＩＲ,910-0023,福井市順化２丁目１２－１ＫＴ・ＮＩＮＥビル２Ｆ　２Ｂ,0776-25-1505,福井市指令生衛第23-3-22号,4/21/23,4/30/28
591,飲食店営業,その他,ＢＡＲ,ＲＥＸ,910-0005,福井市大手２丁目６－１大手ビル　４Ｆ,0776-43-9919,福井市指令生衛第24-3-350号,12/26/24,11/30/30
592,飲食店,社交飲食,,Ｒｉｃｃａｒ,910-0023,福井市順化２丁目２２―３ＴＭビル３Ｆ,0776-20-6161,福井市指令生衛第20-2-1001号,3/24/21,4/30/26
593,飲食店営業,その他,ＢＡＲ,ＲＩＣＥ　ＢＡＲ,910-0006,福井市中央３丁目５－１２武田ビル１Ｆ,0776-30-1100,福井市指令生衛第21-4-342号,9/22/21,11/30/26
594,菓子製造業,菓子製造業,,Ｒｉｃｈ＆Ｒｉｃｅ　Ｂｒｏｔｈｅｒ'ｓ,918-8105,福井市木田１丁目３４１２シダーテラスＤ－１,,福井市指令生衛第23-3-214号,10/5/23,10/31/28
595,飲食店営業,その他,ラウンジ,ＲＩＣＨＥＢＯＵＲＧ,910-0023,福井市順化１丁目１７－１２ベルトピア片町　４０１号室,0776-27-0705,福井市指令生衛第24-4-351号,1/14/25,3/31/30
596,飲食店営業,その他,ラウンジ,Ｒｉｓｅｌ,910-0023,福井市順化２丁目２０－１片町ランドマークビル２－Ｃ,0776-43-9464,福井市指令生衛第23-4-473号,2/15/24,4/30/29
597,飲食店営業,一般食堂・レストラン等,そば屋,ＲＬ,910-0005,福井市大手２丁目３４１１屋台村Ｉ,,福井市指令生衛第23-3-340号,1/30/24,11/30/29
598,飲食店営業,その他,カフェ,ＲＯＫＫＡ,910-0003,福井市松本３丁目１０－１１,0776-50-0612,福井市指令生衛第24-3-71号,6/5/24,1/31/30
599,菓子製造業,菓子製造業,,ＲＯＫＫＡ,910-0003,福井市松本３丁目１０－１１,0776-50-0612,福井市指令生衛第24-3-72号,6/5/24,1/31/30
600,飲食店営業,その他,カフェ、喫茶店,ＲＯＬＬＩＥ’ｓ　ＣＯＦＦＥＥ,910-0029,福井市日光２丁目２－５林マンション１Ｆ　１０２,,福井市指令生衛第23-3-437号,4/11/24,2/28/30
601,飲食店営業,その他,日本酒Ｂａｒ,Ｒｏｏｍ,910-0006,福井市中央１丁目２１－４０北ノ庄ビル北口２Ｆ,,福井市指令生衛第21-4-383号,10/7/21,11/30/26
602,飲食店営業,その他,バー,ＲｏｏＭ,910-0023,福井市順化１丁目１４－２３エルシャトービル１Ｆ　Ｂ,,福井市指令生衛第23-3-284号,12/14/23,3/31/29
603,飲食店,社交飲食,,Ｒｏｓｅ　ｐｅｔａｌ,910-0023,福井市順化２丁目７－１８三栄ビル２Ｆ東,,福井市指令生衛第20-1-348号,11/27/20,4/30/26
604,飲食店営業,その他,喫茶店,Ｒｏｚｅｌｌ,910-0138,福井市東森田３丁目１１６,0776-92-0425,福井市指令生衛第22-4-120号,7/12/22,9/30/27
605,菓子製造業,菓子製造業,,Ｒｏｚｅｌｌ,910-0138,福井市東森田３丁目１１６,0776-92-0425,福井市指令生衛第22-4-121号,7/12/22,9/30/27
606,そうざい製造業,そうざい製造業,,Ｒｏｚｅｌｌ,910-0138,福井市東森田３丁目１１６,0776-92-0425,福井市指令生衛第24-3-217号,9/5/24,9/30/29
607,飲食店営業,その他,Ｂａｒ,ＲＳ,910-0028,福井市学園２丁目１－２３吉田ビル１０１,0776-84-8994,福井市指令生衛第22-3-370号,3/20/23,2/28/29
608,飲食店営業,その他,カフェ,ＲＳｃａｆｅ＋Ｄｏｇ,918-8067,福井市飯塚町９－１１２,0776-84-2903,福井市指令生衛第23-3-318号,1/29/24,5/31/29
609,飲食店営業,その他,ディスコクラブ,ＲｕｍＦｉｒｅ,910-0006,福井市中央１丁目１７－１５サンジェルマンビル５Ｆ,0776-21-2777,福井市指令生衛第21-4-538号,11/22/21,11/30/26
610,飲食店営業,一般食堂・レストラン等,洋食店,ＲＵＮＮＹ　ＣＨＥＥＳＥ,910-0837,福井市高柳２丁目１６１２,0776-52-5008,福井市指令生衛第24-4-254号,11/7/24,12/31/29
611,飲食店営業,一般食堂・レストラン等,レストラン,ｓａｂｉ,910-0001,福井市大願寺１丁目５－１９,0776-43-6576,福井市指令生衛第21-3-329号,4/5/22,1/31/28
612,食肉販売業,一般,,ＳＡＣＨＩＡＬ　ＦＡＣＴＯＲＹ,910-0842,福井市開発４丁目３０６,0776-50-7095,福井市指令生衛第20-1-383号,3/22/21,12/31/27
613,食肉処理業,一般,,ＳＡＣＨＩＡＬ　ＦＡＣＴＯＲＹ,910-0842,福井市開発４丁目３０６,0776-50-7095,福井市指令生衛第20-1-384号,3/22/21,12/31/27
614,食品の冷凍又は冷蔵業,一般,,ＳＡＣＨＩＡＬ　ＦＡＣＴＯＲＹ,910-0842,福井市開発４丁目３０６,0776-50-7095,福井市指令生衛第20-1-385号,3/22/21,12/31/27
615,飲食店営業,その他,バー,Ｓａｉ,910-0023,福井市順化１丁目２４－１７玉村ビルＢ１Ｆ,,福井市指令生衛第23-3-115号,7/18/23,3/31/29
616,飲食店,仕出し弁当,,Ｓａｉｇｏｎ　ｃａｆｅ,918-8055,福井市若杉４丁目２１２,0776-33-1445,福井市指令生衛第19-1-422号,1/22/20,5/31/25
617,菓子製造業,一般,,Ｓａｉｇｏｎ　ｃａｆｅ,918-8055,福井市若杉４丁目２１２,0776-33-1445,福井市指令生衛第19-1-423号,1/22/20,5/31/25
618,そうざい製造業,そうざい製造業,Ｂａｒ,ＳＡＬＩＣＥ,910-0023,福井市順化１丁目１５－１ＫＩＨＡＣＨＩビル　Ｂ1,0776-43-6686,福井市指令生衛第24-3-25号,4/24/24,3/31/30
619,菓子製造業,菓子製造業,,ＳＡＬＩＣＥ,910-0023,福井市順化１丁目１５－１ＫＩＨＡＣＨＩビル　Ｂ1,0776-43-6686,福井市指令生衛第24-4-403号,1/28/25,3/31/31
620,飲食店営業,その他,バー,ＳＡＬＩＣＥ,910-0023,福井市順化１丁目１５－１ＫＩＨＡＣＨＩビル　Ｂ1,0776-43-6686,福井市指令生衛第24-4-404号,1/28/25,3/31/30
621,飲食店営業,その他,スナック,ＳＡＬＯＮ　ＤＥ　紅,910-0023,福井市順化２丁目２０－１４片町Ｋプラザビル１Ｆ１０２,0776-21-0565,福井市指令生衛第22-4-411号,2/6/23,4/30/28
622,飲食店営業,その他,Ｂａｒ,Ｓａｎｔａｎａ,910-0006,福井市中央１丁目２１－７,,福井市指令生衛第23-4-230号,10/17/23,11/30/28
623,飲食店,社交飲食,,ＳＡＹＡ,910-0023,福井市順化１丁目１７－５片町ＫＩＭＵＲＡビルＦ３Ａフロア,0776-21-0038,福井市指令生衛第20-1-46号,4/23/20,3/31/26
624,飲食店営業,その他,バー,Ｓｅｃｒｅｔ　Ｅｄｅｎ　Ｂａｒ　ＤＡＬＩ,910-0023,福井市順化２丁目２２－３ＴＭビル　１Ｆ　１０２,,福井市指令生衛第24-3-310号,11/8/24,4/30/30
625,菓子製造業,菓子製造業,,ＳＥＭＥＲ　ｐａｒ　Ａｔｅｌｉｅｒ　ＣＯＥＲＮ,918-8024,福井市舞屋町１０－８１６－１,,福井市指令生衛第21-3-175号,11/15/21,5/31/27
626,アイスクリーム類製造業,アイスクリーム類製造業,,ＳＥＭＥＲ　ｐａｒ　Ａｔｅｌｉｅｒ　ＣＯＥＲＮ,918-8024,福井市舞屋町１０－８１６－１,,福井市指令生衛第21-3-176号,11/15/21,5/31/27
627,飲食店営業,その他,,ＳＥＭＥＲ　ｐａｒ　Ａｔｅｌｉｅｒ　ＣＯＥＲＮ,918-8024,福井市舞屋町１０－８１６－１,,福井市指令生衛第21-3-177号,11/15/21,5/31/27
628,飲食店営業,その他,カラオケバー,ＳＥＲＥＮＥ,910-0023,福井市順化２丁目１３－１４ＣＯＰＡビル　３階Ａ号室,0776-29-1388,福井市指令生衛第22-3-279号,12/21/22,4/30/28
629,飲食店営業,その他,スナック,ＳＥＶＥＮ’Ｓ,910-0023,福井市順化２丁目１２－１８片町フォーカス４Ｆ　４０１,,福井市指令生衛第24-4-442号,2/4/25,4/30/30
630,飲食店営業,その他,ラウンジ,ＳＨＡＤＯＷ,910-0023,福井市順化１丁目１３－１４フェニックスコート順化ビル２Ｆ,0776-43-0082,福井市指令生衛第24-4-381号,1/16/25,3/31/30
631,飲食店営業,その他,スナック,Ｓｈａｍｐｏｏ,910-0023,福井市順化２丁目１２－１４プリンスビル　２Ｆ　２０１,0776-25-0704,福井市指令生衛第23-4-529号,2/13/24,4/30/29
632,飲食店,食堂,,ｓｈａｎｇ　ｈａｉ　Ｃａｆｅ　香美楽,910-0068,福井市舟橋新２丁目１１１５―１,,福井市指令生衛第20-2-595号,11/26/20,12/31/25
633,水産製品製造業,水産製品製造業,,ＳＨＩＢＡＴＡ・Ｐ・Ｃ,918-8204,福井市南四ツ居２丁目２－３,0776-50-2261,福井市指令生衛第22-4-113号,6/23/22,7/31/27
634,飲食店営業,その他,カフェバー,ＳＨＩＭＡ,910-0006,福井市中央１丁目２１－３１１F,,福井市指令生衛第22-3-269号,11/28/22,11/30/27
635,飲食店,社交飲食,,ｓｈｉｒａｎａｇｉ,918-8027,福井市福１丁目２８０８大久保マンション１０３Ｔ,,福井市指令生衛第20-1-315号,11/13/20,5/31/26
636,飲食店,社交飲食,,Ｓｈｉｓｈａ　Ｂａｒ　ｃｈｉＬＬ　ｓｈａｎｔｉ,910-0023,福井市順化２丁目８－１４パークサイドタワービル５Ｆ,,福井市指令生衛第19-1-521号,3/23/20,4/30/25
637,飲食店営業,その他,ＢＡＲ,Ｓｈｉｓｈａ　ｂａｒ　ほのぼの,910-0015,福井市二の宮５丁目３－４,,福井市指令生衛第23-3-456号,3/25/24,1/31/30
638,飲食店,社交飲食,,Ｓｈｕｕ,910-0023,福井市順化１丁目１７－１５オリエンタル５　２Ｆ２０１,,福井市指令生衛第19-1-142号,8/14/19,3/31/25
639,飲食店営業,その他,喫茶店,Ｓｈоｗ－оｎ　Ｇ　茶坊,910-2165,福井市東郷二ケ町３６－９,0776-41-0252,福井市指令生衛第22-3-129号,8/5/22,7/31/28
640,飲食店,食堂,,Ｓｉａｍ,910-0832,福井市新保町１０－３３,,福井市指令生衛第19-1-447号,2/14/20,12/31/25
641,飲食店営業,一般食堂・レストラン等,タイ料理店,ＳＩＡＭ　ＳＴＲＥＥＴ　ＦＯＯＤ,910-0005,福井市大手３丁目５－１８２Ｆ　,,福井市指令生衛第24-3-130号,7/1/24,11/30/29
642,飲食店営業,その他,バー,ＳＩＭＯＮ,910-0016,福井市大宮３丁目２９－１４コーポＦ１０１,0776-21-7188,福井市指令生衛第23-4-461号,1/19/24,2/28/29
643,飲食店営業,その他,バー,ｓｉｏｎ,910-0023,福井市順化１丁目１７－２９ＳＫ館２Ｆ　２Ａ,,福井市指令生衛第24-3-144号,7/1/24,3/31/30
644,飲食店,軽食,,ＳＪストアー,910-0019,福井市春山１丁目１－１９,,福井市指令生衛第20-1-426号,2/24/21,4/30/26
645,飲食店営業,その他,バー,ＳＫＢ,910-0023,福井市順化２丁目１２－１４プリンスビル２Ｆ　２０２,,福井市指令生衛第23-3-424号,3/7/24,4/30/29
646,飲食店営業,その他,社交飲食店,ＳＮＡＣＫ　カサブランカ　ＣＡＳＡ　ＢＬＡＮＣＡ,910-0023,福井市順化１丁目１４－１３亜米利館ビル　３階　３０２号室,,福井市指令生衛第24-3-219号,9/26/24,3/31/30
647,飲食店営業,その他,スナック,ＳＮＡＣＫ　ひな乃,910-0023,福井市順化１丁目１７－８勝ビル２Ｆ　２０１,0776-27-7676,福井市指令生衛第22-4-361号,2/7/23,3/31/28
648,飲食店営業,その他,カフェ,Ｓｎｏｗｃａｆｅ　焙煎工房,910-2172,福井市荒木新保町３１－２１,,福井市指令生衛第22-4-78号,5/31/22,7/31/27
649,飲食店営業,その他,スナック,ＳＯＨＭＡ　ＣＬＵＢ,910-0023,福井市順化２丁目２２－３ＴＭビル地下１階,0776-25-3335,福井市指令生衛第21-4-714号,3/23/22,4/30/27
650,飲食店,食堂,,Ｓｏｉｎ,910-0805,福井市高木２丁目１１２―３,0776-97-5633,福井市指令生衛第20-2-556号,11/26/20,12/31/25
651,食肉販売業,食肉販売業,,Ｓｏｋｏ－Ｓｏｋｏ,910-0011,福井市経田１丁目７０７,0776-20-2123,福井市指令生衛第22-3-56号,5/30/22,1/31/29
652,そうざい製造業,そうざい製造業,,Ｓｏｋｏ－Ｓｏｋｏ,910-0011,福井市経田１丁目７０７,0776-20-2123,福井市指令生衛第22-3-57号,5/30/22,1/31/29
653,菓子製造業,菓子製造業,,Ｓｏｋｏ－Ｓｏｋｏ,910-0011,福井市経田１丁目７０７,0776-20-2123,福井市指令生衛第22-3-58号,5/30/22,1/31/29
654,水産製品製造業,水産製品製造業,,Ｓｏｋｏ－Ｓｏｋｏ,910-0011,福井市経田１丁目７０７,0776-20-2123,福井市指令生衛第22-3-188号,9/30/22,1/31/28
655,麺類製造業,麺類製造業,,Ｓｏｋｏ－Ｓｏｋｏ,910-0011,福井市経田１丁目７０７,0776-20-2123,福井市指令生衛第23-3-6号,4/25/23,1/31/30
656,飲食店営業,その他,素麺提供ができるＢＡＲ,ＳＯＭＥＮ　ＢＡＲ　白線屋,910-0023,福井市順化１丁目１８－７Ａｙｕビル　３Ｆ北,,福井市指令生衛第24-3-329号,12/23/24,3/31/30
657,飲食店,社交飲食,,ＳＯＲＡＮＯＧＡＲＤＥＮ,910-0006,福井市中央１丁目８－１西武福井店屋上,0776-21-8180,福井市指令生衛第20-1-117号,7/1/20,11/30/25
658,飲食店営業,その他,Ｓｏｙスイーツ専門店,Ｓｏｙ　Ｓｗｅｅｔｓ　ごーる堂　Ｄｏ+,910-0006,福井市中央１丁目３－５ＦＵＫＵＭＡＣＨＩ　ＢＬＯＣＫ　ＭＩＮＩＥ　１Ｆ　歴史の道２６,,福井市指令生衛第23-3-379号,3/5/24,11/30/29
659,飲食店,社交飲食,,ＳＴＡＲＬＩＧＨＴ,910-0027,福井市順化１丁目１２－４福ビル１０２号室,,福井市指令生衛第20-1-282号,10/16/20,3/31/26
660,飲食店営業,旅館,ホテル,Ｓｕｂｓｔａｎｃｅ,910-0006,福井市中央１丁目３－５コートヤード・バイ・マリオット福井１５Ｆ,0776-50-6621,福井市指令生衛第23-3-368号,2/27/24,11/30/29
661,菓子製造業,菓子製造業,,Ｓｕｂｓｔａｎｃｅ,910-0006,福井市中央１丁目３－５コートヤード・バイ・マリオット福井１５Ｆ,0776-50-6621,福井市指令生衛第23-3-369号,2/27/24,11/30/29
662,菓子製造業,菓子製造業,,ｓｕｇａｒｈｏｕｓｅ,910-0015,福井市二の宮３丁目３１－１７,,福井市指令生衛第22-3-267号,12/2/22,1/31/28
663,飲食店営業,その他,アミューズメントバー,ｓｕｉｔｓ,910-0023,福井市順化１丁目１８－１０そば重ビル２Ｆ,0776-50-0610,福井市指令生衛第24-3-103号,6/3/24,3/31/30
664,飲食店営業,その他,バー,ＳＵＮ’Ｓ　Ｂａｒ,910-0023,福井市順化２丁目２２－１寺木ビル３Ｆ３０１,0776-28-2270,福井市指令生衛第22-4-412号,2/9/23,4/30/28
665,魚介類販売業,一般,,ＳＵＰＥＲ　ＣＥＮＴＥＲ　ＰＬＡＮＴ－３　清水店,910-3608,福井市三留町２１－４,0776-98-7300,福井市指令生衛第19-2-60号,5/20/19,6/30/25
666,飲食店,仕出し弁当,,ＳＵＰＥＲ　ＣＥＮＴＥＲ　ＰＬＡＮＴ－３　清水店,910-3608,福井市三留町２１－４,0776-98-7300,福井市指令生衛第19-2-61号,5/20/19,6/30/25
667,食肉販売業,一般,,ＳＵＰＥＲ　ＣＥＮＴＥＲ　ＰＬＡＮＴ－３　清水店,910-3608,福井市三留町２１－４,0776-98-7300,福井市指令生衛第19-2-63号,5/20/19,6/30/25
668,飲食店,そうざい,,ＳＵＰＥＲ　ＣＥＮＴＥＲ　ＰＬＡＮＴ－３　清水店,910-3608,福井市三留町２１－４,0776-98-7300,福井市指令生衛第19-2-64号,5/20/19,6/30/25
669,菓子製造業,一般,,ＳＵＰＥＲ　ＣＥＮＴＥＲ　ＰＬＡＮＴ－３　清水店,910-3608,福井市三留町２１－４,0776-98-7300,福井市指令生衛第19-2-66号,5/20/19,6/30/25
670,飲食店,仕出し弁当,,ＳＵＰＥＲ　ＣＥＮＴＥＲ　ＰＬＡＮＴ－３　清水店,910-3608,福井市三留町２１－４,0776-98-7311,福井県指令福保第1810449号,10/10/18,5/31/25
671,そうざい製造業,そうざい製造業,,ＳＵＰＥＲ　ＣＥＮＴＥＲ　ＰＬＡＮＴ－３　清水店,910-3608,福井市三留町２１－４,0776-98-7300,福井市指令生衛第22-3-275号,12/5/22,6/30/28
672,飲食店営業,その他,喫茶店,ＳＵＰＥＲ　ＣＥＮＴＥＲ　ＰＬＡＮＴ－３　清水店,910-3608,福井市三留町２１－４,0776-98-7311,福井市指令生衛第22-4-446号,3/23/23,6/30/29
673,そうざい製造業,そうざい製造業,,ＳＵＰＥＲ　ＣＥＮＴＥＲ　ＰＬＡＮＴ－３　清水店,910-3608,福井市三留町２１－４,0776-98-7300,福井市指令生衛第23-3-67号,6/9/23,6/30/29
674,飲食店営業,その他,スーパーセンター,ＳＵＰＥＲ　ＣＥＮＴＥＲ　ＰＬＡＮＴ－３　清水店,910-3608,福井市三留町２１－４,0776-98-7311,福井市指令生衛第23-4-490号,3/28/24,6/30/29
675,菓子製造業,菓子製造業,,ＳＵＰＥＲ　ＣＥＮＴＥＲ　ＰＬＡＮＴ－３　清水店　フレッシュジュース室,910-3608,福井市三留町２１－４,0776-98-7311,福井市指令生衛第24-3-203号,9/5/24,6/30/31
676,飲食店営業,その他,クレープ店,ＳＷＥＥＴＳ　ＰＡＲＬＯＲ　ＤＩＮＯ,910-0028,福井市学園２丁目１２－１９コーポうめだ１０３,,福井市指令生衛第23-3-196号,9/20/23,2/28/29
677,飲食店営業,その他,バー,ｓｗｅｌｌ,910-0006,福井市中央１丁目２０－２４ＡＣＯＷＡｔｅｅビル　Ｂ１Ｆ,,福井市指令生衛第24-4-207号,10/8/24,11/30/29
678,飲食店営業,その他,スポーツジム,ＴＡＫＥＩ　ＰＯＷＥＲ　ＧＹＭ,918-8026,福井市渕３丁目１２５－１,,福井市指令生衛第22-3-81号,6/17/22,5/31/28
679,飲食店営業,その他,カフェ,ＴＡＫＩＢＩ,910-0102,福井市川合鷲塚町２５－１０－１,0776-43-9548,福井市指令生衛第22-3-324号,2/17/23,9/30/28
680,飲食店,仕出し弁当,,Tapas deli Hasta mañana,918-8112,福井市下馬２丁目１８１７－１,0776-92-0164,福井市指令生衛第20-1-115号,8/5/20,10/31/25
681,菓子製造業,一般,,Tapas deli Hasta mañana,918-8112,福井市下馬２丁目１８１７－１,0776-92-0164,福井市指令生衛第20-1-116号,8/5/20,10/31/25
682,飲食店営業,その他,ＢＡＲ,ＴＡＳＴＥ２,910-0023,福井市順化２丁目６－１８泉谷ビル２Ｆ,0776-65-8388,福井市指令生衛第24-3-336号,12/6/24,4/30/30
683,飲食店営業,一般食堂・レストラン等,イタリアンレストラン,Ｔａｖｅｒｎａ　ｅ　Ｂａｒ　Ｃａｐｉｔａｎｏ,910-0138,福井市東森田１丁目２１２１,0776-65-0694,福井市指令生衛第21-4-194号,7/21/21,9/30/26
684,飲食店営業,その他,ラウンジ,ＴＥＮ,910-0023,福井市順化１丁目１５－１ＫＩＨＡＣＨＩ　Ⅰビル　２階　Ａ号室,,福井市指令生衛第24-3-126号,6/17/24,3/31/30
685,飲食店,社交飲食,,ＴＨＥ　ＢＡＲ　ＬＯＴＵＳ,910-0023,福井市順化１丁目６―７金津屋ビル２Ｆ,0776-27-2788,福井市指令生衛第20-2-903号,3/24/21,3/31/26
686,飲食店営業,その他,ＢＡＲ,ＴＨＥ　ＢＡＲ　灯火,910-0005,福井市大手２丁目６－５プラザホテル２Ｆ,0776-28-2234,福井市指令生衛第21-3-5号,7/9/21,11/30/26
687,飲食店営業,その他,ダイニングバー,ｔｈｅ　ｂｅｓｔ　ｓｐａｃｅ　ＢＡＲ　ＦＵＫＵ,910-0006,福井市中央１丁目１７－１５サンジェルマンビル６階,0776-50-3641,福井市指令生衛第24-3-21号,4/18/24,11/30/29
688,飲食店営業,その他,喫茶,Ｔｈｅ　Ｇｒａｎｄ　ｃｏｆｆｅｅ,918-8239,福井市成和１丁目３１０６ｋｅｎｊｉビル,0776-21-5600,福井市指令生衛第21-4-107号,6/22/21,7/31/26
689,飲食店営業,その他,テイクアウト店,Ｔｈｅ　Ｇｒａｎｄ ｃｏｆｆｅｅ　Ｓｔａｎｄ　Ｅｃｈｉｚｅｎ　Ｒａｉｌｗａｙ  Ｆｕｋｕｉ　Ｓｔａ,910-0006,福井市中央１丁目１－３えちぜん鉄道福井駅　１Ｆ,,福井市指令生衛第24-3-35号,4/23/24,11/30/29
690,飲食店営業,旅館,ホテル,Ｔｈｅ　Ｌｏｕｎｇｅ＆Ｂａｒ,910-0006,福井市中央１丁目３－５コートヤード・バイ・マリオット福井１６Ｆ,0776-50-6621,福井市指令生衛第23-3-367号,2/27/24,11/30/29
691,飲食店営業,その他,ラウンジ,ＴＨＥ　Ｍｏｏｎ.,910-0023,福井市順化２丁目２０－１３シャンティ片町１０１,0776-29-1707,福井市指令生衛第23-3-46号,5/12/23,4/30/29
692,飲食店営業,その他,ライブハウス,ＴＨＥ　ＳＴＡＧＥ　ＫＩＴＡＮＯＳＨＯ,910-0006,福井市中央１丁目１７－１５サンジェルマンビル４０１,,福井市指令生衛第24-3-231号,11/13/24,11/30/29
693,飲食店,軽食,,Ｔｈｒｅｅ　Ｔｉｍｅｓ　Ｃｏｆｆｅｅ,910-0023,福井市順化１丁目１－１,0776-25-8016,福井市指令生衛第20-1-294号,10/28/20,3/31/27
694,飲食店,仕出し弁当,,Ｔｈｒｅｅ８,918-8112,福井市下馬３丁目１３０２,0776-97-5969,福井市指令生衛第19-1-526号,4/1/20,10/31/25
695,菓子製造業,菓子製造業,,Ｔｈｒｅｅ８,918-8112,福井市下馬３丁目１３０２,0776-97-5969,福井市指令生衛第23-3-443号,4/8/24,10/31/29
696,アイスクリーム類製造業,アイスクリーム類製造業,,ＴＨＲＥＥ８,918-8112,福井市下馬３丁目１３０２,0776-97-5969,福井市指令生衛第24-3-157号,7/22/24,10/31/29
697,菓子製造業,菓子製造業,,ＴＩＢＯＮＩＴＡ　ＣＯＦＦＥＥ,910-0015,福井市二の宮５丁目２－３,,福井市指令生衛第23-3-321号,1/25/24,1/31/30
698,飲食店営業,その他,カラオケバー,ＴＯＢ,910-0023,福井市順化１丁目１７－１１日の丸ビル１Ｆ,0776-35-0190,福井市指令生衛第21-4-682号,2/1/22,3/31/27
699,飲食店営業,その他,カフェ,Ｔｏｃｏ　Ｔｏｃｏ,918-8151,福井市中荒井町１０－１８,0776-58-3552,福井市指令生衛第24-4-160号,8/8/24,10/31/29
700,飲食店,仕出し弁当,,Ｔｏｔｏ　ｂａｓｅ　高木店,910-0804,福井市高木中央１丁目４０１,0776-52-1003,福井市指令生衛第20-1-212号,10/7/20,12/31/26
701,菓子製造業,一般,,Ｔｏｔｏ　ｂａｓｅ　高木店,910-0804,福井市高木中央１丁目４０１,0776-52-1003,福井市指令生衛第20-1-213号,10/7/20,12/31/26
702,魚介類販売業,一般,,Ｔｏｔｏ　ｂａｓｅ　高木店,910-0804,福井市高木中央１丁目４０１,0776-52-1003,福井市指令生衛第20-1-214号,10/7/20,12/31/26
703,飲食店営業,その他,バー,ＴＯ－Ｙ,918-8202,福井市大東１丁目１－６コーポラス冨田１Ｆ,,福井市指令生衛第23-4-19号,5/9/23,7/31/28
704,飲食店,社交飲食,,ＴＯＹＳ　ＢＯＸ,910-0023,福井市順化１丁目１４―２３エルシャトービル１Ｆ,0776-28-2601,福井市指令生衛第19-2-761号,3/25/20,3/31/25
705,飲食店営業,その他,バー,Ｔｒａｍｏｎｔｉ,910-0006,福井市中央１丁目１９－１玉村第一ビル３Ｆ,0776-63-6671,福井市指令生衛第24-4-282号,11/14/24,11/30/29
706,菓子製造業,菓子製造業,,ＴＲＥＭＯＬＯ,910-0842,福井市開発２丁目１０５開発ガーデンスクウェア１０１,0776-57-1006,福井市指令生衛第22-3-208号,10/17/22,12/31/27
707,飲食店営業,その他,カフェ,ＴＲＥＭＯＬＯ,910-0842,福井市開発２丁目１０５開発ガーデンスクウェア１０１,0776-57-1006,福井市指令生衛第24-4-262号,11/7/24,12/31/29
708,飲食店,軽食,,ＴＲＯＮＣ,918-8058,福井市加茂緑苑町２２２,0776-63-6567,福井市指令生衛第20-2-9号,4/23/20,5/31/25
709,菓子製造業,その他菓子類製造業,,ＴＲＯＮＣ,918-8058,福井市加茂緑苑町２２２,0776-63-6567,福井市指令生衛第21-4-7号,6/1/21,5/31/28
710,飲食店営業,その他,ＢＡＲ,ＴＲＵＭＰ,910-0005,福井市大手２丁目６－１大手ビル３階,0776-28-5257,福井市指令生衛第24-4-188号,11/1/24,11/30/29
711,飲食店営業,一般食堂・レストラン等,集団給食,Ｔｓ’キッチン１,910-0028,福井市学園３丁目６－１福井工業大学２号館 Ｂ１,,福井市指令生衛第22-3-381号,3/22/23,2/28/29
712,飲食店営業,一般食堂・レストラン等,集団給食,Ｔｓ’キッチン２　啓発寮,910-0034,福井市菅谷２丁目３－６啓発寮,,福井市指令生衛第22-3-383号,3/22/23,2/28/29
713,飲食店営業,その他,居酒屋,ＴＳＵＧＩ,910-0023,福井市順化１丁目１２－１２シャングリラビル１０２,,福井市指令生衛第23-3-482号,4/11/24,3/31/30
714,飲食店営業,その他,バー,Ｕ,918-8026,福井市渕２丁目９１７,,福井市指令生衛第21-4-42号,6/1/21,5/31/27
715,飲食店営業,一般食堂・レストラン等,カフェ、レストラン,ＵＬＯ,910-0006,福井市中央１丁目３－５ＦＵＫＵＭＡＣＨＩ　ＢＬＯＣＫ　１Ｆ,0776-37-3575,福井市指令生衛第23-3-404号,2/22/24,11/30/29
716,菓子製造業,菓子製造業,,ＵＬＯ,910-0006,福井市中央１丁目３－５ＦＵＫＵＭＡＣＨＩ　ＢＬＯＣＫ　１Ｆ,0776-37-3575,福井市指令生衛第23-3-405号,2/22/24,11/30/29
717,そうざい製造業,そうざい製造業,,ＵＬＯ,910-0006,福井市中央１丁目３－５ＦＵＫＵＭＡＣＨＩ　ＢＬＯＣＫ　１Ｆ,0776-37-3575,福井市指令生衛第23-3-406号,2/22/24,11/30/29
718,飲食店営業,その他,宿泊施設営業,ＵＭＩＴＯＭＡ　ＯＣＥＡＮＶＩＥＷ　ＲＥＳＯＲＴ　ＥＣＨＩＺＥＮ,910-3553,福井市蒲生町１９－６－１,0776-76-3284,福井市指令生衛第22-3-340号,2/13/23,7/31/29
719,飲食店,社交飲食,,ＵＮＣＬＥ（アンクル）,910-0005,福井市大手３丁目１２―１４,0776-24-8411,福井市指令生衛第20-1-3号,4/7/20,11/30/25
720,飲食店営業,その他,ダイニングバー,ＵＮＤＥＲ　ＧＬＡＤ,910-0023,福井市順化２丁目１３－１４ＣＯＰＡビルＢ１階ＴＹＰＥＡ,0776-28-5999,福井市指令生衛第21-4-767号,3/3/22,4/30/27
721,飲食店営業,その他,スナック,Ｕｒａｒａｂｉ,910-0023,福井市順化２丁目１２－１４プリンスビル３階　３０１号,0776-26-0007,福井市指令生衛第21-4-695号,2/15/22,4/30/27
722,飲食店,仕出し弁当,,ｕｓａｐａｎ,918-8105,福井市木田３丁目２９０９,,福井市指令生衛第20-2-437号,9/17/20,10/31/25
723,菓子製造業,一般,,ｕｓａｐａｎ,918-8105,福井市木田３丁目２９０９,,福井市指令生衛第20-2-438号,9/17/20,10/31/25
724,飲食店営業,その他,Ｂａｒ,Ｖ８,910-0023,福井市順化２丁目８－１４パークサイドタワービル７Ｆ,,福井市指令生衛第21-3-119号,9/16/21,4/30/27
725,飲食店営業,その他,スナック,ＶＡＮＩＬＬＡ,910-0023,福井市順化１丁目８－１７ダイナソービル３階Ｌ号室,0776-89-1889,福井市指令生衛第24-4-446号,2/27/25,3/31/30
726,飲食店,食堂,,Ｖｅｃｃｈｉｅｔｔａ,918-8057,福井市加茂河原１丁目４－５,0776-33-0674,福井市指令生衛第19-1-207号,9/6/19,5/31/25
727,飲食店営業,その他,カフェ,ｖｅｇ.ｙａｒｄ,910-0804,福井市高木中央１丁目４０５,0776-52-1052,福井市指令生衛第24-3-320号,12/18/24,12/31/29
728,飲食店営業,その他,バー,Ｖｅｓｔｉｔｏ　Ｂａｒ,910-0023,福井市順化１丁目１７－７プランタン片町ビル４Ｆ　Ｂ,0776-23-0566,福井市指令生衛第23-4-442号,1/12/24,3/31/29
729,飲食店,仕出し弁当,,ＶＩＣＴＯＲＩＡ　ＦＯＲＥＳＴ,910-0067,福井市新田塚２丁目３３―１０,0776-26-1001,福井県指令福保第1910072号,3/22/19,1/31/26
730,菓子製造業,一般,,ＶＩＣＴＯＲＩＡ　ＦＯＲＥＳＴ,910-0067,福井市新田塚２丁目３３―１０,0776-26-1001,福井県指令福保第1910073号,3/22/19,1/31/26
731,飲食店営業,その他,ラウンジ,ＶＩＰ　ＡＭＯＮ,910-0023,福井市順化２丁目１３－１セントビュー片町　１Ｆ,0776-76-4195,福井市指令生衛第23-4-512号,2/7/24,4/30/29
732,飲食店営業,その他,カラオケラウンジ,ＶＩＰ　Ｓａｌｏｎ,910-0023,福井市順化２丁目２０－２エルミオーレビル２階　２０１号室,,福井市指令生衛第23-3-234号,11/7/23,4/30/29
733,飲食店,社交飲食,,ＶＩＰ呼詩,910-0023,福井市順化２丁目２０－２エルミオーレビル４Ｆ　４０１,0776-50-6103,福井市指令生衛第20-1-19号,4/17/20,4/30/25
734,飲食店営業,その他,ラウンジ,ＶＩＰ呼詩,910-0023,福井市順化２丁目２０－２エルミオーレビル４Ｆ　４０１号室,,福井市指令生衛第23-3-237号,11/7/23,4/30/29
735,菓子製造業,菓子製造業,,ＶＩＶＡＮＴ,918-8026,福井市渕２丁目１９０７,0776-43-1955,福井市指令生衛第22-3-265号,11/28/22,5/31/29
736,菓子製造業,菓子製造業,,ＶＩＶＡＮＴ,918-8026,福井市渕２丁目１９０７,0776-43-1955,福井市指令生衛第22-3-266号,11/28/22,5/31/29
737,飲食店営業,その他,スナック,Ｖｉｖｉａｎ．,910-0023,福井市順化１丁目１４－２２グランド桑の実２Ｆ奥,,福井市指令生衛第23-4-405号,1/23/24,3/31/29
738,菓子製造業,一般,,Ｖｏｎａ　Ｖｅｇｅ,910-0033,福井市三郎丸４丁目２０２サンライトビル１Ｆ　１０１,,福井市指令生衛第20-1-319号,11/18/20,2/28/26
739,飲食店営業,その他,カフェ,Ｖｏｎａ　Ｖｅｇｅ,910-0033,福井市三郎丸４丁目２０２サンライトビル１Ｆ　１０１,,福井市指令生衛第22-4-302号,12/20/22,2/29/28
740,菓子製造業,洋菓子,,Ｖｏｙａｇｅ　Ｂｌｕｅ,918-8236,福井市和田中１丁目３２７,,福井市指令生衛第21-3-266号,1/28/22,7/31/27
741,飲食店営業,その他,ラウンジ,ＶＶＩＰ　Ｓａｌｏｎ,910-0023,福井市順化２丁目２０－２エルミオーレビル１階　１０２号,,福井市指令生衛第24-3-210号,9/6/24,4/30/30
742,飲食店営業,その他,カフェ,ｗａｋｕ　ｔｅｒｒａｃｅ,910-3554,福井市浜北山町１８－８,,福井市指令生衛第24-3-263号,10/11/24,7/31/30
743,飲食店,社交飲食,,ｗａｌｋ,910-0023,福井市順化１丁目１５－１ＫＩＨＡＣＨＩ１ビル１Ｆ１－Ａ号室,0776-43-6242,福井市指令生衛第20-2-861号,2/18/21,3/31/26
744,飲食店,軽食,,ＷＡＴＡＲＩＧＬＡＳＳ　ｓｔｕｄｉｏ,910-3402,福井市鮎川町１７―１４,0776-88-2025,福井市指令生衛第20-2-124号,7/15/20,7/31/25
745,飲食店,軽食,,ＷＡＴＡＲＩＧＬＡＳＳｓｔｕｄｉｏ,910-3402,福井市鮎川町１７－１４,0776-88-2025,福井市指令生衛第20-1-507号,5/28/21,7/31/26
746,飲食店営業,一般食堂・レストラン等,レストラン,ＷＡＶＥ４０,910-0802,福井市大和田町６８－１－２福井スポーツプラザ,0776-54-8000,福井市指令生衛第21-4-527号,11/24/21,12/31/26
747,飲食店,仕出し弁当,,ＷＥＬＬ　ＡｏｓｓＡ,910-0858,福井市手寄１丁目４－１,0776-25-0400,福井市指令生衛第20-2-162号,6/26/20,7/31/25
748,飲食店,社交飲食,,ｗｅｓｔ,910-0023,福井市順化２丁目２０－１片町ランドマークビル４－Ｊ,,福井市指令生衛第20-1-132号,7/8/20,4/30/26
749,飲食店営業,その他,ＢＡＲ,ＷＥＳＴ　ＢＡＲ　ＦＵＫＵＩＢＡＳＥ,910-0023,福井市順化１丁目２－１４メトロ会館東館３階,,福井市指令生衛第23-3-58号,6/5/23,3/31/29
750,飲食店営業,その他,カフェ,ｗｈｉｓｐｅｒ　Ｔａｋａｇｉ,910-0804,福井市高木中央２丁目３１１２－２,0776-50-1808,福井市指令生衛第23-3-207号,10/10/23,12/31/28
751,飲食店,仕出し弁当,,ＷＩＬＤ　ＳＴＹＬＥ,910-0063,福井市灯明寺３丁目２０１,0776-89-1308,福井市指令生衛第20-1-388号,1/20/21,1/31/26
752,菓子製造業,一般,,ＷＩＬＤ　ＳＴＹＬＥ,910-0063,福井市灯明寺３丁目２０１,0776-89-1308,福井市指令生衛第20-1-389号,1/20/21,1/31/26
753,そうざい製造業,一般,,ＷＩＬＤ　ＳＴＹＬＥ,910-0063,福井市灯明寺３丁目２０１,0776-89-1308,福井市指令生衛第20-1-390号,1/20/21,1/31/26
754,飲食店営業,その他,バー,Ｗｉｎｅ　ｂａｒ　折甚,910-0023,福井市順化２丁目２２－１７ミヤコビル２０１,,福井市指令生衛第22-4-407号,3/13/23,4/30/28
755,飲食店営業,その他,ワインバー,ＷＩＮＥ食堂　Ｔａｍａｍｉｎ１３,910-0005,福井市大手２丁目６－１４１Ｆ,0776-65-3025,福井市指令生衛第24-4-186号,10/8/24,11/30/29
756,菓子製造業,菓子製造業,,Ｗｏｏｄ　Ｗｏｏｄ　Ｃｏｆｆｅｅ　Ｒｏａｓｔ　Ｓｅｒｖｉｃｅ,918-8239,福井市成和１丁目２２３１ｗｗビル１Ｆ,,福井市指令生衛第23-3-306号,1/26/24,7/31/29
757,飲食店営業,その他,コーヒー屋,Ｗｏｏｄ　Ｗｏｏｄ　Ｃｏｆｆｅｅ　Ｒｏａｓｔ　Ｓｅｒｖｉｃｅ,918-8239,福井市成和１丁目２２３１ｗｗビル１Ｆ,,福井市指令生衛第23-3-305号,2/1/24,7/31/29
758,飲食店営業,その他,バー,Ｗｏｏｄｙ,910-0023,福井市順化１丁目１７－１１ウエノビル３Ｆ東,,福井市指令生衛第23-4-453号,1/23/24,3/31/29
759,飲食店営業,その他,ガールズバー,ＸＯ,910-0023,福井市順化１丁目１７－２７第二津々美ビル２階２０１号室,,福井市指令生衛第21-3-295号,3/3/22,3/31/27
760,飲食店,食堂,,ｙａｍａｓｅ,910-0842,福井市開発２丁目510,0776-97-9835,福井市指令生衛第19-2-565号,11/25/19,12/31/25
761,飲食店,軽食,,ＹＡＹＡＭＡＲＵ　ＣＡＦＥ,910-0016,福井市大宮５丁目６－１８,0776-76-7871,福井市指令生衛第20-2-772号,12/1/20,1/31/26
762,菓子製造業,菓子製造業,,ＹＡＹＡＭＡＲＵ　ＣＡＦＥ,910-0016,福井市大宮５丁目６－１８,0776-76-7871,福井市指令生衛第24-3-129号,7/5/24,1/31/30
763,飲食店営業,一般食堂・レストラン等,カレー屋,Ｙｅｌｌｏｗ,910-0023,福井市順化１丁目１５－２９ＬＵＦＦ　Ｆｕｋｕｉ　Ｗｏｒｋ＆ｓｔｕｄｉｏ　１Ｆ,0776-23-7020,福井市指令生衛第22-3-181号,9/20/22,3/31/28
764,そうざい製造業,そうざい製造業,,ｙｅｓ．キンパ,910-0017,福井市文京６丁目１６－６ウォーブルＫハイツ１Ｆテナント,,福井市指令生衛第24-3-124号,8/20/24,1/31/30
765,漬物製造業,漬物製造業,,ｙｅｓ．キンパ,910-0017,福井市文京６丁目１６－６ウォーブルＫハイツ１Ｆテナント,,福井市指令生衛第24-3-125号,8/20/24,1/31/30
766,飲食店,軽食,,ｙｏｇａ　ｃａｆｅ　ＴＨＥ　ＢＯＤＹ,918-8026,福井市渕４丁目２０７社中央ビル,0776-43-1070,福井市指令生衛第20-2-88号,5/28/20,5/31/25
767,飲食店営業,その他,カフェ,Ｙｏｕｒ　Ｋｉｔｃｈｅｎ,910-0026,福井市光陽３丁目１－３０ステップハウス１Ｆ,0776-50-2813,福井市指令生衛第23-3-147号,8/18/23,2/28/29
768,菓子製造業,菓子製造業,,Ｙｏｕｒ　Ｋｉｔｃｈｅｎ,910-0026,福井市光陽３丁目１－３０ステップハウス１Ｆ,0776-89-1801,福井市指令生衛第23-3-352号,2/6/24,2/28/29
769,飲食店,社交飲食,,Ｙｕｋａ,910-0023,福井市順化１丁目１６―１０シャトレー片町ビル３Ｆ３０３,0776-43-1106,福井市指令生衛第20-2-867号,3/24/21,3/31/26
770,飲食店,社交飲食,,Ｚｅｎ,918-8181,福井市浅水町１０４－５－１,,福井市指令生衛第20-1-267号,10/12/20,10/31/25
771,菓子製造業,菓子製造業,,ア・ヴォロンテ,910-0011,福井市経田２丁目４０６,0776-23-2399,福井市指令生衛第24-3-340号,12/24/24,1/31/30
772,アイスクリーム類製造業,アイスクリーム類製造業,,ア・ヴォロンテ,910-0011,福井市経田２丁目４０６,0776-23-2399,福井市指令生衛第24-3-341号,12/24/24,1/31/30
773,そうざい製造業,そうざい製造業,,ア・ヴォロンテ,910-0011,福井市経田２丁目４０６,0776-23-2399,福井市指令生衛第24-3-342号,12/24/24,1/31/30
774,飲食店,食堂,,アーバン・ヴィラ・ロータス　６Ｆ,910-0005,福井市大手２丁目３－１　三の丸ビルケアハウス　アーバン・ヴィラ・ロータス６Ｆ,0776-28-0068,福井市指令生衛第19-1-536号,3/30/20,11/30/25
775,飲食店営業,その他,惣菜,アイ・ダイニング,910-0006,福井市中央１丁目８－１西武福井店　地下１Ｆ,0776-21-7686,福井市指令生衛第24-4-180号,9/19/24,11/30/29
776,飲食店営業,その他,喫茶店,アイウエオ,910-0021,福井市乾徳３丁目１０－３,0776-22-2345,福井市指令生衛第23-4-347号,12/6/23,1/31/29
777,飲食店,軽食,,アイエン,910-0843,福井市西開発２丁目５０１―６,0776-52-0339,福井市指令生衛第20-2-619号,11/26/20,12/31/25
778,飲食店営業,その他,喫茶店,あいせぶん,910-0122,福井市石盛町９０１,0776-56-3990,福井市指令生衛第21-4-190号,7/14/21,9/30/26
779,飲食店営業,その他,居酒屋,あいらんど,910-0028,福井市学園２丁目１１－２０,0776-27-3948,福井市指令生衛第21-4-574号,12/14/21,2/28/27
780,飲食店営業,その他,スナック,アオザイ,910-0023,福井市順化２丁目２０－２エルミオーレビル５Ｆ　５０２,,福井市指令生衛第24-3-167号,7/22/24,4/30/30
781,飲食店営業,その他,居酒屋,あかつき,910-0023,福井市順化２丁目２０－１７セレクトシティ片町１０２,0776-27-6061,福井市指令生衛第21-4-701号,4/5/22,4/30/27
782,飲食店営業,一般食堂・レストラン等,洋食店,アカツキ食堂,910-0005,福井市大手３丁目７－１福井県繊協ビル　１Ｆ１０４,,福井市指令生衛第21-3-165号,10/25/21,11/30/26
783,飲食店営業,一般食堂・レストラン等,レストランバー,アガルタ,910-0857,福井市豊島２丁目４―９,0776-25-9900,福井市指令生衛第21-4-184号,6/30/21,7/31/26
784,菓子製造業,菓子製造業,,アクアフーズ株式会社　食品加工場,910-0836,福井市大和田１丁目１０１関連棟内　Ｂ－５４,0776-43-0417,福井市指令生衛第21-3-32号,7/20/21,12/31/27
785,清涼飲料水製造業,清涼飲料水製造業,,アクアフーズ株式会社　食品加工場,910-0836,福井市大和田１丁目１０１関連棟内　Ｂ－５４,0776-43-0417,福井市指令生衛第21-3-33号,7/20/21,12/31/27
786,そうざい製造業,そうざい製造業,,アクアフーズ株式会社　食品加工場,910-0836,福井市大和田１丁目１０１関連棟内　Ｂ－５４,0776-43-0417,福井市指令生衛第21-3-34号,7/20/21,12/31/27
787,冷凍食品製造業,冷凍食品製造業,,アクアフーズ株式会社　食品加工場,910-0836,福井市大和田１丁目１０１関連棟内　Ｂ－５４,0776-43-0417,福井市指令生衛第21-3-35号,7/20/21,12/31/27
788,密封包装食品製造業,密封包装食品製造業,,アクアフーズ株式会社　食品加工場,910-0836,福井市大和田１丁目１０１関連棟内　Ｂ－５４,0776-43-0417,福井市指令生衛第21-3-36号,7/20/21,12/31/27
789,飲食店,食堂,,あげ〼　文京店,910-0017,福井市文京５丁目１３－３８ハイシティ文京１Ｆ,0776-43-1194,福井市指令生衛第19-1-493号,3/4/20,1/31/26
790,飲食店営業,その他,スナック,アゲイン,910-0023,福井市順化１丁目７－５片町α１ビル４Ｆ－Ｈ号室,0776-97-8388,福井市指令生衛第22-4-364号,1/12/23,3/31/28
791,飲食店営業,一般食堂・レストラン等,食堂,あさひそば,910-0006,福井市中央１丁目２１－８,0776-22-4573,福井市指令生衛第21-4-370号,9/29/21,11/30/26
792,菓子製造業,パン,,あさひるぱん,910-0804,福井市高木中央２丁目１７１１,0776-54-8083,福井市指令生衛第22-4-256号,11/10/22,12/31/27
793,そうざい製造業,そうざい製造業,,あさひるぱん,910-0804,福井市高木中央２丁目１７１１,0776-54-8083,福井市指令生衛第22-4-257号,11/10/22,12/31/27
794,飲食店営業,その他,カラオケ喫茶,あざみ,910-0023,福井市順化１丁目１７－１１日の丸ビル　２Ｆ,0776-23-1570,福井市指令生衛第23-4-440号,1/23/24,3/31/29
795,飲食店営業,その他,喫茶店,あしたがあるさ,910-3608,福井市三留町１４－１１－３,0776-98-5895,福井市指令生衛第23-4-575号,3/28/24,6/30/29
796,飲食店営業,その他,フードコート,あじもり,918-8015,福井市花堂南２丁目１６－１ベル２Ｆ,0776-34-2220,福井市指令生衛第21-4-243号,8/26/21,10/31/26
797,飲食店営業,一般食堂・レストラン等,食堂,アズイン福井,910-0006,福井市中央３丁目４－２０,0776-26-0011,福井市指令生衛第23-3-238号,10/24/23,11/30/28
798,飲食店営業,仕出し屋・弁当屋,葬儀料理,アスピカホール東部,910-0855,福井市西方１丁目１－１１,0776-30-2200,福井市指令生衛第21-4-109号,6/10/21,7/31/27
799,飲食店営業,その他,カフェ,あすわの木,918-8113,福井市下馬町５１－１１県立図書館１Ｆ,,福井市指令生衛第24-4-144号,8/22/24,10/31/29
800,菓子製造業,菓子製造業,,あすわの木,918-8113,福井市下馬町５１－１１県立図書館１Ｆ,,福井市指令生衛第24-4-145号,8/22/24,10/31/29
801,飲食店,食堂,,あたらしや,918-8007,福井市足羽１丁目８－４５,0776-35-1768,福井市指令生衛第20-1-430号,3/1/21,10/31/26
802,飲食店営業,一般食堂・レストラン等,食堂,あたらしや,918-8006,福井市足羽上町１５０,0776-35-2696,福井市指令生衛第21-4-241号,8/11/21,10/31/26
803,そうざい製造業,そうざい製造業,,あたらしや,918-8007,福井市足羽１丁目８－４５,0776-35-1768,福井市指令生衛第22-3-400号,3/28/23,10/31/28
804,菓子製造業,菓子製造業,,あたらしや,918-8007,福井市足羽１丁目８－４５,0776-35-1768,福井市指令生衛第22-3-401号,3/28/23,10/31/28
805,飲食店営業,その他,スナック,アップルハウス,910-0023,福井市順化１丁目１７－１０片町プルミエビル　３Ｆ,0776-24-7351,福井市指令生衛第24-4-349号,1/16/25,3/31/30
806,飲食店,食堂,,あつみや,910-0024,福井市照手４丁目１７―１４,0776-21-2860,福井市指令生衛第19-2-903号,3/25/20,4/30/26
807,飲食店営業,その他,スナック,アドニス,910-0023,福井市順化１丁目７－５アルファⅠビル　２Ｆ　Ｄ号,,福井市指令生衛第23-3-446号,3/19/24,3/31/29
808,飲食店営業,その他,カフェ,あなろぐ庵,910-0124,福井市天池町３３－４０,,福井市指令生衛第24-3-110号,8/23/24,9/30/29
809,飲食店営業,その他,そうざい,アピタ大和田店内　かね貞,910-0802,福井市大和田２丁目１２３０アピタ福井大和田店１Ｆ,0776-57-2117,福井市指令生衛第21-4-504号,11/9/21,12/31/26
810,飲食店営業,仕出し屋・弁当屋,スーパー,アピタ福井大和田店,910-0836,福井市大和田２丁目１２３０アピタ福井大和田店１Ｆ,0570-00-9272,福井市指令生衛第21-4-442号,10/27/21,12/31/26
811,食肉販売業,食肉販売業,,アピタ福井大和田店,910-0836,福井市大和田２丁目１２３０アピタ福井大和田店１Ｆ,0570-00-9272,福井市指令生衛第21-4-443号,10/27/21,12/31/26
812,魚介類販売業,魚介類販売業,,アピタ福井大和田店,910-0836,福井市大和田２丁目１２３０アピタ福井大和田店１Ｆ,0570-00-9272,福井市指令生衛第21-4-444号,10/27/21,12/31/26
813,飲食店,社交飲食,,アプリコット,910-0023,福井市順化２丁目２２―１寺木ビル　２Ｆ,0776-21-9765,福井市指令生衛第20-2-1000号,3/24/21,4/30/26
814,食肉処理業,一般,,あぶり焼　もも蔵,918-8112,福井市下馬３丁目１７１１,0776-33-2983,福井市指令生衛第20-2-377号,9/17/20,10/31/26
815,食肉販売業,食肉販売業,焼肉店,あぶり焼　もも蔵,918-8112,福井市下馬３丁目１７１１,0776-33-2983,福井市指令生衛第21-4-312号,10/14/21,10/31/27
816,飲食店営業,一般食堂・レストラン等,焼肉店,あぶり牧場あん,910-0019,福井市春山１丁目１－１８,0776-28-2901,福井市指令生衛第21-3-291号,3/3/22,4/30/27
817,飲食店営業,一般食堂・レストラン等,焼肉,あぶり牧場あん,910-0023,福井市順化２丁目２１－４加賀ビル２階,0776-28-2901,福井市指令生衛第23-3-66号,7/5/23,4/30/30
818,飲食店営業,その他,インターネットカフェ,アプレシオ　やしろ店,918-8026,福井市渕３丁目５１２,0776-33-3386,福井市指令生衛第21-4-44号,6/1/21,5/31/27
819,飲食店営業,その他,マンガ喫茶,アプレシオ　米松店,910-0844,福井市長本町６１０,0776-52-2112,福井市指令生衛第21-4-459号,10/20/21,12/31/26
820,飲食店,食堂,,あまからホール,918-8023,福井市西谷３丁目1302,0776-35-3109,福井市指令生衛第19-2-9号,5/10/19,5/31/25
821,菓子製造業,菓子製造業,,あまとや,918-8001,福井市つくも１丁目４－１０,0776-36-2719,福井市指令生衛第24-4-146号,8/8/24,10/31/30
822,飲食店,社交飲食,,アマン,910-0023,福井市順化１丁目１７―２２玉の家ビル２Ｆ,0776-25-0150,福井市指令生衛第20-2-880号,2/18/21,3/31/26
823,飲食店,めん類,,あみだそば　－はなれ－,910-0006,福井市中央１丁目９―１ユニオンスクエアービル１Ｆ,0776-76-3519,福井市指令生衛第20-2-510号,10/19/20,11/30/25
824,飲食店営業,その他,そば店,あみだそば　遊歩庵,910-0006,福井市中央１丁目３－５ＦＵＫＵＭＡＣＨＩ　ＢＬＯＣＫ　１Ｆ　ＭＩＮＩＥ　横丁１７,,福井市指令生衛第23-3-375号,2/26/24,11/30/29
825,飲食店営業,一般食堂・レストラン等,そば店,あみだそば福の井,910-0006,福井市中央１丁目２－１ハピリン１Ｆ,0776-43-0739,福井市指令生衛第21-4-372号,10/6/21,11/30/26
826,飲食店営業,その他,ＢＡＲ,アミューズメントＢＡＲ　Ｄｏｏｒ,910-0023,福井市順化１丁目８－１７ダイナソービル　３Ｆ－Ｏ,,福井市指令生衛第24-4-352号,1/16/25,3/31/30
827,飲食店営業,その他,スナック,アムハウス,910-0023,福井市順化１丁目１５－５順化ブラボービル１Ｆ　１Ｂ号室,0776-28-7828,福井市指令生衛第23-4-441号,1/17/24,3/31/29
828,菓子製造業,菓子製造業,,あめよし,910-0854,福井市御幸１丁目７－９,0776-84-2787,福井市指令生衛第23-3-458号,4/12/24,7/31/29
829,飲食店営業,その他,,あめよし,910-0854,福井市御幸１丁目７－９,0776-84-2787,福井市指令生衛第24-3-33号,4/12/24,7/31/29
830,飲食店営業,一般食堂・レストラン等,洋食店,アメリカンレストラン　イーワイズ,910-0836,福井市大和田２丁目５１８,0776-63-6227,福井市指令生衛第21-4-441号,10/26/21,12/31/26
831,魚介類販売業,魚介類販売業,,あめ玉,910-3633,福井市上天下町３―３６,0776-98-3041,福井市指令生衛第21-4-56号,6/1/21,6/30/27
832,飲食店営業,その他,喫茶店,アラスカ,918-8065,福井市水越１丁目８０３,0776-36-8978,福井市指令生衛第21-4-14号,6/1/21,5/31/27
833,飲食店営業,旅館,和食屋,アラタニ,910-3136,福井市川尻町４１－７４,0776-85-1604,福井市指令生衛第23-4-109号,6/14/23,7/31/28
834,飲食店営業,一般食堂・レストラン等,食堂,あらや,910-0836,福井市大和田１丁目１０１福井市中央卸売市場関連商品売場,0776-53-0688,福井市指令生衛第23-4-304号,12/1/23,12/31/28
835,飲食店営業,その他,和食屋,あら井,918-8002,福井市左内町５－１４,0776-36-0140,福井市指令生衛第23-4-179号,8/17/23,10/31/28
836,飲食店,食堂,,あるば・あい内厨房　富士産業株式会社,910-0859,福井市日之出３丁目１６－１８,0776-27-0206,福井市指令生衛第20-2-216号,7/16/20,7/31/26
837,飲食店営業,その他,スーパーマーケット,アルビス　高木店,910-0804,福井市高木中央３丁目８１２,0776-52-8600,福井市指令生衛第23-4-258号,10/17/23,12/31/29
838,食肉販売業,食肉販売業,スーパーマーケット,アルビス　高木店,910-0804,福井市高木中央３丁目８１２,0776-52-8600,福井市指令生衛第23-4-259号,10/17/23,12/31/29
839,菓子製造業,菓子製造業,,アルビス　森田店,910-0125,福井市石盛２丁目２２２１,0776-56-8500,福井市指令生衛第22-4-190号,9/14/22,9/30/28
840,食肉販売業,食肉販売業,,アルビス　森田店,910-0125,福井市石盛２丁目２２２１,0776-56-8500,福井市指令生衛第22-4-191号,9/14/22,9/30/28
841,飲食店営業,仕出し屋・弁当屋,スーパーマーケット,アルビス　森田店,910-0125,福井市石盛２丁目２２２１,0776-56-8500,福井市指令生衛第22-4-192号,9/14/22,9/30/28
842,魚介類販売業,魚介類販売業,,アルビス　森田店,910-0125,福井市石盛２丁目２２２１,0776-56-8500,福井市指令生衛第22-4-193号,9/14/22,9/30/28
843,飲食店営業,仕出し屋・弁当屋,スーパーマーケット,アルビス　大願寺店,910-0001,福井市大願寺２丁目７－１,0776-21-3657,福井市指令生衛第23-4-379号,12/12/23,1/31/30
844,魚介類販売業,魚介類販売業,,アルビス　大願寺店,910-0001,福井市大願寺２丁目７－１,0776-21-3657,福井市指令生衛第23-4-380号,12/12/23,1/31/30
845,食肉販売業,食肉販売業,,アルビス　大願寺店,910-0001,福井市大願寺２丁目７－１,0776-21-3657,福井市指令生衛第23-4-381号,12/12/23,1/31/30
846,菓子製造業,菓子製造業,,アルビス　大願寺店,910-0001,福井市大願寺２丁目７－１,0776-21-3657,福井市指令生衛第23-4-382号,12/12/23,1/31/30
847,菓子製造業,菓子製造業,,アルビス高木店,910-0804,福井市高木中央３丁目８１２,0776-52-8600,福井市指令生衛第22-4-292号,11/15/22,12/31/28
848,魚介類販売業,魚介類販売業,,アルビス高木店,910-0804,福井市高木中央３丁目８１２,0776-52-8600,福井市指令生衛第22-4-293号,11/15/22,12/31/28
849,菓子製造業,菓子製造業,,アルビス福井南店,919-0321,福井市下河北町４字蓼野２－６,0776-39-6155,福井市指令生衛第21-3-6号,6/8/21,8/31/27
850,飲食店営業,仕出し屋・弁当屋,総合スーパー,アルビス福井南店,919-0321,福井市下河北町４字蓼野２－６,0776-39-6155,福井市指令生衛第21-3-7号,6/8/21,8/31/27
851,魚介類販売業,魚介類販売業,,アルビス福井南店,919-0321,福井市下河北町４字蓼野２－６,0776-39-6155,福井市指令生衛第21-3-8号,6/8/21,8/31/27
852,食肉販売業,食肉販売業,,アルビス福井南店,919-0321,福井市下河北町４字蓼野２－６,0776-39-6155,福井市指令生衛第21-3-9号,6/8/21,8/31/27
853,飲食店営業,一般食堂・レストラン等,洋食店,アルモニ,910-0003,福井市松本２丁目４－３０,,福井市指令生衛第21-3-18号,6/25/21,1/31/27
854,飲食店営業,一般食堂・レストラン等,レストラン,アロイ,910-0028,福井市学園３丁目４－２０コーポたけうち１０３号,,福井市指令生衛第23-3-444号,3/27/24,2/28/30
855,飲食店営業,その他,ビアバー　ビアスタンド,アワタチ,910-0006,福井市中央１丁目１５－１４,,福井市指令生衛第21-3-53号,7/27/21,11/30/26
856,飲食店営業,その他,カフェ,あん　カフェ,910-0006,福井市中央１丁目１５－７,0776-28-6609,福井市指令生衛第23-3-462号,3/19/24,11/30/29
857,飲食店営業,その他,居酒屋,あんぎゃら,910-0028,福井市学園３丁目５－３松本ビル１Ｆ１０３,0776-21-0335,福井市指令生衛第23-4-371号,12/6/23,2/28/29
858,飲食店営業,その他,スナック,アントワ,910-0023,福井市順化１丁目２１－５エレガンテ片町　２階　２０７号室,,福井市指令生衛第21-3-276号,1/31/22,3/31/27
859,飲食店営業,一般食堂・レストラン等,デイサービス,あんのんデイサービス,918-8205,福井市北四ツ居２丁目７－１７,0776-54-3555,福井市指令生衛第22-4-45号,5/17/22,7/31/27
860,飲食店,軽食,,アンパサンド,910-0023,福井市順化１丁目２３―１１,,福井市指令生衛第20-2-896号,1/20/21,3/31/26
861,菓子製造業,一般,,アンパサンド,910-0023,福井市順化１丁目２３―１１,,福井市指令生衛第20-2-897号,1/20/21,3/31/26
862,飲食店営業,その他,カレー屋,イエローカレー３,910-0005,福井市大手３丁目４－１放送会館Ｂ１Ｄ号,0776-28-9055,福井市指令生衛第22-3-220号,10/17/22,11/30/27
863,食肉販売業,食肉販売業,,イオンスタイル福井開発,910-0843,福井市西開発３丁目２０５,0776-52-3071,福井市指令生衛第24-3-114号,6/27/24,12/31/30
864,魚介類販売業,魚介類販売業,,イオンスタイル福井開発,910-0843,福井市西開発３丁目２０５,0776-52-3071,福井市指令生衛第24-3-115号,6/27/24,12/31/30
865,飲食店営業,その他,寿司,イオンスタイル福井開発,910-0843,福井市西開発３丁目２０５,0776-52-3071,福井市指令生衛第24-3-116号,6/27/24,12/31/30
866,飲食店営業,その他,食品調理、ドリップコーヒー,イオンスタイル福井開発,910-0843,福井市西開発３丁目２０５,0776-52-3071,福井市指令生衛第24-3-117号,6/27/24,12/31/30
867,菓子製造業,菓子製造業,,イオンスタイル福井開発,910-0843,福井市西開発３丁目２０５,0776-52-3071,福井市指令生衛第24-3-118号,6/27/24,12/31/30
868,そうざい製造業,そうざい製造業,,いがらし食品,910-0157,福井市八重巻東町１２－２,0776-56-2207,福井市指令生衛第23-4-96号,6/27/23,9/30/28
869,飲食店営業,その他,カフェ,いこいの花　喫茶店,918-8105,福井市木田１丁目２２０１,,福井市指令生衛第24-3-145号,7/19/24,10/31/29
870,そうざい製造業,そうざい製造業,,いずみ倶楽部,910-3636,福井市山内町２―７,0776-98-3436,福井市指令生衛第21-4-53号,6/1/21,6/30/26
871,菓子製造業,菓子製造業,,いずみ倶楽部,910-3636,福井市山内町２―７,0776-98-3436,福井市指令生衛第21-4-54号,6/1/21,6/30/26
872,飲食店営業,一般食堂・レストラン等,イタリア料理店,イタリアン　バル　マーサ,918-8021,福井市門前２丁目１２１３,0776-97-8544,福井市指令生衛第22-4-468号,4/6/23,5/31/28
873,飲食店営業,一般食堂・レストラン等,イタリアン,イタリアン・トマト　カフェジュニア西武福井店,910-0006,福井市中央１丁目８－１西武福井店　本館２Ｆ,0776-27-3320,福井市指令生衛第24-4-189号,9/20/24,11/30/29
874,飲食店,食堂,,イタリアンキッチンＶＡＮＳＡＮ,910-0006,福井市中央１丁目８－１西武福井８Ｆ,0776-50-6450,福井市指令生衛第20-1-424号,3/15/21,11/30/26
875,飲食店営業,一般食堂・レストラン等,イタリアンレストラン,イタリア食堂　ＩＴＳＵＫＩ　いつき,910-0006,福井市中央３丁目３－１１,0776-22-1190,福井市指令生衛第23-4-203号,9/14/23,11/30/28
876,飲食店営業,一般食堂・レストラン等,洋食,イタリア料理　Ｓｐｕｎｔｉｎｏ,910-0023,福井市順化２丁目２０－１７セレクトシティ片町　１０１号室,0776-25-7211,福井市指令生衛第24-4-437号,2/18/25,4/30/30
877,飲食店,仕出し弁当,,イタリア料理　ボンジョルノ,910-0121,福井市定正町１３１５－２,0776-55-7110,福井市指令生衛第20-2-336号,8/26/20,9/30/25
878,飲食店営業,その他,居酒屋,いち,910-0023,福井市順化２丁目１３－２０ナカムラビル２Ｆ　２０１,0776-50-6116,福井市指令生衛第23-3-143号,8/18/23,4/30/29
879,飲食店,食堂,,いちずやまもと,910-0016,福井市大宮３丁目１２－２０,0776-29-2985,福井市指令生衛第20-2-767号,1/21/21,2/28/26
880,飲食店営業,その他,居酒屋,いち陽,910-0023,福井市順化１丁目２１－１５,0776-25-4117,福井市指令生衛第21-4-651号,2/9/22,3/31/27
881,飲食店営業,その他,串焼き,いっすんぼうし,910-0023,福井市順化１丁目１７－７プランタン片町ビル１Ｆ　Ｂ号室,0776-21-9494,福井市指令生衛第22-4-391号,1/24/23,3/31/28
882,飲食店,軽食,,いっぷく奄,918-8024,福井市舞屋町６―２０１ＡＬＥＡ　ＷＯＲＬＤ,0776-33-3800,福井市指令生衛第20-2-63号,5/20/20,5/31/26
883,飲食店,社交飲食,,いっ福亭,910-0859,福井市日之出２丁目１６―１３,0776-27-2975,福井市指令生衛第20-1-440号,3/3/21,7/31/26
884,飲食店営業,その他,バー,いどば,910-0023,福井市順化２丁目２０－１４ワコーＫプラザビル１０１号,0776-29-1517,福井市指令生衛第22-4-427号,2/7/23,4/30/28
885,飲食店営業,一般食堂・レストラン等,給食施設,イフスコヘルスケア株式会社,910-3623,福井市島寺町９３－６すこやかシルバー病院,0776-98-4380,福井市指令生衛第22-4-481号,4/13/23,6/30/29
886,飲食店営業,一般食堂・レストラン等,給食施設,イフスコヘルスケア株式会社　３２８７一乗ふれ愛園,918-8131,福井市小稲津町１０２－３,,福井市指令生衛第21-3-112号,9/21/21,8/31/28
887,飲食店,食堂,,イフスコヘルスケア株式会社　ケアホーム・さいせい厨房　３２７７事業所,918-8236,福井市和田中町德万２８,,福井市指令生衛第19-1-502号,3/17/20,7/31/26
888,飲食店営業,一般食堂・レストラン等,インド・ネパール料理店,インド・ネパール料理店　スパイスタウン　福井ベル店,918-8015,福井市花堂南２丁目１６－１　１Ｆ,0776-33-6070,福井市指令生衛第24-4-176号,8/20/24,10/31/29
889,飲食店営業,仕出し屋・弁当屋,弁当屋,インドネシア弁当＆マーケット,910-0017,福井市文京３丁目１１－８北村邸テナント１Ｆ　Ｂ,,福井市指令生衛第24-4-464号,2/21/25,2/28/30
890,そうざい製造業,そうざい製造業,,インドネシア弁当＆マーケット,910-0017,福井市文京３丁目１１－８北村邸テナント１Ｆ　Ｂ,,福井市指令生衛第24-4-465号,2/21/25,2/28/30
891,飲食店営業,一般食堂・レストラン等,インド、ネパール料理,インドネパール　キッチン　シヴァ,910-0028,福井市学園２丁目１０－１６ブリックハウス　１０１,0776-28-2844,福井市指令生衛第24-4-285号,11/25/24,2/28/30
892,飲食店営業,一般食堂・レストラン等,インド料理店,インド料理　王様のカレー,910-0833,福井市新保１丁目８０８,0776-53-8577,福井市指令生衛第22-4-219号,11/1/22,12/31/27
893,飲食店営業,一般食堂・レストラン等,レストラン,インプルーブ,910-3616,福井市真栗町４７－４７スポーツセンター１Ｆ,0776-98-4523,福井市指令生衛第22-4-442号,3/23/23,6/30/29
894,飲食店,社交飲食,,ヴァンヴェール,910-0023,福井市順化１丁目１７―１サンビル２Ｆ,0776-25-1414,福井市指令生衛第20-2-872号,2/18/21,3/31/26
895,飲食店営業,その他,バー,ウイスキールーム,910-0023,福井市順化２丁目２１－１１サンシャイン片町　４０１,,福井市指令生衛第24-3-44号,5/2/24,4/30/30
896,菓子製造業,一般,,ヴィラ・グランディスウェディングリゾート福井,910-0068,福井市舟橋新２丁目９２２,0776-24-1001,福井市指令生衛第20-2-596号,11/26/20,12/31/26
897,飲食店営業,一般食堂・レストラン等,結婚式場,ヴィラ・グランディスウェディングリゾート福井,910-0068,福井市舟橋新２丁目９２２,0776-24-1001,福井市指令生衛第21-4-440号,10/28/21,12/31/26
898,そうざい製造業,そうざい製造業,,ウェルネス　ミール,918-8108,福井市春日２丁目２－４,0776-50-1770,福井市指令生衛第24-3-300号,11/7/24,10/31/30
899,飲食店営業,その他,カフェ,ヴェンガ！コーヒー（ＶＥＮＧＡ！ＣＯＦＦＥＥ）,910-0004,福井市宝永３丁目１５－１０,0776-23-7006,福井市指令生衛第21-4-333号,9/30/21,11/30/26
900,飲食店営業,一般食堂・レストラン等,食堂,うさぎ食堂,910-2222,福井市市波町３８－２ルポの森宿泊棟１階,0776-96-7071,福井市指令生衛第21-3-326号,4/8/22,8/31/27
901,飲食店営業,一般食堂・レストラン等,食堂,うずまき,910-2142,福井市前波町８－５０－１６,0776-97-9202,福井市指令生衛第22-3-52号,5/19/22,7/31/27
902,飲食店営業,その他,カラオケ喫茶,うたごえ喫茶　ロッジ,910-2224,福井市三万谷町６７－３４,0776-96-4361,福井市指令生衛第21-4-670号,3/1/22,8/31/27
903,飲食店営業,その他,カラオケ酒場,うた酒場　ＰＩＮＫＹ,918-8016,福井市江端町１１－１,,福井市指令生衛第23-3-370号,2/16/24,10/31/29
904,魚介類販売業,一般,,うち田,910-3634,福井市大森町８―５―２,0776-98-3006,福井市指令生衛第20-2-50号,4/21/20,6/30/25
905,飲食店,仕出し弁当,,うち田,910-3634,福井市大森町８―５―２,0776-98-3006,福井市指令生衛第19-2-16号,5/20/19,6/30/25
906,飲食店営業,一般食堂・レストラン等,和食店,うなぎの成瀬　福井運動公園前店,918-8055,福井市若杉３丁目１７２０,0776-50-1139,福井市指令生衛第24-3-254号,10/4/24,5/31/30
907,飲食店営業,一般食堂・レストラン等,和食店,うなぎや,910-0804,福井市高木中央２丁目４１１８,0776-54-8700,福井市指令生衛第23-4-332号,11/16/23,12/31/28
908,飲食店営業,一般食堂・レストラン等,和食店,うなぎ和食　玄白,910-0015,福井市二の宮３丁目３６－２７,0776-97-9904,福井市指令生衛第22-4-242号,10/27/22,1/31/28
909,飲食店営業,一般食堂・レストラン等,うなぎ屋,うな神,918-8055,福井市若杉３丁目１７２０,0776-43-3455,福井市指令生衛第21-3-292号,2/28/22,5/31/27
910,そうざい製造業,そうざい製造業,,うな神,918-8055,福井市若杉３丁目１７２０,0776-43-3455,福井市指令生衛第21-3-293号,2/28/22,5/31/27
911,飲食店営業,一般食堂・レストラン等,和食店,うに蔵,910-0023,福井市順化２丁目２１－３,0776-27-3508,福井市指令生衛第22-4-424号,2/9/23,4/30/28
912,そうざい製造業,一般,,うまウマベジタブル,918-8012,福井市花堂北２丁目１２－２８竹内医院　１Ｆ,,福井市指令生衛第20-1-226号,10/2/20,10/31/25
913,飲食店営業,その他,カフェ,うるかふぇ。,918-8153,福井市安保町１４－５７,0776-97-9897,福井市指令生衛第23-4-158号,8/9/23,10/31/28
914,飲食店営業,その他,和食店,うを藤,910-0019,福井市春山２丁目２３－１２,0776-22-0898,福井市指令生衛第23-4-488号,2/14/24,4/30/30
915,飲食店営業,仕出し屋・弁当屋,和食店,うを由,918-8004,福井市西木田２丁目３－１,0776-36-0180,福井市指令生衛第21-4-274号,8/12/21,10/31/27
916,魚介類販売業,魚介類販売業,,うを由,918-8004,福井市西木田２丁目３－１,0776-36-0180,福井市指令生衛第24-4-167号,8/20/24,10/31/30
917,そうざい製造業,そうざい製造業,,うを由,918-8004,福井市西木田２丁目３－１,0776-36-0180,福井市指令生衛第24-3-232号,9/6/24,10/31/30
918,飲食店,食堂,,えいちゃん,910-0804,福井市高木中央２丁目１６０１,0776-53-8984,福井市指令生衛第20-1-127号,6/29/20,12/31/25
919,飲食店営業,その他,焼鳥屋,えいちゃん,910-0804,福井市高木中央２丁目１６０１,0776-53-8984,福井市指令生衛第23-3-59号,6/5/23,12/31/28
920,飲食店営業,その他,軽食,エーム３４５３,918-8235,福井市和田中町舟橋７－１福井県済生会病院,0776-30-2121,福井市指令生衛第23-4-18号,5/9/23,7/31/28
921,菓子製造業,菓子製造業,,エスポワール,910-0804,福井市高木中央３丁目３１４,0776-52-5885,福井市指令生衛第23-4-323号,11/2/23,12/31/29
922,飲食店営業,その他,カフェ,エスポワール,910-0804,福井市高木中央３丁目３１４,0776-52-5885,福井市指令生衛第24-4-369号,12/19/24,12/31/30
923,魚介類販売業,魚介類販売業,,えちぜん水産,910-0836,福井市大和田２丁目１２３０アピタ福井大和田店１Ｆ,0776-57-2156,福井市指令生衛第21-4-462号,11/11/21,12/31/26
924,魚介類販売業,魚介類販売業,,えちぜん水産,918-8015,福井市花堂南２丁目１６－１ショッピングセンターシティベル１Ｆ,0776-34-1761,福井市指令生衛第23-4-146号,8/3/23,10/31/28
925,食肉販売業,食肉販売業,,えちぜん美食屋本舗,910-2222,福井市市波町３８－２ルポの森本館１階,0776-96-7071,福井市指令生衛第22-3-228号,11/4/22,8/31/28
926,菓子製造業,菓子製造業,,エトワァル,910-0005,福井市大手３丁目７―１福井県繊協ビル　１Ｆ,0776-25-0643,福井市指令生衛第21-3-85号,8/16/21,11/30/26
927,飲食店営業,一般食堂・レストラン等,ラーメン店,えのきラーメン,910-0804,福井市高木中央１丁目１０５,0776-53-6888,福井市指令生衛第22-4-291号,11/10/22,12/31/27
928,飲食店営業,その他,フレンチレストラン,エノバル,910-0006,福井市中央１丁目３－５ＦＵＫＵＭＡＣＨＩ　ＢＬＯＣＫ　１Ｆ　ＭＩＮＩＥ　横丁１６,,福井市指令生衛第23-3-388号,2/26/24,11/30/29
929,飲食店,仕出し弁当,,えばた工房,918-8016,福井市江端町２０－１－３,0776-43-1362,福井市指令生衛第20-2-399号,9/17/20,10/31/26
930,菓子製造業,菓子製造業,,えびす堂,910-0024,福井市照手１丁目４－１７,0776-22-3637,福井市指令生衛第24-4-420号,2/13/25,4/30/30
931,飲食店営業,その他,喫茶店,エリザベス,918-8024,福井市舞屋町２３－２,0776-36-8766,福井市指令生衛第23-4-526号,4/11/24,5/31/29
932,飲食店営業,一般食堂・レストラン等,スペインレストラン,エルマノ,918-8023,福井市西谷２丁目２７０３,0776-97-8741,福井市指令生衛第21-4-18号,6/1/21,5/31/27
933,そうざい製造業,そうざい製造業,,エルマノ,918-8023,福井市西谷２丁目２７０３,0776-97-8741,福井市指令生衛第23-4-477号,1/29/24,5/31/29
934,菓子製造業,菓子製造業,,エルマノ,918-8023,福井市西谷２丁目２７０３,0776-97-8741,福井市指令生衛第23-4-476号,1/29/24,5/31/29
935,飲食店営業,その他,居酒屋,えんの樹,910-0023,福井市順化１丁目１０－１５サエラビル１階,,福井市指令生衛第23-4-533号,2/6/24,3/31/29
936,飲食店営業,その他,接待業,おいでおいで,910-0023,福井市順化２丁目１９－１４順化ビル２Ｆ南側,0776-28-2818,福井市指令生衛第21-4-697号,2/10/22,4/30/27
937,飲食店営業,その他,居酒屋,おいで康,910-0032,福井市堀ノ宮１丁目３２５,0776-28-0828,福井市指令生衛第21-4-625号,1/19/22,2/28/27
938,水産製品製造業,水産製品製造業,,おいで康,910-0032,福井市堀ノ宮１丁目３２５,0776-28-0828,福井市指令生衛第22-4-345号,12/6/22,2/29/28
939,飲食店営業,その他,スナック,おいない,910-0023,福井市順化２丁目１２－１４プリンスビル３０３,,福井市指令生衛第21-3-179号,11/1/21,4/30/27
940,飲食店,食堂,,オーシャンズ,910-0843,福井市西開発３丁目１１１,0776-53-5455,福井市指令生衛第20-2-620号,12/17/20,12/31/25
941,魚介類販売業,魚介類販売業,,オーシャンズ,910-0843,福井市西開発３丁目１１１,0776-53-5455,福井市指令生衛第22-3-230号,1/13/23,12/31/28
942,飲食店営業,その他,スナック,オーパス　ワン,910-0023,福井市順化１丁目７－５アルファワンビル４Ｆ　Ｈ号室,0776-25-3303,福井市指令生衛第23-4-420号,2/1/24,3/31/29
943,飲食店営業,一般食堂・レストラン等,農家民泊,オーベルジュ　フジイフェルミエ,910-3373,福井市西畑町２－１７,,福井市指令生衛第22-4-106号,6/15/22,7/31/27
944,飲食店,仕出し弁当,,おかずの店　きむら,918-8014,福井市花堂中２丁目２９－３,0776-36-5457,福井市指令生衛第19-1-419号,2/12/20,10/31/25
945,そうざい製造業,一般,,おかずの店　きむら,918-8014,福井市花堂中２丁目２９－３,0776-36-5457,福井市指令生衛第19-1-420号,2/12/20,10/31/25
946,菓子製造業,菓子製造業,,オカフェ。,910-0137,福井市栗森２丁目１１０８,0776-76-8487,福井市指令生衛第24-4-111号,7/18/24,9/30/29
947,飲食店営業,その他,カフェ,オカフェ。,910-0137,福井市栗森２丁目１１０８,0776-76-8487,福井市指令生衛第24-4-112号,7/18/24,9/30/29
948,飲食店営業,その他,居酒屋,おきな,910-0023,福井市順化１丁目１６－３,0776-23-2733,福井市指令生衛第21-4-636号,1/25/22,3/31/27
949,飲食店営業,その他,Ｂａｒ,おきなわさかば　あしびなァ,910-0023,福井市順化１丁目２－１４メトロ会館東館２階１室,,福井市指令生衛第22-3-350号,3/2/23,3/31/28
950,飲食店営業,その他,立ち飲み屋,おさけとワイン　みずもと　くるふ福井駅店,910-0006,福井市中央１丁目１－２５くるふ福井駅③,0776-29-7239,福井市指令生衛第23-3-362号,2/21/24,11/30/29
951,菓子製造業,一般,,おさや,910-0138,福井市東森田２丁目418,0776-43-6585,福井県指令福保第1910053号,3/12/19,9/30/25
952,飲食店営業,その他,ＢＡＲ,おじさんＧＯＧＯ,910-0023,福井市順化１丁目８－１７ダイナソービル　３階　Ｎ,,福井市指令生衛第24-3-184号,8/5/24,3/31/30
953,飲食店営業,一般食堂・レストラン等,イタリア料理店,オステリア　ダ　シルバーノ,910-0006,福井市中央１丁目１９－１１岩佐ビル　２階,0776-97-8018,福井市指令生衛第22-4-195号,9/22/22,11/30/27
954,菓子製造業,一般,,オステリア　マーゴ,918-8104,福井市板垣５丁目９０１板垣プラザ　１０２号室,0776-92-0503,福井市指令生衛第20-1-129号,6/29/20,10/31/26
955,飲食店営業,一般食堂・レストラン等,イタリア料理,オステリア　マーゴ,918-8104,福井市板垣５丁目９０１板垣プラザ　１０２号室,0776-92-0503,福井市指令生衛第24-4-147号,9/26/24,10/31/29
956,飲食店営業,一般食堂・レストラン等,和食（麺類）,おそばだ　うどんだ　越前,910-0006,福井市中央１丁目１－２５くるふ福井駅㊷,0776-29-1660,福井市指令生衛第23-3-297号,2/21/24,11/30/29
957,飲食店営業,一般食堂・レストラン等,食堂,おだいどころ,910-0006,福井市中央１丁目１３－５,,福井市指令生衛第21-3-223号,12/24/21,11/30/28
958,そうざい製造業,そうざい製造業,食堂,おだいどころ,910-0006,福井市中央１丁目１３－５,,福井市指令生衛第21-3-224号,12/24/21,11/30/28
959,飲食店,食堂,,おでん割烹　牧,910-0011,福井市経田１丁目９１６,0776-28-1243,福井市指令生衛第20-2-553号,11/26/20,1/31/26
960,飲食店営業,その他,居酒屋,オドマック,910-0023,福井市順化２丁目２１－４加賀ビル地下１階Ｂ号,0776-26-0021,福井市指令生衛第22-4-422号,2/14/23,4/30/28
961,飲食店,仕出し弁当,,おなが,919-0326,福井市半田町４―３２,0776-38-0097,福井市指令生衛第20-2-226号,6/26/20,8/31/25
962,魚介類販売業,一般,,おなが,919-0326,福井市半田町４―３２,0776-38-0097,福井市指令生衛第20-2-225号,6/26/20,8/31/25
963,菓子製造業,一般,,おはぎや小林,918-8001,福井市つくも２丁目９－２,,福井市指令生衛第20-1-505号,4/2/21,10/31/26
964,飲食店,仕出し弁当,,おはぎや小林,918-8001,福井市つくも２丁目９－２,,福井市指令生衛第20-1-506号,4/2/21,10/31/26
965,飲食店営業,一般食堂・レストラン等,和食居酒屋,おばんざいと地酒　さんしょく,910-0033,福井市三郎丸１丁目１０６,0776-43-1193,福井市指令生衛第21-4-614号,12/22/21,2/28/27
966,そうざい製造業,そうざい製造業,,おばんざい家　たかはし,910-0023,福井市順化２丁目２５－１７古橋ビル１Ｆ,0776-76-3295,福井市指令生衛第23-3-231号,11/7/23,4/30/29
967,飲食店営業,一般食堂・レストラン等,和食店,おばんざい家　たかはし,910-0023,福井市順化２丁目２５－１７古橋ビル１Ｆ,0776-76-3295,福井市指令生衛第24-4-419号,2/18/25,4/30/30
968,飲食店営業,一般食堂・レストラン等,和食店,おひつごはん四六時中,910-0836,福井市大和田２丁目１２３０アピタ１階,,福井市指令生衛第22-4-240号,11/1/22,12/31/27
969,飲食店営業,その他,和食店,おふくろの味　まきの,910-0004,福井市宝永３丁目１０－１６,0776-22-0296,福井市指令生衛第21-4-325号,9/16/21,11/30/26
970,飲食店営業,その他,スナック,おふたいむ,910-0023,福井市順化１丁目２３－４順化バレンシアビル２Ｆ,0776-27-0595,福井市指令生衛第21-4-647号,2/9/22,3/31/27
971,そうざい製造業,そうざい製造業,,おもや,910-3621,福井市小羽町１２－１２,0776-98-5599,福井市指令生衛第21-4-756号,3/10/22,6/30/27
972,飲食店営業,その他,喫茶、スナック,おらんだ,918-8055,福井市若杉１丁目１２１８－１,0776-36-7027,福井市指令生衛第21-4-796号,4/7/22,5/31/27
973,飲食店営業,その他,串揚げ店,おらんだ亭,918-8204,福井市南四ツ居１丁目２１－１１,0776-54-1665,福井市指令生衛第24-4-20号,5/9/24,7/31/29
974,菓子製造業,一般,,オリヴィエール,910-0023,福井市順化１丁目２０－３原田商事ビル１Ｆテナント,0776-43-0013,福井市指令生衛第19-1-271号,10/23/19,3/31/26
975,飲食店営業,その他,ケーキ屋,オリヴィエール,910-0023,福井市順化１丁目２０－３原田商事ビル１Ｆテナント,0776-43-0013,福井市指令生衛第22-3-92号,6/27/22,3/31/28
976,飲食店,仕出し弁当,,オレンジＢＯＸ　いたがき店,918-8112,福井市下馬２丁目１０５,0776-34-9062,福井市指令生衛第19-2-335号,9/20/19,10/31/25
977,飲食店営業,仕出し屋・弁当屋,弁当屋,オレンジＢＯＸ　おおつや店,918-8004,福井市西木田１丁目２０－１７,0776-34-9061,福井市指令生衛第21-4-255号,8/10/21,10/31/26
978,飲食店営業,仕出し屋・弁当屋,コンビニエンスストア,オレンジＢＯＸ　フェニックス店,910-0003,福井市松本４丁目１２－１２,0776-30-0170,福井市指令生衛第21-4-555号,12/1/21,1/31/27
979,菓子製造業,菓子製造業,,オレンジＢＯＸ　フェニックス店,910-0003,福井市松本４丁目１２－１２,0776-30-0170,福井市指令生衛第24-4-326号,12/19/24,1/31/31
980,飲食店営業,仕出し屋・弁当屋,仕出し弁当屋,オレンジＢＯＸ　ベル店,918-8015,福井市花堂南２丁目１６－１ベル１Ｆ,0776-33-8084,福井市指令生衛第21-4-280号,8/26/21,10/31/26
981,菓子製造業,菓子製造業,,オレンジＢＯＸ　ベル店,918-8015,福井市花堂南２丁目１６－１ベル１Ｆ,0776-33-8084,福井市指令生衛第24-3-335号,1/17/25,10/31/30
982,菓子製造業,一般,,オレンジＢＯＸ　高木中央店,910-0804,福井市高木中央２丁目１７２４,0776-57-1105,福井県指令福保第1910047号,3/12/19,12/31/25
983,飲食店,仕出し弁当,,オレンジＢＯＸ　高木中央店,910-0804,福井市高木中央２丁目１７２４,0776-57-1105,福井市指令生衛第19-2-496号,12/19/19,12/31/25
984,飲食店営業,仕出し屋・弁当屋,コンビニエンスストア,オレンジＢＯＸ　米松店,910-0851,福井市米松２丁目２４－３８,0776-52-7060,福井市指令生衛第22-4-64号,5/25/22,7/31/27
985,飲食店営業,仕出し屋・弁当屋,弁当,オレンジＢＯＸ＆福人喜　エルパ店,910-0836,福井市大和田２丁目１２１２フェアモール福井１Ｆ,0776-57-2565,福井市指令生衛第21-4-460号,11/25/21,12/31/26
986,水産製品製造業,水産製品製造業,,オレンジＢＯＸ＆福人喜　エルパ店,910-0836,福井市大和田２丁目１２１２フェアモール福井１Ｆ,0776-57-2553,福井市指令生衛第23-4-234号,10/10/23,12/31/28
987,菓子製造業,菓子製造業,,オレンジＢＯＸ＆福人喜　エルパ店,910-0836,福井市大和田２丁目１２１２フェアモール福井１Ｆ,0776-57-2553,福井市指令生衛第24-3-334号,12/17/24,12/31/29
988,飲食店営業,その他,喫茶店,オレンジカフェ　こうよう,910-0126,福井市定正１丁目１３２５,0776-56-4560,福井市指令生衛第22-4-129号,7/6/22,9/30/27
989,飲食店営業,その他,バー,オロロジオ,910-0006,福井市中央１丁目１０－５デュオヒルズ福井駅前１Ｆ,0776-26-2011,福井市指令生衛第24-3-128号,6/28/24,11/30/29
990,菓子製造業,菓子製造業,,お菓子のなかむら,910-0017,福井市文京２丁目８－８,0776-24-5508,福井市指令生衛第21-4-606号,12/16/21,2/28/27
991,アイスクリーム類製造業,一般,,お菓子の泰鳳堂,918-8203,福井市上北野２丁目２５―１０コーポＲＡＮⅡ１Ｆ,0776-54-1583,福井市指令生衛第20-2-171号,7/16/20,7/31/26
992,喫茶店,純喫茶,,お菓子の泰鳳堂,918-8203,福井市上北野２丁目２５―１０コーポＲＡＮⅡ１Ｆ,0776-54-1583,福井市指令生衛第20-2-170号,7/16/20,7/31/26
993,菓子製造業,菓子製造業,,お菓子の泰鳳堂,918-8203,福井市上北野１丁目３４－２８,0776-54-1583,福井市指令生衛第22-4-92号,6/21/22,7/31/28
994,アイスクリーム類製造業,アイスクリーム類製造業,,お菓子の泰鳳堂,918-8203,福井市上北野１丁目３４－２８,0776-54-1583,福井市指令生衛第22-4-93号,6/21/22,7/31/28
995,そうざい製造業,そうざい製造業,,お魚とお惣菜の店　はるせん花堂店,918-8013,福井市花堂東１丁目８０６－１,0776-84-2340,福井市指令生衛第24-3-62号,5/27/24,10/31/30
996,魚介類販売業,魚介類販売業,,お魚とお惣菜の店　はるせん花堂店,918-8013,福井市花堂東１丁目８０６－１,0776-84-2340,福井市指令生衛第24-3-63号,5/27/24,10/31/30
997,飲食店営業,その他,お好み焼き,お好み焼　エミ,910-0005,福井市大手３丁目１－３ヤマニビルＢＦ,0776-22-4133,福井市指令生衛第24-4-196号,9/10/24,11/30/29
998,飲食店営業,その他,お好み焼店,お好み焼　からんころん,910-0001,福井市大願寺２丁目６－２８,0776-22-1189,福井市指令生衛第21-4-548号,12/1/21,1/31/27
999,飲食店営業,その他,お好み焼き店,お好み焼き・鉄板焼　田ご,910-0851,福井市米松１丁目１６－３２,0776-52-5066,福井市指令生衛第21-4-93号,6/9/21,7/31/26
1000,飲食店,社交飲食,,お食事処　かか膳,910-0015,福井市二の宮５丁目１６―３３,0776-21-6037,福井市指令生衛第20-2-686号,11/26/20,1/31/26
1001,飲食店営業,旅館,旅館・レストラン,お食事処　福矢,910-3121,福井市佐野町１４－８,0776-83-1929,福井市指令生衛第23-4-26号,5/18/23,7/31/28
1002,飲食店営業,一般食堂・レストラン等,和食店,お食事処　和（なごみ）,910-0017,福井市文京３丁目６－１２,0776-27-1981,福井市指令生衛第21-4-544号,12/8/21,2/28/27
1003,飲食店営業,一般食堂・レストラン等,レストラン,お食事処ひろ,910-0034,福井市菅谷１丁目１－２２アカデミアホテル１Ｆ,,福井市指令生衛第22-3-382号,3/22/23,2/28/29
1004,飲食店営業,一般食堂・レストラン等,和食店,お食事処味美家,910-0859,福井市日之出１丁目１７－２０,0776-22-4817,福井市指令生衛第22-4-32号,6/8/22,7/31/27
1005,漬物製造業,漬物製造業,,お食事茶屋　やまよし,918-8023,福井市西谷１丁目１７０２,0776-34-4117,福井市指令生衛第24-4-59号,5/21/24,5/31/29
1006,飲食店営業,一般食堂・レストラン等,お好み焼店,お多福,910-0844,福井市長本町８０１,0776-53-0120,福井市指令生衛第21-4-435号,10/20/21,12/31/26
1007,飲食店営業,その他,居酒屋,お多福,918-8151,福井市中荒井町４０５,,福井市指令生衛第22-3-130号,7/27/22,10/31/27
1008,飲食店営業,一般食堂・レストラン等,焼肉店,お肉のたかしま　凸凹屋,910-0016,福井市大宮２丁目２６－２５,0776-26-8555,福井市指令生衛第22-4-385号,1/13/23,2/29/28
1009,飲食店営業,その他,お弁当屋、喫茶店,お弁当屋ここいろ　古民家カフェもんじゅ,918-8162,福井市角原町３１－４９,0776-50-1227,福井市指令生衛第24-3-151号,7/16/24,7/31/29
1010,飲食店営業,その他,喫茶店,かあちゃんキッチン,918-8026,福井市渕２丁目１７１１,0776-33-5811,福井市指令生衛第23-3-165号,9/7/23,5/31/30
1011,菓子製造業,菓子製造業,,かあちゃんキッチン,918-8026,福井市渕２丁目１７１１,0776-33-5811,福井市指令生衛第23-3-166号,9/7/23,5/31/30
1012,そうざい製造業,そうざい製造業,弁当屋,かあちゃんキッチン,918-8026,福井市渕２丁目１７１１,0776-33-5811,福井市指令生衛第23-3-167号,9/7/23,5/31/30
1013,飲食店営業,その他,Ｂａｒ,ガールズバー　ＰＨＩＬＩＡ,910-0023,福井市順化２丁目６－１７フォレスト片町２階　２０１号室,0776-37-3933,福井市指令生衛第24-3-154号,7/12/24,4/30/30
1014,飲食店営業,一般食堂・レストラン等,食堂,カーレスト３０５,910-3557,福井市城有町浜田５８－６,0776-89-2832,福井市指令生衛第23-4-136号,7/5/23,7/31/28
1015,飲食店営業,その他,スナック,カイザー,910-0023,福井市順化２丁目１０－１５,0776-25-0016,福井市指令生衛第22-4-425号,3/7/23,4/30/28
1016,飲食店営業,その他,バー,カヴェルナ　アズーラ,910-0023,福井市順化１丁目１６－１２鈴ビル１Ｆ,0776-74-0023,福井市指令生衛第21-4-684号,2/16/22,3/31/27
1017,飲食店,食堂,,かおり,910-3558,福井市八ツ俣町６９―４,0776-89-2234,福井市指令生衛第20-2-224号,7/8/20,7/31/25
1018,菓子製造業,一般,,かゞみや配送センター,910-0853,福井市城東４丁目１－２５,0776-27-7007,福井市指令生衛第20-2-176号,7/16/20,7/31/25
1019,食品の小分け業,食品の小分け業,,かゞみや配送センター,910-0853,福井市城東４丁目１－２５,0776-27-7007,福井市指令生衛第23-4-400号,12/15/23,7/31/29
1020,飲食店営業,一般食堂・レストラン等,和食店,かき恭,910-0006,福井市中央３丁目１０－８,0776-23-0594,福井市指令生衛第21-4-343号,10/13/21,11/30/26
1021,飲食店,食堂,,かき乃木,910-0023,福井市順化１丁目１３－３ＳＮＯＷ片町１Ｆ,0776-29-1739,福井市指令生衛第20-1-306号,11/6/20,3/31/26
1022,飲食店営業,一般食堂・レストラン等,食堂,かくれ　わ　食堂,910-0006,福井市中央１丁目１４－５,,福井市指令生衛第21-4-404号,10/27/21,11/30/26
1023,飲食店営業,その他,おばんざい屋,かくれ家　小春日和,910-0023,福井市順化２丁目１２－１ＫＴ９ビル１Ｆ　１－Ｄ,0776-65-4111,福井市指令生衛第24-3-41号,5/13/24,4/30/30
1024,飲食店営業,その他,居酒屋,かざぐるま,918-8007,福井市足羽４丁目９―１６,0776-35-7236,福井市指令生衛第21-4-275号,8/18/21,10/31/26
1025,飲食店営業,一般食堂・レストラン等,レストラン,カシーナ,910-0017,福井市文京１丁目４０－１,0776-29-1128,福井市指令生衛第22-4-384号,1/10/23,1/31/29
1026,飲食店,仕出し弁当,,かじかの里山殿下,910-3517,福井市畠中町２８－２４－１,0776-97-2622,福井市指令生衛第20-1-121号,6/26/20,7/31/25
1027,麺類製造業,一般,,かじかの里山殿下,910-3517,福井市畠中町２８－２４－１,0776-97-2622,福井市指令生衛第20-1-122号,6/26/20,7/31/25
1028,菓子製造業,一般,,かじかの里山殿下,910-3517,福井市畠中町２８－２４－１,0776-97-2622,福井市指令生衛第20-1-123号,6/26/20,7/31/25
1029,そうざい製造業,一般,,かじかの里山殿下,910-3517,福井市畠中町２８－２４－１,0776-97-2622,福井市指令生衛第20-1-124号,6/26/20,7/31/25
1030,乳製品製造業,一般,,カジマート福井西武店,910-0006,福井市中央１丁目８―１西武福井店　地下１Ｆ,0776-28-1275,福井市指令生衛第20-1-441号,3/10/21,11/30/26
1031,飲食店,食堂,,かしわ軒,910-0067,福井市新田塚１丁目７０－２８,0776-63-5220,福井市指令生衛第20-1-264号,10/16/20,1/31/26
1032,飲食店営業,一般食堂・レストラン等,ファミリーレストラン,ガスト　福井東店,910-0844,福井市長本町２０２,0776-52-7082,福井市指令生衛第21-4-522号,11/30/21,12/31/26
1033,飲食店営業,一般食堂・レストラン等,ファミリーレストラン,ガスト　福井文京店,910-0017,福井市文京５丁目１５－２９,0776-23-1101,福井市指令生衛第21-4-591号,12/15/21,1/31/27
1034,菓子製造業,洋菓子,,カタヤマ,918-8026,福井市渕１丁目2002ローズハイツ　Ｙ　１Ｆ,0776-35-7741,福井市指令生衛第21-4-33号,6/1/21,5/31/28
1035,飲食店営業,一般食堂・レストラン等,和食店,かつき分店,918-8016,福井市江端町３２－９２,0776-38-2182,福井市指令生衛第23-4-150号,8/2/23,10/31/28
1036,飲食店営業,その他,居酒屋,かっちゃん,910-0023,福井市順化２丁目２１－１８,0776-23-0746,福井市指令生衛第23-4-493号,2/8/24,4/30/29
1037,飲食店,軽食,,がっと,918-8056,福井市若杉浜２丁目６０４,0776-35-0710,福井市指令生衛第20-2-35号,4/28/20,5/31/25
1038,飲食店営業,仕出し屋・弁当屋,弁当屋,かつみ,910-0834,福井市丸山２丁目６０６,0776-53-1755,福井市指令生衛第24-4-225号,11/28/24,12/31/30
1039,飲食店,食堂,,かつや福井運動公園前店,918-8054,福井市加茂河原町３１－１,0776-63-6528,福井市指令生衛第19-1-104号,7/12/19,5/31/25
1040,飲食店営業,一般食堂・レストラン等,とんかつ店,かつや福井新保店,910-0832,福井市新保町５－２９,0776-88-0850,福井市指令生衛第24-4-335号,12/13/24,12/31/29
1041,飲食店営業,一般食堂・レストラン等,和食店（とんかつ）,かつ義,919-0327,福井市大土呂町２１―１―１,0776-38-2352,福井市指令生衛第21-4-110号,6/15/21,8/31/26
1042,飲食店営業,一般食堂・レストラン等,一品調理食堂,かつ麻,910-0026,福井市光陽３丁目１１－３２,0776-25-3896,福井市指令生衛第21-4-573号,12/9/21,2/28/27
1043,菓子製造業,一般,,ガトーケイイチ,918-8105,福井市木田２丁目1611,0776-97-6760,福井県指令福保第1910001号,1/11/19,10/31/25
1044,飲食店営業,その他,喫茶店,がとーど　ちか,918-8064,福井市西学園１丁目９１１,0776-36-8303,福井市指令生衛第22-4-453号,3/15/23,5/31/28
1045,菓子製造業,菓子製造業,,がとーど　ちか,918-8064,福井市西学園１丁目９１１,0776-36-8303,福井市指令生衛第22-4-454号,3/15/23,5/31/28
1046,魚介類販売業,一般,,かど七,910-0023,福井市順化２丁目１９―５,0776-22-6160,福井市指令生衛第20-2-976号,3/24/21,4/30/26
1047,飲食店,仕出し弁当,,かど七,910-0023,福井市順化２丁目１９―５,0776-22-6160,福井市指令生衛第20-2-977号,3/24/21,4/30/26
1048,飲食店営業,仕出し屋・弁当屋,弁当店,かど清,910-0859,福井市日之出３丁目４－１８,0776-23-3863,福井市指令生衛第22-4-35号,5/25/22,7/31/27
1049,飲食店,食堂,,ガネーシャカレー　クルサ店,910-0017,福井市文京４丁目３－１えちぜんクルサ１階,0776-50-0701,福井市指令生衛第20-1-68号,5/15/20,2/28/26
1050,飲食店営業,旅館,旅館業,かねこ旅館,910-0017,福井市文京４丁目２－７,0776-23-2650,福井市指令生衛第23-4-342号,11/17/23,2/28/29
1051,そうざい製造業,そうざい製造業,,カネタツ数馬,910-3402,福井市鮎川町９３－４１－２,0776-88-2010,福井市指令生衛第22-4-110号,6/15/22,7/31/27
1052,水産製品製造業,水産製品製造業,,カネタツ数馬,910-3402,福井市鮎川町９３－４１－２,0776-88-2010,福井市指令生衛第22-4-111号,6/15/22,7/31/27
1053,飲食店,仕出し弁当,,カネ美食品（株）　リーズデリ福井店,918-8067,福井市飯塚町１１－１１１ＭＥＧＡドン・キホーテＵＮＹ福井店内,0776-63-5906,福井市指令生衛第19-1-358号,11/27/19,5/31/25
1054,菓子製造業,菓子製造業,,カネ美食品株式会社　リーズデリ福井店,918-8067,福井市飯塚町１１－１１１ＭＥＧＡドン・キホーテＵＮＹ福井店内,0776-63-5906,福井市指令生衛第23-3-181号,9/14/23,5/31/29
1055,飲食店営業,仕出し屋・弁当屋,総合惣菜,カネ美食品株式会社　福井大和田店,910-0836,福井市大和田２丁目１２３０アピタ福井大和田店　１Ｆ,0776-57-2119,福井市指令生衛第21-4-515号,11/9/21,12/31/26
1056,そうざい製造業,一般,,かばた,910-0017,福井市文京６丁目２２－７,0776-27-6464,福井市指令生衛第20-1-402号,2/1/21,1/31/27
1057,魚介類販売業,一般,,かばた,910-0017,福井市文京６丁目２２－７,0776-27-6464,福井市指令生衛第20-1-403号,2/1/21,1/31/27
1058,飲食店営業,一般食堂・レストラン等,和食店,かばた,910-0017,福井市文京６丁目２２－７,0776-27-6464,福井市指令生衛第22-4-328号,12/6/22,1/31/28
1059,飲食店営業,その他,カフェ,がふぅ恋猫,918-8237,福井市和田東２丁目１７１６Ｉビルディング１階,,福井市指令生衛第24-4-47号,4/30/24,7/31/29
1060,飲食店,食堂,,カフェ　ｍｉｓｏｌａ,910-0019,福井市春山２丁目２５－１,0776-43-0525,福井県指令福保第1810195号,5/31/18,4/30/25
1061,飲食店,軽食,,カフェ　オハナ,910-3373,福井市西畑町２－１７,,福井市指令生衛第20-1-478号,3/29/21,7/31/26
1062,飲食店営業,その他,カフェ　喫茶店,カフェ　カシュカシュ,910-0065,福井市八ツ島町３１字宮島３０２－１,0776-76-8990,福井市指令生衛第23-4-246号,10/12/23,12/31/28
1063,飲食店営業,その他,カラオケバー,カフェ　コンバーチブル,918-8056,福井市若杉浜２丁目３２４,0776-35-0845,福井市指令生衛第22-4-8号,5/10/22,5/31/27
1064,飲食店営業,一般食堂・レストラン等,モンゴル料理,カフェ　そよ風,910-0843,福井市西開発１丁目１７０３,0776-54-7630,福井市指令生衛第24-4-221号,10/24/24,12/31/29
1065,飲食店営業,その他,カフェ,カフェ　チョコラータ,910-0855,福井市西方１丁目１０―６,0776-28-6080,福井市指令生衛第21-4-123号,6/23/21,7/31/26
1066,飲食店営業,その他,喫茶店,カフェ　ばるーん,910-0826,福井市上中町３６―５―３,,福井市指令生衛第21-4-81号,6/8/21,7/31/26
1067,飲食店営業,その他,カフェ,カフェ　ふたば,910-0015,福井市二の宮３丁目３６－１３,0776-28-1128,福井市指令生衛第22-4-254号,11/9/22,1/31/28
1068,飲食店営業,その他,カフェ,カフェ　モカジジ,910-0138,福井市東森田３丁目１６０１,0776-50-2811,福井市指令生衛第23-4-84号,6/21/23,9/30/28
1069,飲食店営業,その他,寄合所,かふぇ　わ,918-8203,福井市上北野１丁目３５－２４,,福井市指令生衛第22-4-88号,6/21/22,7/31/27
1070,飲食店,社交飲食,,カフェ＆カラオケ　Ｙｅｌｌ,910-0854,福井市御幸４丁目１０－６　１Ｆ,0776-63-6383,福井市指令生衛第19-1-494号,3/16/20,7/31/25
1071,飲食店営業,その他,カフェカラオケ,カフェ＆カラオケ　虹,918-8012,福井市花堂北１丁目７－４,,福井市指令生衛第23-3-125号,10/2/23,10/31/28
1072,飲食店営業,一般食堂・レストラン等,洋食店,カフェ＆バール　ＢＥＡＴＯ,910-0017,福井市文京６丁目２１－１７,0776-28-5929,福井市指令生衛第22-4-324号,12/8/22,1/31/28
1073,飲食店営業,一般食堂・レストラン等,カフェ＆レストラン,カフェ＆レストラン　おウマとウサギ,910-0015,福井市二の宮４丁目４－４,,福井市指令生衛第23-3-264号,12/11/23,1/31/29
1074,菓子製造業,菓子製造業,,カフェ＆レストラン　おウマとウサギ,910-0015,福井市二の宮４丁目４－４,,福井市指令生衛第23-3-265号,12/11/23,1/31/29
1075,飲食店営業,その他,喫茶店,カフェ・バンカレラ　福井店,910-0834,福井市丸山１丁目１０７,0776-54-7711,福井市指令生衛第21-4-526号,11/24/21,12/31/26
1076,飲食店,軽食,,カフェテラス,910-0006,福井市中央１丁目１６―１,0776-21-0304,福井市指令生衛第20-2-472号,9/17/20,11/30/25
1077,菓子製造業,菓子製造業,,カフェテリア味菜,910-0017,福井市文京３丁目９－１福井大学内　学生支援センター,0776-21-2956,福井市指令生衛第23-3-81号,6/22/23,2/28/30
1078,飲食店営業,一般食堂・レストラン等,食堂,カフェテリア味菜,910-0017,福井市文京３丁目９－１福井大学内　学生支援センター,0776-21-2956,福井市指令生衛第24-4-292号,12/3/24,2/28/31
1079,飲食店営業,その他,ファーストフード店,カフェパンナ,918-8015,福井市花堂南２丁目１６―１ショッピングシティベル１Ｆ,0776-36-7667,福井市指令生衛第21-4-246号,8/11/21,10/31/26
1080,喫茶店,純喫茶,,カフェピース,910-0016,福井市大宮２丁目２０－２０八木トシ２ビル　１０２号室,,福井市指令生衛第20-1-43号,5/11/20,2/28/26
1081,飲食店営業,その他,カフェ,カフェボヌール,910-0005,福井市大手２丁目１９－５キャッスルホテル　１Ｆ,,福井市指令生衛第22-4-216号,10/18/22,11/30/27
1082,飲食店営業,その他,喫茶店,カプセル,910-0017,福井市文京２丁目５－５０,0776-28-5373,福井市指令生衛第23-4-337号,12/6/23,2/28/29
1083,飲食店営業,その他,居酒屋,がブリチキン,910-0006,福井市中央１丁目２－１ハピリン１Ｆ,0776-22-4511,福井市指令生衛第21-4-395号,11/22/21,11/30/26
1084,菓子製造業,一般,,カマダパン,910-0003,福井市松本４丁目１－９,0776-22-0617,福井市指令生衛第20-2-747号,1/21/21,1/31/27
1085,飲食店,仕出し弁当,,カマダパン,910-0003,福井市松本４丁目１－９,0776-22-0617,福井市指令生衛第20-2-746号,1/21/21,1/31/27
1086,食肉処理業,一般,,かみきたの肉のはまや,918-8203,福井市上北野１丁目１１―５,0776-54-5279,福井市指令生衛第20-2-169号,6/26/20,7/31/26
1087,食肉販売業,一般,,かみきたの肉のはまや,918-8203,福井市上北野１丁目１１―５,0776-54-5279,福井市指令生衛第20-2-168号,6/26/20,7/31/26
1088,飲食店,そうざい,,かみきたの肉のはまや,918-8203,福井市上北野１丁目１１―５,0776-54-5279,福井市指令生衛第20-2-167号,6/26/20,7/31/25
1089,飲食店営業,その他,喫茶店,カメイ珈琲店,918-8237,福井市和田東１丁目１４０２パルティール成和１０１,,福井市指令生衛第23-4-60号,6/14/23,7/31/28
1090,飲食店,食堂,,カメリア,910-0005,福井市大手３丁目１２－２０アレックシティおやかたビル５階,0776-24-3200,福井市指令生衛第20-1-189号,9/30/20,11/30/25
1091,飲食店営業,その他,カラオケ店,カラオケ　ジョイジョイ　福井駅前店,910-0006,福井市中央１丁目１０－２,0776-29-7778,福井市指令生衛第24-4-197号,9/10/24,11/30/29
1092,飲食店営業,その他,カラオケ店,カラオケ　ジョイジョイ　福井下馬店,918-8112,福井市下馬２丁目２０３,0776-32-7899,福井市指令生衛第23-3-104号,7/11/23,10/31/28
1093,飲食店営業,その他,カフェ＆スナック,カラオケ　笑　ＳＨＯＷ,910-0859,福井市日之出５丁目９－１０黒川マンション１号室,0776-63-5085,福井市指令生衛第23-4-52号,5/30/23,7/31/28
1094,飲食店営業,その他,カラオケＢＡＲ,カラオケＢＡＲ　スパイス,910-0023,福井市順化１丁目２４－１３ソワール河合ビル２階２０１号室,,福井市指令生衛第24-3-283号,11/25/24,3/31/30
1095,飲食店営業,その他,バー,カラオケＢＡＲエミ,910-0015,福井市二の宮３丁目２７－１スカイコープ１０３,,福井市指令生衛第24-3-153号,7/18/24,1/31/30
1096,飲食店営業,その他,カラオケ店,カラオケスタジオ　紲,918-8026,福井市渕２丁目１５０６山一ビル１Ｆ４号室,0776-34-3534,福井市指令生衛第21-4-39号,6/1/21,5/31/27
1097,飲食店営業,その他,スナック,カラオケスナック　メリーマリー,910-0023,福井市順化１丁目１２－４福ビル１階　１０２号,,福井市指令生衛第22-3-96号,7/4/22,3/31/28
1098,飲食店営業,その他,カラオケスナック,カラオケスナック喫茶　Ｍ,918-8037,福井市下江守町４－１０－２,,福井市指令生衛第23-3-479号,4/3/24,5/31/29
1099,飲食店営業,その他,カラオケバー,カラオケバー　ＬＰ,910-0023,福井市順化２丁目６－１７フォレスト片町４階４０１,,福井市指令生衛第23-4-576号,4/18/24,4/30/29
1100,飲食店営業,その他,バー,カラオケバー　ハーバービュー,910-0023,福井市順化２丁目１９－１２森ビル１Ｆ　Ｄ号室,,福井市指令生衛第24-3-256号,10/1/24,4/30/30
1101,飲食店,社交飲食,,カラオケパブ　ゑみ,910-0023,福井市順化１丁目２―１４メトロ会館　３Ｆ,0776-21-1199,福井市指令生衛第20-2-891号,2/18/21,3/31/26
1102,飲食店営業,その他,カラオケ店,カラオケまねきねこ　福井駅前店,910-0006,福井市中央１丁目１０－３０アクロスキューブ福井中央３Ｆ－４Ｆ,0776-50-1935,福井市指令生衛第24-3-373号,2/25/25,11/30/30
1103,飲食店営業,その他,カラオケ店,カラオケまねきねこ　福井大願寺店,910-0001,福井市大願寺３丁目９－６,0776-20-1288,福井市指令生衛第22-4-341号,12/15/22,1/31/28
1104,飲食店営業,その他,カラオケ店,カラオケまねきねこ　福井大和田店,910-0836,福井市大和田２丁目４１５エルパプラス３階,0776-43-3136,福井市指令生衛第24-3-359号,1/28/25,12/31/31
1105,飲食店営業,その他,喫茶店,カラオケ喫茶　アニー,910-0843,福井市西開発２丁目４０８,0776-53-0305,福井市指令生衛第23-4-319号,11/30/23,12/31/28
1106,飲食店営業,その他,カラオケ喫茶、スナック,カラオケ喫茶　スナック　ともちゃん,910-0017,福井市文京６丁目１４－２８,,福井市指令生衛第21-4-551号,12/8/21,1/31/27
1107,飲食店営業,その他,スナック,カラオケ喫茶　スナック美南,910-0804,福井市高木中央１丁目３１０２コーポホワイト　テナント,,福井市指令生衛第23-4-303号,10/31/23,12/31/28
1108,飲食店営業,その他,カラオケ喫茶,カラオケ喫茶　たんぽぽ,910-0006,福井市中央１丁目１０－１７,,福井市指令生衛第23-4-327号,11/21/23,11/30/28
1109,飲食店営業,その他,カラオケ喫茶,カラオケ喫茶　ちゃちゃ,910-0034,福井市菅谷２丁目７－１０菅谷ビル　１Ｆ１０８,0776-43-6488,福井市指令生衛第22-3-125号,7/28/22,2/29/28
1110,飲食店営業,その他,カラオケ喫茶,カラオケ喫茶　ゆきえ,918-8116,福井市大町清水畑２０２,0776-35-0464,福井市指令生衛第21-4-310号,9/8/21,10/31/26
1111,飲食店,軽食,,カラオケ喫茶・スナック　花,910-0017,福井市文京６丁目１３番１号,,福井市指令生衛第20-2-810号,12/17/20,1/31/26
1112,飲食店営業,その他,喫茶店,カラオケ喫茶スナック　びしゃもん,918-8231,福井市問屋町３丁目２０１,0776-27-0255,福井市指令生衛第22-4-58号,5/18/22,7/31/27
1113,飲食店営業,その他,カラオケ喫茶,カラオケ喫茶ぽんぽん,918-8017,福井市下荒井町１８－１４エフビル　１Ｆ,0776-38-5033,福井市指令生衛第24-4-213号,10/8/24,10/31/29
1114,飲食店営業,その他,居酒屋,カラオケ居酒屋　淳,918-8181,福井市浅水町１３２－７,0776-39-0567,福井市指令生衛第24-4-136号,7/25/24,10/31/29
1115,飲食店営業,一般食堂・レストラン等,洋食店,からやま福井二の宮店,910-0015,福井市二の宮２丁目３－８クランデール内テナント,0776-89-1723,福井市指令生衛第24-4-310号,12/5/24,1/31/30
1116,飲食店営業,一般食堂・レストラン等,唐揚げ専門店,から好し　福井長本町,910-0844,福井市長本町６０６,0776-53-3607,福井市指令生衛第23-4-285号,10/20/23,12/31/28
1117,飲食店営業,一般食堂・レストラン等,焼肉屋,カルビ大将　新保店,910-0838,福井市新保北１丁目１０１,0776-54-5003,福井市指令生衛第21-4-496号,10/27/21,12/31/26
1118,飲食店営業,一般食堂・レストラン等,焼肉店,カルビ大将　文京店,910-0017,福井市文京７丁目１１－７,0776-26-3115,福井市指令生衛第22-4-350号,12/14/22,1/31/29
1119,飲食店営業,その他,バーライブハウス,ガレージダイナー　ＣＨＯＰ,918-8013,福井市花堂東１丁目１８－６,0776-34-3558,福井市指令生衛第24-4-134号,7/16/24,10/31/29
1120,飲食店,食堂,,カレーのチャンピオン　北四ツ居店,918-8205,福井市北四ツ居２丁目111,0776-54-0221,福井市指令生衛第19-2-197号,7/2/19,7/31/25
1121,飲食店,食堂,,カレーのロッシーニ,910-0836,福井市大和田２丁目１２１２アピタ福井大和田コロナ棟１Ｆ,0776-50-6070,福井市指令生衛第20-1-1号,4/8/20,12/31/25
1122,飲食店営業,一般食堂・レストラン等,カレー専門店,カレーハウスＣｏＣｏ壱番屋　福井インター店,918-8236,福井市和田中２丁目１０３,0776-27-2072,福井市指令生衛第22-4-77号,6/2/22,7/31/27
1123,飲食店営業,一般食堂・レストラン等,カレー屋,カレーハウスＣｏＣｏ壱番屋　福井つくし野店,910-0122,福井市石盛町９１４,0776-63-5278,福井市指令生衛第23-3-356号,3/1/24,9/30/29
1124,飲食店営業,一般食堂・レストラン等,カレー屋,カレーハウスＣｏＣｏ壱番屋　福井開発店,910-0843,福井市西開発３丁目３１６,0776-57-0051,福井市指令生衛第22-4-251号,11/8/22,12/31/27
1125,飲食店営業,一般食堂・レストラン等,カレー専門店,カレーハウスＣｏＣｏ壱番屋　福井江守店,918-8025,福井市江守中２丁目１６０５,0776-35-8801,福井市指令生衛第23-4-499号,3/21/24,5/31/29
1126,飲食店,食堂,,カレーハウスＣｏＣｏ壱番館　福井堀の宮店,910-0017,福井市文京７丁目１８―２８フクオカビル　１Ｆ,0776-25-5547,福井市指令生衛第20-2-820号,1/21/21,1/31/26
1127,飲食店営業,一般食堂・レストラン等,カフェ,カレッテリア,910-0005,福井市大手３丁目７－１１階１０１号室（福井県繊協ビル）,0776-50-6604,福井市指令生衛第21-3-149号,11/8/21,11/30/26
1128,食肉販売業,一般,,カワグチ　エルパ店,910-0836,福井市大和田２丁目１２１２番地エルパ１Ｆ,0776-57-2500,福井市指令生衛第20-2-651号,11/26/20,12/31/25
1129,飲食店,そうざい,,カワグチ　エルパ店,910-0836,福井市大和田２丁目１２１２番地エルパ１Ｆ,0776-57-2500,福井市指令生衛第20-2-652号,11/26/20,12/31/25
1130,食肉販売業,食肉販売業,,カワグチ　ベル店,918-8015,福井市花堂南２丁目１６－１ショッピングセンターベル１Ｆ,0776-33-8088,福井市指令生衛第24-4-158号,8/9/24,10/31/30
1131,飲食店営業,その他,精肉店,カワグチ　ベル店,918-8015,福井市花堂南２丁目１６－１ショッピングセンターベル１Ｆ,0776-33-8088,福井市指令生衛第24-4-159号,8/9/24,10/31/30
1132,食肉処理業,食肉処理業,,カワグチ　本社,910-2178,福井市栂野町２１－６－１,0776-57-7500,福井市指令生衛第23-4-32号,6/1/23,7/31/29
1133,食肉製品製造業,食肉製品製造業,,カワグチ　本社,910-2178,福井市栂野町２１－６－１,0776-57-7500,福井市指令生衛第23-4-33号,6/1/23,7/31/29
1134,そうざい製造業,そうざい製造業,,カワグチ　本社,910-2178,福井市栂野町２１－６－１,0776-57-7500,福井市指令生衛第23-4-34号,6/1/23,7/31/29
1135,菓子製造業,菓子製造業,,かわせ餅,918-8003,福井市毛矢３丁目８―２０,0776-36-1391,福井市指令生衛第21-4-287号,8/31/21,10/31/26
1136,飲食店営業,その他,和食店,かわむら茶屋,918-8006,福井市足羽上町１４７―１足羽山公園内,0776-35-1919,福井市指令生衛第21-4-242号,8/11/21,10/31/26
1137,飲食店営業,その他,焼肉店,カンカン,918-8231,福井市問屋町３丁目８１６―２,0776-28-5551,福井市指令生衛第21-4-101号,6/7/21,7/31/26
1138,飲食店営業,その他,居酒屋,かんきち駅前店,910-0005,福井市大手２丁目５－４サトウビル１Ｆ・２Ｆ,0776-63-6239,福井市指令生衛第22-4-213号,10/5/22,11/30/27
1139,飲食店営業,一般食堂・レストラン等,居酒屋,かんきち福井下馬店,918-8112,福井市下馬３丁目３１３,0776-97-9798,福井市指令生衛第22-4-142号,7/28/22,10/31/27
1140,そうざい製造業,そうざい製造業,,カントリーママ　パリオ店,910-0852,福井市松城町１２－７パリオ１Ｆ,0776-50-6633,福井市指令生衛第22-3-83号,6/24/22,7/31/27
1141,そうざい製造業,そうざい製造業,,カントリーママ　松本店,910-0003,福井市松本３丁目１６－５７グルメ館内,0776-50-6622,福井市指令生衛第22-3-82号,6/24/22,1/31/28
1142,飲食店,社交飲食,,き,918-8027,福井市福１丁目707,0776-34-8758,福井市指令生衛第20-2-76号,4/23/20,5/31/25
1143,飲食店営業,その他,スナック,キースジャレット,910-0023,福井市順化１丁目１２－６順化ロンシャンビル　１Ｆ,0776-26-7515,福井市指令生衛第24-4-385号,1/30/25,3/31/30
1144,菓子製造業,菓子製造業,,きくや,910-0808,福井市舟橋１丁目４０１,,福井市指令生衛第23-4-278号,10/25/23,12/31/28
1145,飲食店営業,一般食堂・レストラン等,喫茶店,キッシュ,918-8204,福井市南四ツ居１丁目２―１５,0776-52-3082,福井市指令生衛第21-4-178号,7/8/21,7/31/26
1146,飲食店営業,その他,テイクアウト,キッチン　さくら,910-0023,福井市順化１丁目１６－３,,福井市指令生衛第24-3-367号,2/7/25,3/31/30
1147,飲食店営業,その他,居酒屋,きっちん　しほり,910-0005,福井市大手２丁目３４１１屋台村Ｅ,,福井市指令生衛第23-3-315号,2/5/24,11/30/29
1148,飲食店営業,一般食堂・レストラン等,洋食店,キッチン　トリアージュ,910-0006,福井市中央３丁目２－１８ＡＫ福井中央ビル１Ｆ,0776-25-7113,福井市指令生衛第22-4-186号,9/27/22,11/30/27
1149,飲食店営業,その他,家庭料理,キッチン　ピースフル,910-0834,福井市丸山１丁目８０４,,福井市指令生衛第22-4-286号,11/8/22,12/31/27
1150,飲食店営業,一般食堂・レストラン等,食堂,キッチン・ライフ,910-0823,福井市重立町弐八字辻４３甲信越福山通運株式会社福井支店内,0776-54-8001,福井市指令生衛第21-4-100号,6/16/21,7/31/27
1151,飲食店営業,仕出し屋・弁当屋,ケータリング弁当,キッチンガーデン　ヨンズ,918-8017,福井市下荒井町２０－６水谷ビル１Ｆ,0776-38-9141,福井市指令生衛第24-4-139号,8/1/24,10/31/29
1152,そうざい製造業,そうざい製造業,,キッチンささ,910-3645,福井市笹谷町１６－２９,0776-98-4607,福井市指令生衛第21-4-10号,6/1/21,6/30/26
1153,菓子製造業,菓子製造業,,キッチンささ,910-3645,福井市笹谷町１６－２９,0776-98-4607,福井市指令生衛第21-4-11号,6/1/21,6/30/26
1154,漬物製造業,漬物製造業,,キッチンささ,910-3645,福井市笹谷町１６－２９,0776-98-4607,福井市指令生衛第21-4-12号,6/1/21,6/30/26
1155,飲食店営業,一般食堂・レストラン等,洋食店,キッチン純,910-0843,福井市西開発４丁目７０９－４,,福井市指令生衛第22-3-411号,4/10/23,12/31/29
1156,飲食店営業,その他,ダイニングカフェ,キナリ,910-0859,福井市日之出１丁目１４－１０坪井ビル１Ｆ,,福井市指令生衛第23-3-255号,11/13/23,7/31/29
1157,飲食店営業,その他,居酒屋,きはちらくはち　やしろ店,918-8031,福井市種池２丁目６０７,0776-33-0136,福井市指令生衛第22-3-406号,4/12/23,5/31/28
1158,飲食店営業,その他,居酒屋,きはちらくはち　駅前店,910-0005,福井市大手２丁目４－２きはちビル,0776-63-6136,福井市指令生衛第21-4-379号,10/12/21,11/30/26
1159,飲食店営業,その他,居酒屋,きはちらくはち　河増店,918-8218,福井市河増町２１－３５－１,0776-53-9878,福井市指令生衛第22-4-169号,7/22/22,7/31/27
1160,飲食店営業,一般食堂・レストラン等,居酒屋,きはちらくはち　花堂店,918-8012,福井市花堂北１丁目１２－２５２Ｆ,0776-34-7868,福井市指令生衛第23-4-161号,9/7/23,10/31/28
1161,飲食店営業,その他,居酒屋,きはちらくはち　開発店,910-0842,福井市開発１丁目２１０,0776-43-1308,福井市指令生衛第21-4-532号,11/16/21,12/31/26
1162,飲食店営業,一般食堂・レストラン等,居酒屋,きはちらくはち　大和田店,910-0837,福井市高柳２丁目１４０５,0776-97-6107,福井市指令生衛第21-4-537号,12/21/21,12/31/26
1163,飲食店営業,その他,居酒屋,きはちらくはち　片町店,910-0023,福井市順化１丁目１７－５ＫＩＭＵＲＡビル２Ｆ,0776-37-3638,福井市指令生衛第24-4-380号,1/30/25,3/31/30
1164,飲食店営業,一般食堂・レストラン等,居酒屋,きはちらくはち学園店,910-0028,福井市学園２丁目１２－１３,0776-43-0363,福井市指令生衛第23-4-353号,12/21/23,2/28/29
1165,飲食店営業,その他,居酒屋,きはち屋　駅前店,910-0005,福井市大手２丁目６－１,0776-43-1801,福井市指令生衛第22-4-212号,10/6/22,11/30/27
1166,飲食店営業,一般食堂・レストラン等,沖縄料理、韓国料理,キムチ中毒！,910-0016,福井市大宮３丁目２０－２４舞幸邦　１０３号室,,福井市指令生衛第23-3-288号,2/5/24,2/28/29
1167,漬物製造業,漬物製造業,,キムチ中毒！,910-0016,福井市大宮３丁目２０－２４舞幸邦　１０３号室,,福井市指令生衛第23-3-289号,2/5/24,2/28/29
1168,飲食店営業,その他,カレー店,キムラキッチン,918-8005,福井市みのり４丁目１４－６,,福井市指令生衛第22-3-90号,7/11/22,10/31/27
1169,飲食店,軽食,,キャッチ,910-0836,福井市大和田２丁目１２１２エルパ１Ｆ,0776-57-2556,福井市指令生衛第20-2-648号,11/26/20,12/31/25
1170,菓子製造業,一般,,キャッチ,910-0836,福井市大和田２丁目１２１２エルパ１Ｆ,0776-57-2556,福井市指令生衛第20-2-649号,11/26/20,12/31/25
1171,アイスクリーム類製造業,一般,,キャッチ,910-0836,福井市大和田２丁目１２１２エルパ１Ｆ,0776-57-2556,福井市指令生衛第20-2-644号,11/26/20,12/31/25
1172,飲食店営業,その他,カラオケ喫茶・スナック,キャッツアイ,910-0853,福井市城東１丁目１５―１８第二イーストコーポ１Ｆ,0776-43-1132,福井市指令生衛第21-4-74号,6/3/21,7/31/26
1173,飲食店営業,その他,スナック,キャバレー　パロパロ,910-0023,福井市順化１丁目１５－１ＫＩＨＡＣＨＩビル４ＦＡ号,0776-50-7553,福井市指令生衛第21-3-134号,10/1/21,3/31/27
1174,飲食店営業,その他,喫茶店,キャンディー,918-8055,福井市若杉４丁目１２０３小川プラザハイツ１０１号,0776-36-0714,福井市指令生衛第21-4-804号,4/7/22,5/31/27
1175,飲食店営業,その他,スナック,キュート,910-0023,福井市順化１丁目１４－２３エルシャトビル４Ｆ,0776-26-7099,福井市指令生衛第22-4-370号,1/5/23,3/31/28
1176,菓子製造業,一般,,キョウガキネン日,910-0006,福井市中央１丁目１９－２２スピーガビル２Ｆ,0776-92-0111,福井市指令生衛第21-1-22号,4/26/21,11/30/26
1177,飲食店営業,一般食堂・レストラン等,中華料理,ギョーザ　ラーメン　彩菜,910-0023,福井市順化１丁目７－６４７１１ビル　１Ｆ,0776-23-5253,福井市指令生衛第24-4-356号,1/21/25,3/31/30
1178,飲食店営業,一般食堂・レストラン等,食堂,ぎょーざ屋はっちゃん,910-0026,福井市光陽１丁目８－８,,福井市指令生衛第24-4-316号,12/10/24,2/28/30
1179,飲食店営業,一般食堂・レストラン等,焼肉店,きらくや,910-3402,福井市鮎川町１８―２―１０,0776-88-2622,福井市指令生衛第21-4-147号,6/16/21,7/31/26
1180,飲食店,軽食,,キルトカフェ　趣味工房,910-0006,福井市中央１丁目５―５,0776-22-0860,福井市指令生衛第20-2-498号,11/26/20,11/30/25
1181,飲食店営業,一般食堂・レストラン等,和洋食店,キルトハウス,910-0023,福井市順化２丁目１６－１９東側,0776-22-5683,福井市指令生衛第21-4-700号,2/24/22,4/30/27
1182,飲食店,軽食,,キングバナナ,910-0026,福井市光陽３丁目１－１６山崎テナントＢ,,福井市指令生衛第20-1-247号,9/28/20,2/28/26
1183,菓子製造業,一般,,キングバナナ,910-0026,福井市光陽３丁目１－１６山崎テナントＢ,,福井市指令生衛第20-1-425号,2/24/21,2/28/26
1184,飲食店,軽食,,く・く・る,910-0023,福井市順化２丁目１９―１９,0776-23-5159,福井市指令生衛第20-2-975号,3/24/21,4/30/26
1185,飲食店,社交飲食,,くいもの屋　わん　福井駅前店,910-0006,福井市中央１丁目９―３３メルシビル１Ｆ,0776-24-7722,福井市指令生衛第20-2-512号,9/17/20,11/30/25
1186,飲食店営業,その他,バー,ぐーちょきぱー,910-0023,福井市順化１丁目１７－１５オリエンタル５　３階３０２号,0776-26-7560,福井市指令生衛第23-3-5号,4/24/23,3/31/29
1187,飲食店営業,その他,割烹料理,くずし割烹ぼんた,910-0006,福井市中央１丁目２－１ハピリン１Ｆ　１０２,0776-43-0997,福井市指令生衛第21-4-329号,9/29/21,11/30/26
1188,飲食店,社交飲食,,くずし割烹ぼんた　個室おニ階,910-0006,福井市中央１丁目２－１ハピリン内２Ｆ,0776-97-5662,福井市指令生衛第21-1-13号,4/15/21,11/30/26
1189,魚介類販売業,魚介類販売業,ドラッグストア,クスリのアオキ志比口店,910-0845,福井市志比口３丁目１－７,0776-97-9115,福井市指令生衛第22-3-100号,7/15/22,7/31/28
1190,菓子製造業,パン,ドラッグストア,クスリのアオキ志比口店,910-0845,福井市志比口３丁目１－７,0776-97-9115,福井市指令生衛第22-3-101号,7/15/22,7/31/28
1191,そうざい製造業,そうざい製造業,ドラッグストア,クスリのアオキ志比口店,910-0845,福井市志比口３丁目１－７,0776-97-9115,福井市指令生衛第22-3-102号,7/15/22,7/31/28
1192,魚介類販売業,魚介類販売業,ドラックストア,クスリのアオキ福井高柳店,910-0837,福井市高柳３丁目２２０１,0776-43-3581,福井市指令生衛第24-3-29号,4/15/24,12/31/30
1193,菓子製造業,菓子製造業,ドラックストア,クスリのアオキ福井高柳店,910-0837,福井市高柳３丁目２２０１,0776-43-3581,福井市指令生衛第24-3-30号,4/15/24,12/31/30
1194,そうざい製造業,そうざい製造業,ドラックストア,クスリのアオキ福井高柳店,910-0837,福井市高柳３丁目２２０１,0776-43-3581,福井市指令生衛第24-3-31号,4/15/24,12/31/30
1195,飲食店営業,一般食堂・レストラン等,イタリア料理店,クッチーナ,910-0006,福井市中央１丁目１９－２０チェントロビル　２Ｆ,0776-24-8803,福井市指令生衛第22-4-181号,9/22/22,11/30/27
1196,飲食店営業,一般食堂・レストラン等,カフェ,クマゴローカフェ,910-0006,福井市中央１丁目２２－７ニシワキビル１Ｆ,,福井市指令生衛第21-4-377号,10/21/21,11/30/26
1197,飲食店営業,一般食堂・レストラン等,和食店,くま乃家,910-0005,福井市大手３丁目１４－１７加藤店舗１Ｆ西側,,福井市指令生衛第22-4-202号,10/6/22,11/30/27
1198,飲食店営業,一般食堂・レストラン等,とんかつ屋,くら,918-8205,福井市北四ツ居１丁目１－８,0776-53-6586,福井市指令生衛第24-4-6号,5/9/24,7/31/29
1199,そうざい製造業,そうざい製造業,,くら,918-8205,福井市北四ツ居１丁目１－８,0776-53-6586,福井市指令生衛第24-4-7号,5/9/24,7/31/29
1200,菓子製造業,菓子製造業,パン,グラーノ・グラーノ　大和田店,910-0836,福井市大和田２丁目１２３０アピタ内　１Ｆ,0776-57-2162,福井市指令生衛第23-4-271号,10/19/23,12/31/28
1201,飲食店営業,その他,飲み屋,グラスムーン,918-8015,福井市花堂南２丁目１２－１,,福井市指令生衛第23-3-111号,7/14/23,10/31/28
1202,飲食店営業,その他,ラウンジ,クラブ　ヴァンテレーヌ,910-0023,福井市順化１丁目１７－７片町プランタンビル１０１,0776-24-3123,福井市指令生衛第24-4-345号,1/14/25,3/31/30
1203,飲食店,社交飲食,,クラブ ハーバービュー,910-0023,福井市順化１丁目８－１２片町プラザビル５Ｆ　５２・５３,,福井市指令生衛第19-1-498号,3/30/20,3/31/25
1204,飲食店営業,その他,キャバクラ,クラブグリム・福井店,910-0023,福井市順化２丁目１３－１４ＣＯＰＡビル１ＦＢ号室,0776-97-9722,福井市指令生衛第23-3-84号,6/29/23,4/30/29
1205,飲食店,社交飲食,,クラブ月虹,910-0023,福井市順化２丁目１２－１８フォーカス片町１Ｆ,0776-29-2235,福井市指令生衛第19-1-451号,3/4/20,4/30/25
1206,菓子製造業,一般,,グラン・シェフ　クーゼー,918-8152,福井市今市町４０―１―１ハーモニーホールふくい敷地内,0776-38-8833,福井市指令生衛第19-1-257号,10/7/19,10/31/25
1207,飲食店営業,仕出し屋・弁当屋,洋食店,グラン・シェフ　クーゼー,918-8152,福井市今市町４０―１―１ハーモニーホールふくい敷地内,0776-38-8833,福井市指令生衛第21-4-229号,8/11/21,10/31/26
1208,魚介類販売業,魚介類販売業,,クランデール　二の宮店,910-0015,福井市二の宮２丁目３－８,0776-21-8851,福井市指令生衛第23-4-311号,11/7/23,1/31/30
1209,飲食店営業,仕出し屋・弁当屋,スーパーマーケット,クランデール　二の宮店,910-0015,福井市二の宮２丁目３－８,0776-21-8851,福井市指令生衛第23-4-312号,11/7/23,1/31/30
1210,菓子製造業,菓子製造業,,クランデール　二の宮店,910-0015,福井市二の宮２丁目３－８,0776-21-8851,福井市指令生衛第23-4-313号,11/7/23,1/31/30
1211,飲食店営業,その他,スーパーマーケット,クランデール　二の宮店,910-0015,福井市二の宮２丁目３－８,0776-21-8851,福井市指令生衛第23-4-314号,11/7/23,1/31/30
1212,飲食店営業,その他,スーパーマーケット,クランデール　二の宮店,910-0015,福井市二の宮２丁目３－８,0776-21-8851,福井市指令生衛第23-4-315号,11/7/23,1/31/30
1213,食肉販売業,食肉販売業,,クランデール　二の宮店,910-0015,福井市二の宮２丁目３－８,0776-21-8851,福井市指令生衛第23-4-316号,11/7/23,1/31/30
1214,飲食店営業,一般食堂・レストラン等,結婚式場,グラントリア,918-8112,福井市下馬２丁目１６０８,0776-33-2345,福井市指令生衛第24-4-116号,7/25/24,10/31/30
1215,飲食店営業,一般食堂・レストラン等,寿司店,くら寿司　福井羽水店,918-8114,福井市羽水１丁目６１７,0776-35-6101,福井市指令生衛第24-4-169号,8/22/24,10/31/29
1216,飲食店,食堂,,グリルラセール,910-0016,福井市大宮４丁目１４―１８ストリートオーミヤ１０３号室,0776-27-5048,福井市指令生衛第20-2-770号,1/21/21,2/28/26
1217,飲食店営業,一般食堂・レストラン等,レストラン,グリル上坂,910-0028,福井市学園２丁目１－１６ヨシダハイツ　１Ｆ,0776-25-0018,福井市指令生衛第21-4-578号,12/22/21,2/28/27
1218,飲食店,仕出し弁当,,くるくる寿司　ほがらか亭,918-8239,福井市成和１丁目１００９―１,0776-27-2606,福井市指令生衛第20-2-179号,6/26/20,7/31/25
1219,菓子製造業,菓子製造業,,グルメ館パリオシティー店,910-0852,福井市松城町１２－７,0776-25-8420,福井市指令生衛第21-4-179号,7/13/21,7/31/26
1220,飲食店営業,仕出し屋・弁当屋,スーパー,グルメ館パリオシティー店,910-0852,福井市松城町１２－７,0776-25-8420,福井市指令生衛第22-4-53号,6/9/22,7/31/27
1221,魚介類販売業,魚介類販売業,,グルメ館パリオシティー店,910-0852,福井市松城町１２－７,0776-25-8420,福井市指令生衛第22-4-54号,6/9/22,7/31/27
1222,飲食店営業,仕出し屋・弁当屋,スーパー,グルメ館パリオシティー店,910-0852,福井市松城町１２－７,0776-25-8420,福井市指令生衛第22-4-55号,6/9/22,7/31/27
1223,食肉販売業,食肉販売業,,グルメ館パリオシティー店,910-0852,福井市松城町１２－７,0776-25-8420,福井市指令生衛第22-4-56号,6/9/22,7/31/27
1224,アイスクリーム類製造業,一般,,クレープＢＯＮ,910-0023,福井市順化２丁目２２－１６,0776-22-2919,福井市指令生衛第19-1-291号,10/21/19,4/30/25
1225,飲食店営業,その他,クレープ屋,クレープＢＯＮ,910-0023,福井市順化２丁目２２－５,0776-22-2919,福井市指令生衛第24-4-453号,2/17/25,4/30/30
1226,菓子製造業,菓子製造業,,クレープのお店　にゃいすでい,910-0123,福井市八重巻町３０８,0776-92-0310,福井市指令生衛第24-4-92号,6/18/24,9/30/29
1227,飲食店,社交飲食,,クレール,910-0023,福井市順化２丁目２０-１３友邦ビル３階３０２,,福井市指令生衛第20-1-372号,12/16/20,4/30/26
1228,飲食店,社交飲食,,くろひげ,910-0023,福井市順化１丁目１２―４第１福ビル２Ｆ,0776-25-0348,福井市指令生衛第20-2-851号,2/18/21,3/31/26
1229,飲食店,食堂,,ケアハウス　ラフィナート浅水,918-8183,福井市浅水三ケ町１―２９―１,0776-38-0570,福井市指令生衛第19-2-370号,9/20/19,10/31/25
1230,飲食店,食堂,,ケアハウス九頭竜,910-0801,福井市寺前町４―１４―２,,福井市指令生衛第20-2-588号,11/26/20,12/31/25
1231,飲食店営業,その他,集団給食施設,ケアハウス日光,910-0029,福井市日光１丁目１－１ケアハウス日光内,0776-28-1122,福井市指令生衛第24-4-331号,12/19/24,2/28/31
1232,飲食店営業,仕出し屋・弁当屋,宅配弁当,ケア食和み,910-0023,福井市順化２丁目２０－１９,0776-27-5638,福井市指令生衛第23-4-3号,4/26/23,4/30/28
1233,飲食店営業,その他,パブ（ライブハウス）,ケネディ・クラブ,910-0023,福井市順化２丁目１２－１４プリンスビル　５Ｆ,0776-21-5767,福井市指令生衛第24-4-413号,2/4/25,4/30/30
1234,そうざい製造業,そうざい製造業,,けやき庵,910-3111,福井市島山梨子町２０－１０,0776-59-2525,福井市指令生衛第22-4-104号,6/15/22,7/31/27
1235,飲食店営業,その他,ファストフード,ケンタッキーフライドチキン　福井ベル店,918-8015,福井市花堂南２丁目１６―１ショッピングシティベル１Ｆ,0776-33-7162,福井市指令生衛第21-4-258号,8/11/21,10/31/26
1236,飲食店営業,その他,ファーストフード店,ケンタッキーフライドチキン　福井幾久店,910-0015,福井市二の宮１丁目１－１１４,0776-28-7552,福井市指令生衛第24-4-271号,11/5/24,1/31/31
1237,飲食店営業,その他,居酒屋,げん屋,918-8237,福井市和田東１丁目１８０１,0776-25-5650,福井市指令生衛第22-4-76号,5/19/22,7/31/27
1238,飲食店営業,その他,軽食,こうか苑,918-8204,福井市南四ツ居１丁目１５－１９,0776-53-5839,福井市指令生衛第23-4-41号,5/15/23,7/31/28
1239,飲食店営業,その他,バー,こうみんかん,910-0006,福井市中央１丁目１３－５,,福井市指令生衛第24-3-317号,12/9/24,11/30/30
1240,飲食店営業,その他,一品料理屋,ごえもん,918-8005,福井市みのり１丁目２８―１７,0776-35-5662,福井市指令生衛第21-4-296号,8/18/21,10/31/26
1241,飲食店,食堂,,コート・ダジュール　福井大願寺店,910-0001,福井市大願寺３丁目８－２４,0776-28-3488,福井市指令生衛第20-2-759号,1/14/21,1/31/27
1242,飲食店営業,旅館,旅館,コート・ドール,910-0843,福井市西開発４丁目７１５,0776-54-5455,福井市指令生衛第21-4-608号,12/21/21,12/31/26
1243,飲食店営業,旅館,ホテル,コートヤード・バイ・マリオット福井　（宴会場・会議室）,910-0006,福井市中央１丁目３－５コートヤード・バイ・マリオット福井４Ｆ,0776-50-6621,福井市指令生衛第23-3-366号,2/27/24,11/30/29
1244,そうざい製造業,そうざい製造業,,コートヤード・バイ・マリオット福井　（宴会場・会議室）,910-0006,福井市中央１丁目３－５コートヤード・バイ・マリオット福井４Ｆ,0776-50-6621,福井市指令生衛第23-3-373号,2/27/24,11/30/29
1245,飲食店営業,その他,バー,ゴードン,910-0023,福井市順化１丁目２３－３順化バレンシア３Ｆ,0776-21-8208,福井市指令生衛第21-4-648号,1/27/22,3/31/27
1246,飲食店,食堂,,コーピアせいめい,918-8152,福井市今市町６５－１１－１,0776-38-6515,福井市指令生衛第19-2-356号,9/20/19,10/31/25
1247,飲食店営業,その他,喫茶店,コーヒー＆パブ　プラム,910-2222,福井市市波町３９－２－２,0776-96-4959,福井市指令生衛第21-4-634号,2/1/22,8/31/27
1248,飲食店営業,その他,喫茶店,コーヒー１０,910-0011,福井市経田２丁目８０７,0776-21-8817,福井市指令生衛第23-4-288号,10/12/23,1/31/29
1249,飲食店営業,その他,喫茶店,コーヒーショップ　憩,918-8057,福井市加茂河原２丁目１－２３,0776-36-8484,福井市指令生衛第21-4-766号,3/15/22,5/31/27
1250,飲食店営業,その他,喫茶店,コーヒーハウス　みるく,910-0034,福井市菅谷１丁目５－１５,0776-28-2766,福井市指令生衛第21-4-603号,12/10/21,2/28/27
1251,飲食店営業,その他,喫茶店,コーヒーハウス　モーガン,910-0015,福井市二の宮５丁目１６－１３,,福井市指令生衛第23-4-291号,10/26/23,1/31/29
1252,飲食店営業,その他,喫茶店,コーヒールーム　シャロット,910-0854,福井市御幸４丁目８－５,0776-28-2152,福井市指令生衛第22-4-48号,6/2/22,7/31/27
1253,飲食店営業,一般食堂・レストラン等,レストラン,ゴールド福井カントリークラブ　２階,910-3633,福井市上天下町１－１,0776-98-4100,福井市指令生衛第21-4-55号,6/1/21,6/30/26
1254,アイスクリーム類製造業,一般,,ごーる堂のソフト屋,910-3517,福井市畠中町２８－６,0776-97-2125,福井市指令生衛第20-1-170号,7/22/20,7/31/25
1255,飲食店,軽食,,ごーる堂のソフト屋,910-3517,福井市畠中町２８－６,0776-97-2125,福井市指令生衛第20-1-330号,11/18/20,7/31/26
1256,飲食店営業,その他,カフェ,ごきげんｃｈａｃｈａｃｈａ。,910-0851,福井市米松１丁目１５－４１,,福井市指令生衛第24-3-226号,9/12/24,7/31/30
1257,飲食店営業,その他,テイクアウト,ごきげんよう、クロッフル,910-0837,福井市高柳２丁目１２０６（トレタス内チャレンジショップ②）,,福井市指令生衛第24-3-12号,4/16/24,12/31/30
1258,そうざい製造業,そうざい製造業,,ごきげんよう、クロッフル,910-0837,福井市高柳２丁目１２０６（トレタス内チャレンジショップ②）,,福井市指令生衛第24-3-13号,4/16/24,12/31/30
1259,漬物製造業,漬物製造業,,ごきげんよう、クロッフル,910-0837,福井市高柳２丁目１２０６（トレタス内チャレンジショップ②）,,福井市指令生衛第24-3-14号,4/16/24,12/31/30
1260,菓子製造業,菓子製造業,,ごきげんよう、クロッフル,910-0837,福井市高柳２丁目１２０６（トレタス内チャレンジショップ②）,,福井市指令生衛第24-3-11号,4/16/24,12/31/30
1261,飲食店営業,その他,フルーツジュース専門店,ゴクゴク福井エルパ店,910-0836,福井市大和田２丁目１２１２フェアモール福井エルパ１階,0776-57-2651,福井市指令生衛第21-3-59号,7/16/21,12/31/26
1262,そうざい製造業,そうざい製造業,,ここＤｅｌｉ　カワグチ,910-0006,福井市中央１丁目１－２５くるふ福井駅㉝,0776-29-2911,福井市指令生衛第23-3-361号,2/21/24,11/30/29
1263,飲食店営業,一般食堂・レストラン等,ファミリーレストラン,ココス　ベル店,918-8016,福井市江端町１４－１－１,0776-38-9063,福井市指令生衛第21-4-237号,8/10/21,10/31/26
1264,飲食店,食堂,,ココス　運動公園店,918-8027,福井市福１丁目２９１１,0776-33-7213,福井市指令生衛第20-2-74号,4/23/20,5/31/25
1265,飲食店営業,一般食堂・レストラン等,ファミリーレストラン,ココス　西方店,910-0855,福井市西方２丁目２０１,0776-28-7682,福井市指令生衛第23-4-64号,5/19/23,7/31/28
1266,飲食店営業,一般食堂・レストラン等,レストラン,ココス　堀の宮店,910-0017,福井市文京６丁目３３－１５,0776-28-7680,福井市指令生衛第21-4-604号,1/11/22,1/31/27
1267,飲食店営業,一般食堂・レストラン等,レストラン,ココス福井開発店,910-0841,福井市開発町９－４－１,0776-52-6180,福井市指令生衛第22-4-260号,11/10/22,12/31/28
1268,飲食店営業,その他,喫茶店,ここね,910-0125,福井市石盛３丁目１４１５,,福井市指令生衛第23-4-79号,6/13/23,9/30/28
1269,菓子製造業,一般,,こころｓｗｅｅｔｓ,918-8213,福井市今泉町２－５－１,0776-63-6711,福井市指令生衛第20-2-151号,6/26/20,7/31/25
1270,そうざい製造業,一般,,こころキッチン,918-8213,福井市今泉町２－５－１,0776-63-6711,福井市指令生衛第20-2-152号,6/26/20,7/31/25
1271,飲食店営業,その他,Bar,コスプレＢａｒ　Ｒｉｒｉｍｕ,910-0023,福井市順化１丁目１７－２８ジョイフル片町２ＦＡ,,福井市指令生衛第22-3-419号,4/5/23,3/31/29
1272,飲食店営業,その他,惣菜（お弁当）屋,ごちそう一乃松　御幸店,910-0854,福井市御幸４丁目１－８,0776-28-3580,福井市指令生衛第21-3-252号,12/23/21,7/31/28
1273,飲食店営業,仕出し屋・弁当屋,惣菜（お弁当）店,ごちそう一乃松　繊協ビル店,910-0005,福井市大手３丁目７－１福井県繊協ビル　１階１０２,0776-21-1567,福井市指令生衛第21-3-135号,9/24/21,11/30/26
1274,飲食店営業,その他,スナック,コップンカー,910-0023,福井市順化２丁目２０－１７セレクトシティー片町　３０１,0776-28-7815,福井市指令生衛第22-4-417号,2/9/23,4/30/28
1275,菓子製造業,菓子製造業,,コッペ亭,918-8112,福井市下馬３丁目１６０１,0776-33-2650,福井市指令生衛第24-4-161号,8/22/24,10/31/30
1276,飲食店営業,その他,パン屋,コッペ亭,918-8112,福井市下馬３丁目１６０１,0776-33-2650,福井市指令生衛第24-4-162号,8/22/24,10/31/30
1277,そうざい製造業,そうざい製造業,,コッペ亭,918-8112,福井市下馬３丁目１６０１,0776-33-2650,福井市指令生衛第24-4-163号,8/22/24,10/31/30
1278,菓子製造業,菓子製造業,,コッペ亭　セントラルキッチン,918-8016,福井市江端町３－４－２,0776-76-2247,福井市指令生衛第24-3-93号,6/6/24,10/31/30
1279,そうざい製造業,そうざい製造業,,コッペ亭　セントラルキッチン,918-8016,福井市江端町３－４－２,0776-76-2247,福井市指令生衛第24-3-94号,6/6/24,10/31/30
1280,喫茶店,純喫茶,,ゴディバジャパン株式会社,910-0006,福井市中央１丁目８―１西武福井店１Ｆ,0776-25-0665,福井市指令生衛第20-1-461号,3/11/21,11/30/26
1281,飲食店営業,その他,カフェ,こどものきもち,910-0023,福井市順化２丁目２６－２４ナカヤビル１０１,,福井市指令生衛第21-3-306号,3/16/22,4/30/27
1282,飲食店営業,一般食堂・レストラン等,居酒屋,ごはんばーきえんの徴,910-0818,福井市堂島町２０３,0776-53-9287,福井市指令生衛第21-4-524号,12/14/21,12/31/26
1283,飲食店営業,一般食堂・レストラン等,和食店,ごはん屋　和,910-0138,福井市東森田２丁目１０８,0776-76-5150,福井市指令生衛第21-4-185号,7/14/21,9/30/26
1284,飲食店,社交飲食,,こびり庵,910-2165,福井市東郷二ケ町３５－４,0776-41-8118,福井市指令生衛第20-1-448号,3/5/21,8/31/26
1285,飲食店営業,その他,軽食,コミュニティリゾート　リライム　３階「リビングルーム」,910-0842,福井市開発５丁目１２０７コミュニティリゾートリライム,0776-52-5400,福井市指令生衛第22-4-253号,10/11/22,12/31/27
1286,飲食店営業,その他,喫茶店,コメダ珈琲　二の宮店,910-0015,福井市二の宮２丁目８０３－２,0776-50-2257,福井市指令生衛第22-4-261号,11/1/22,1/31/28
1287,飲食店営業,その他,喫茶店,コメダ珈琲　福井木田橋通り店,918-8106,福井市木田町１８０５,0776-63-6664,福井市指令生衛第22-4-139号,7/14/22,10/31/27
1288,飲食店営業,その他,喫茶店,コロンバ　江端店,918-8016,福井市江端町２４－７－２,0776-38-5608,福井市指令生衛第22-4-153号,7/21/22,10/31/27
1289,菓子製造業,菓子製造業,,コロンバ　本店,910-0829,福井市林藤島町１９－３１－１,0776-52-5608,福井市指令生衛第21-4-501号,11/9/21,12/31/26
1290,アイスクリーム類製造業,アイスクリーム類製造業,,コロンバ　本店,910-0829,福井市林藤島町１９－３１－１,0776-52-5608,福井市指令生衛第21-4-502号,11/9/21,12/31/26
1291,飲食店営業,その他,喫茶店,コロンバ　本店,910-0829,福井市林藤島町１９－３１－１,0776-52-5608,福井市指令生衛第21-4-500号,11/9/21,12/31/26
1292,菓子製造業,菓子製造業,,コンディトライーカフェユキライン,910-0023,福井市順化２丁目７－５,0776-26-3663,福井市指令生衛第21-4-710号,3/2/22,4/30/28
1293,飲食店営業,その他,バー,コンドル,910-0023,福井市順化１丁目１０－１５堀井ビル１Ｆ,0776-27-5005,福井市指令生衛第23-4-559号,3/1/24,3/31/29
1294,飲食店,軽食,,コンパ,910-0004,福井市宝永３丁目２１－１５ジュピエル宝永１０３,0776-24-5339,福井市指令生衛第20-1-144号,7/13/20,11/30/25
1295,飲食店営業,一般食堂・レストラン等,麺類店,こんぴら亭,918-8231,福井市問屋町４丁目１１７,0776-23-2973,福井市指令生衛第24-4-34号,5/21/24,7/31/29
1296,飲食店営業,一般食堂・レストラン等,うどん店,こんぴら亭　三の丸店,910-0005,福井市大手２丁目１５－１８,0776-21-1909,福井市指令生衛第21-4-382号,10/14/21,11/30/26
1297,飲食店,旅館,,コンフォートイン福井,910-0836,福井市大和田１丁目１５０４,0776-54-8311,福井市指令生衛第19-2-487号,12/2/19,12/31/25
1298,飲食店営業,その他,和食屋,ご馳走　純,910-0023,福井市順化２丁目１２－６パークサイドビル　１階,0776-25-5552,福井市指令生衛第23-3-163号,8/28/23,4/30/29
1299,飲食店,食堂,,ザ・グランユアーズフクイ,910-0005,福井市大手３丁目１２番２０号アレックシティおやかたビル　３階,0776-24-3200,福井市指令生衛第20-2-449号,10/19/20,11/30/25
1300,飲食店営業,その他,バー,ザ・バー・イースト,910-0023,福井市順化１丁目５－１８パレスホテル２Ｆ,0776-25-1773,福井市指令生衛第22-4-354号,1/5/23,3/31/28
1301,飲食店営業,その他,アイスクリーム店,サーティーワンアイスクリーム　ＭＥＧＡドン・キホーテＵＮＹ福井店,918-8067,福井市飯塚町１１－１１１ＭＥＧＡドン・キホーテＵＮＹ福井店　１Ｆ,0776-36-1431,福井市指令生衛第22-4-445号,3/8/23,5/31/28
1302,飲食店,軽食,,サーティーワンアイスクリーム　エルパ福井店,910-0836,福井市大和田２丁目１２１２　エルパ１Ｆ,0776-57-1002,福井市指令生衛第19-1-478号,3/9/20,12/31/25
1303,喫茶店,純喫茶,,サーティーワンアイスクリーム　福井ロウドサイド店,910-0013,福井市幾代２丁目１４０１,0776-25-1031,福井市指令生衛第20-2-725号,1/21/21,1/31/26
1304,飲食店営業,一般食堂・レストラン等,レストラン,サイゼリヤ　そよら福井開発店,910-0843,福井市西開発３丁目２０４－３そよら福井１階,0776-52-5275,福井市指令生衛第24-3-137号,7/4/24,12/31/30
1305,飲食店営業,一般食堂・レストラン等,イタリアンレストラン,サイゼリヤ　フェアモール福井店,910-0836,福井市大和田２丁目１２３０フェアモール福井１Ｆ,0776-52-2666,福井市指令生衛第21-4-498号,11/11/21,12/31/26
1306,飲食店,食堂,,サイゼリヤ　福井駅前店,910-0006,福井市中央１丁目３－３ＫＩビル２階,0776-23-0680,福井市指令生衛第20-2-492号,10/19/20,11/30/25
1307,飲食店営業,その他,居酒屋,さかな囃子,910-0122,福井市石盛町５２３,0776-56-3917,福井市指令生衛第24-4-94号,6/25/24,9/30/29
1308,飲食店営業,仕出し屋・弁当屋,弁当販売,さか井,910-0828,福井市林町２０－１,0776-53-2479,福井市指令生衛第23-4-360号,12/7/23,12/31/28
1309,飲食店営業,その他,和食,さか本,910-0023,福井市順化１丁目１７－１１日の丸ビル１F５号室,,福井市指令生衛第23-3-4号,5/12/23,3/31/29
1310,飲食店営業,その他,テイクアウト専門店,ザクザクチキン７５３,918-8026,福井市渕２丁目８２０塚谷ビル１Ｆ１０３,0776-36-0823,福井市指令生衛第22-3-200号,10/21/22,5/31/28
1311,飲食店,軽食,,さくら,910-0026,福井市光陽２丁目２―２７学園ハイツ　１Ｆ,0776-24-1023,福井市指令生衛第20-2-729号,1/21/21,2/28/26
1312,飲食店営業,仕出し屋・弁当屋,弁当屋,さくらむすび,910-0006,福井市中央１丁目１－２５くるふ福井駅②,0776-37-3197,福井市指令生衛第23-3-398号,2/21/24,11/30/29
1313,飲食店,軽食,,さくら茶屋,910-0836,福井市大和田２丁目1212,0776-57-2561,福井市指令生衛第20-2-641号,11/16/20,12/31/25
1314,菓子製造業,一般,,さくら茶屋,910-0836,福井市大和田２丁目1212,0776-57-2561,福井市指令生衛第20-2-640号,11/16/20,12/31/25
1315,飲食店営業,その他,ファストフード,さくら茶屋　バロー福井南店,918-8112,福井市下馬３丁目４１８バロー福井南店内,0776-33-5739,福井市指令生衛第21-4-230号,8/24/21,10/31/26
1316,飲食店,軽食,,さくら茶屋　若杉店,918-8055,福井市若杉１丁目３１０２,0776-97-9611,福井市指令生衛第20-1-258号,10/8/20,5/31/27
1317,菓子製造業,一般,,さくら茶屋　若杉店,918-8055,福井市若杉１丁目３１０２,0776-97-9611,福井市指令生衛第20-1-259号,10/8/20,5/31/27
1318,飲食店営業,その他,ファストフード店,さくら茶屋ＰＬＡＮＴ３清水店,910-3608,福井市三留町２１－４プラント３,0776-98-5262,福井市指令生衛第21-4-810号,4/7/22,6/30/27
1319,飲食店営業,その他,居酒屋、たこ焼き屋,さくら茶屋くるふ福井駅店,910-0006,福井市中央１丁目１－２５くるふ福井駅⑦,0776-37-3062,福井市指令生衛第23-3-327号,2/21/24,11/30/29
1320,飲食店営業,その他,居酒屋,ささき,918-8014,福井市花堂中２丁目２９―２,0776-33-0248,福井市指令生衛第21-4-254号,8/10/21,10/31/26
1321,飲食店営業,その他,居酒屋,サスケ,910-0023,福井市順化１丁目１７－９郡谷ビル１Ｆ,0776-27-2916,福井市指令生衛第23-4-460号,2/1/24,3/31/29
1322,飲食店営業,一般食堂・レストラン等,餃子や,さっちゃん,910-3106,福井市池尻町２９―４８,,福井市指令生衛第21-4-129号,6/30/21,7/31/26
1323,菓子製造業,一般,,さっちゃんのママ,918-8114,福井市羽水２丁目１２２,0776-33-2268,福井市指令生衛第20-2-370号,9/17/20,10/31/26
1324,飲食店,軽食,,さっちゃんのママ,918-8114,福井市羽水２丁目１２２,0776-33-2268,福井市指令生衛第20-2-369号,9/17/20,10/31/26
1325,飲食店営業,その他,喫茶店,さとみ,918-8052,福井市明里町４－２３,0776-35-9690,福井市指令生衛第23-4-190号,9/5/23,10/31/28
1326,飲食店,軽食,,サニーさんの農園マルシェ,910-0006,福井市中央１丁目２－１ハピリンモール１Ｆ,0776-28-2525,福井市指令生衛第21-1-10号,4/16/21,11/30/26
1327,菓子製造業,一般,,サニーさんの農園マルシェ,910-0006,福井市中央１丁目２－１ハピリンモール１Ｆ,0776-28-2525,福井市指令生衛第21-1-11号,4/16/21,11/30/26
1328,飲食店,軽食,,サニースマイル,918-8135,福井市下六条町１４―１福井県生活学習館内,0776-41-2566,福井市指令生衛第20-2-134号,6/26/20,8/31/25
1329,魚介類販売業,魚介類販売業,,さのや,919-0305,福井市徳光町３４－４８,0776-41-0515,福井市指令生衛第23-4-70号,6/13/23,8/31/28
1330,飲食店営業,その他,日本料理,さのや,919-0305,福井市徳光町３４－４８,0776-41-0515,福井市指令生衛第23-4-69号,6/13/23,8/31/28
1331,飲食店,めん類,,さのや開発店,910-0842,福井市開発１丁目１２７,0776-53-3321,福井市指令生衛第20-2-533号,11/26/20,12/31/25
1332,麺類製造業,麺類製造業,,さのや開発店,910-0842,福井市開発１丁目１２７,0776-53-3321,福井市指令生衛第21-4-475号,11/10/21,12/31/26
1333,菓子製造業,菓子製造業,,さぶや菓舗,910-0808,福井市舟橋１丁目１０５,0776-54-1681,福井市指令生衛第22-4-249号,11/8/22,12/31/28
1334,飲食店,社交飲食,,さふらん,910-0023,福井市順化１丁目９－８滝の街ビル　２Ｆ,0776-25-1362,福井市指令生衛第20-2-917号,2/18/21,3/31/26
1335,飲食店営業,その他,喫茶店,サライ,910-0003,福井市松本１丁目３３－２４開拓ビル１Ｆ,0776-27-1204,福井市指令生衛第23-4-336号,11/28/23,1/31/29
1336,飲食店営業,その他,カフェ,サリュ,918-8021,福井市門前１丁目２０４－１,0776-33-3603,福井市指令生衛第23-4-563号,3/28/24,5/31/29
1337,菓子製造業,菓子製造業,,サリュ,918-8021,福井市門前１丁目２０４－１,0776-33-3603,福井市指令生衛第23-4-564号,3/28/24,5/31/29
1338,飲食店営業,一般食堂・レストラン等,フランス料理店,サロン・ド・シェフ・ナカヲ,910-0005,福井市大手２丁目８－１ＴＰＴビル　２Ｆ,0776-24-0102,福井市指令生衛第21-4-335号,10/5/21,11/30/26
1339,飲食店営業,その他,喫茶コーナー,サロンドＧＯ,910-0859,福井市日之出３丁目１５－２０,0776-27-4415,福井市指令生衛第23-4-29号,5/17/23,7/31/28
1340,飲食店営業,その他,バー,サロンド都,910-0023,福井市順化１丁目１６－１０シャトレー片町ビル２階,0776-21-0385,福井市指令生衛第23-4-447号,1/10/24,3/31/29
1341,飲食店営業,一般食堂・レストラン等,食堂,サン・ブライト,910-2348,福井市品ケ瀬町１３－２,0776-90-1346,福井市指令生衛第23-4-437号,1/18/24,8/31/29
1342,食肉販売業,食肉販売業,精肉店,サンキュー精肉店,910-0004,福井市宝永３丁目２７－１６,0776-22-3829,福井市指令生衛第21-4-352号,10/6/21,11/30/26
1343,飲食店営業,その他,精肉店,サンキュー精肉店,910-0004,福井市宝永３丁目２７－１６,0776-22-3829,福井市指令生衛第21-4-351号,10/6/21,11/30/26
1344,飲食店営業,一般食堂・レストラン等,洋食店,サンサワ,910-0853,福井市城東４丁目２１－８,0776-26-8598,福井市指令生衛第23-4-22号,5/11/23,7/31/28
1345,飲食店,軽食,,さんじのおやつ,910-0851,福井市米松１丁目９－７パークサイド吉川１０１,0776-97-5513,福井市指令生衛第20-1-325号,12/7/20,7/31/26
1346,菓子製造業,一般,,さんじのおやつ,910-0851,福井市米松１丁目９－７パークサイド吉川１０１,0776-97-5513,福井市指令生衛第20-1-326号,12/7/20,7/31/27
1347,アイスクリーム類製造業,一般,,さんじのおやつ,910-0851,福井市米松１丁目９－７パークサイド吉川１０１,0776-97-5513,福井市指令生衛第20-1-327号,12/7/20,7/31/27
1348,飲食店営業,その他,カフェ,さんじのおやつ　観光交流センター店,910-0858,福井市手寄１丁目１－１福井市観光交流センター　２階,0776-22-3124,福井市指令生衛第23-3-162号,9/21/23,7/31/29
1349,喫茶店,純喫茶,,さんしゅうえん,910-0006,福井市中央１丁目８－１西武福井店１Ｆ,0776-57-4114,福井市指令生衛第20-1-459号,3/11/21,11/30/26
1350,飲食店営業,その他,喫茶店,さんぽみち,918-8155,福井市杉谷町２３―４４―４,0776-38-7255,福井市指令生衛第21-4-252号,8/10/21,10/31/26
1351,飲食店,食堂,,サ高住　すずらん事業所,910-0843,福井市西開発３丁目306,0776-54-7701,福井市指令生衛第20-2-621号,11/12/20,12/31/26
1352,飲食店営業,その他,バー,シークレット　クラシカル,910-0023,福井市順化１丁目１４－２４ホワイトハウスビル２Ｆ,0776-76-0847,福井市指令生衛第21-4-658号,2/28/22,3/31/27
1353,飲食店営業,その他,レストバー,シーズン,910-0023,福井市順化１丁目１４－１３亜米利館ビル２Ｆ　２０１,0776-23-7711,福井市指令生衛第24-4-378号,2/10/25,3/31/30
1354,飲食店営業,その他,イタリア料理店,ジーモ,910-0804,福井市高木中央１丁目３２６,,福井市指令生衛第22-3-150号,8/29/22,12/31/27
1355,飲食店,食堂,,シェ　ピノリ,918-8204,福井市南四ツ居１丁目９１３,0776-52-2700,福井市指令生衛第20-1-338号,11/25/20,7/31/26
1356,そうざい製造業,一般,,シェ　ピノリ,918-8204,福井市南四ツ居１丁目９１３,0776-52-2700,福井市指令生衛第20-1-339号,11/25/20,7/31/26
1357,飲食店営業,一般食堂・レストラン等,洋食店,シェ・キワノ,918-8057,福井市加茂河原１丁目３－２,0776-33-1519,福井市指令生衛第21-4-759号,3/9/22,5/31/27
1358,喫茶店,純喫茶,,ジェームス福井大和田店,910-0836,福井市大和田1丁目410,0776-57-1291,福井市指令生衛第20-1-310号,11/6/20,12/31/25
1359,飲食店営業,一般食堂・レストラン等,イタリアレストラン,シェシーマダイニング,910-0023,福井市順化２丁目８－１１デリーセス　１Ｆ,0776-27-1388,福井市指令生衛第24-4-443号,2/7/25,4/30/30
1360,喫茶店,純喫茶,,ジェラートショップ　トリノ,918-8045,福井市福新町１３０２,0776-34-2773,福井市指令生衛第20-2-78号,4/23/20,5/31/25
1361,アイスクリーム類製造業,アイスクリーム類製造業,,ジェラートショップ　トリノ,918-8045,福井市福新町１３０２,0776-34-2773,福井市指令生衛第22-4-451号,3/7/23,5/31/29
1362,飲食店営業,その他,バー,シェラマドレ,910-0006,福井市中央３丁目１３－２２大宝ビル　１Ｆ,0776-25-7077,福井市指令生衛第22-4-188号,9/22/22,11/30/27
1363,飲食店,社交飲食,,シエル,910-0023,福井市順化１丁目８―１７ダイナソービル１Ｆ,0776-28-3288,福井市指令生衛第20-2-915号,2/18/21,3/31/26
1364,飲食店営業,その他,バー,シェルター,910-0023,福井市順化１丁目１４－２２桑の実会館２階Ａ号室,,福井市指令生衛第23-4-464号,1/16/24,3/31/29
1365,飲食店,社交飲食,,ジェンカ,910-0023,福井市順化１丁目１７―９片町ビッグラウンドビル３Ｆ,0776-29-2989,福井市指令生衛第20-2-885号,2/18/21,3/31/26
1366,飲食店営業,その他,喫茶店,ジェンヌ,910-0023,福井市順化２丁目６－１７フォレスト片町　５Ｆ　５０１,0776-23-1790,福井市指令生衛第22-4-429号,2/7/23,4/30/28
1367,飲食店,食堂,,しの屋食堂,910-3402,福井市鮎川町１３３－１－１,,福井市指令生衛第20-1-243号,9/30/20,7/31/26
1368,飲食店営業,その他,焼肉店,じゃがいも,910-0805,福井市高木２丁目９０１,0776-53-5292,福井市指令生衛第23-4-260号,10/24/23,12/31/28
1369,飲食店営業,一般食堂・レストラン等,インドネシア料理店,ジャカルタフード　インドネシア,910-0017,福井市文京３丁目１４－１明春コーポ１Ｆ１０２,0776-65-3772,福井市指令生衛第22-4-351号,12/20/22,2/29/28
1370,そうざい製造業,そうざい製造業,,ジャカルタフード　インドネシア,910-0017,福井市文京３丁目１４－１明春コーポ１Ｆ１０２,,福井市指令生衛第23-3-194号,4/24/24,2/28/30
1371,菓子製造業,菓子製造業,,ジャカルタフード　インドネシア,910-0017,福井市文京３丁目１４－１明春コーポ１Ｆ１０２,,福井市指令生衛第23-3-195号,4/24/24,2/28/30
1372,菓子製造業,菓子製造業,菓子店舗,シャトレーゼ福井みゆき店,910-0854,福井市御幸３丁目１６－２２,0776-28-2120,福井市指令生衛第21-3-3号,6/25/21,7/31/27
1373,菓子製造業,菓子製造業,,シャトレーゼ福井高木店,910-0804,福井市高木中央３丁目４０２,0776-43-6118,福井市指令生衛第21-3-299号,3/25/22,12/31/27
1374,菓子製造業,一般,,シャトレーゼ福井若杉店,918-8055,福井市若杉１丁目１４０８,0776-33-6121,福井市指令生衛第19-2-58号,4/23/19,5/31/25
1375,飲食店営業,その他,居酒屋,しゃぶしゃぶ　おばんざい　喜晴,910-0023,福井市順化２丁目６－１７Ｆｏｒｅｓｔ片町１階,0776-63-6770,福井市指令生衛第23-4-528号,2/9/24,4/30/29
1376,飲食店営業,一般食堂・レストラン等,和食店,しゃぶ玄,910-0023,福井市順化２丁目７－１３片町壱番館ビル１Ｆ,0776-27-3697,福井市指令生衛第21-4-712号,2/8/22,4/30/27
1377,飲食店営業,一般食堂・レストラン等,レストラン,しゃぶ葉　福井大和田店,910-0836,福井市大和田１丁目１１０１,0776-52-5558,福井市指令生衛第22-4-269号,11/1/22,12/31/27
1378,そうざい製造業,そうざい製造業,,しゃり一　炊飯工場,910-0804,福井市高木中央３丁目１０１,0776-63-5579,福井市指令生衛第24-4-257号,11/28/24,12/31/30
1379,飲食店,食堂,,ジャルダン,910-0017,福井市文京４丁目２８－１６,0776-29-0026,福井市指令生衛第19-2-713号,12/19/19,2/28/26
1380,菓子製造業,菓子製造業,,ジャルダン,910-0017,福井市文京４丁目２８－１６,0776-29-0026,福井市指令生衛第22-3-257号,11/25/22,2/29/28
1381,そうざい製造業,そうざい製造業,,ジャルダン,910-0017,福井市文京４丁目２８－１６,0776-29-0026,福井市指令生衛第24-3-83号,5/31/24,2/28/31
1382,飲食店営業,その他,スナック,シャルム,910-0023,福井市順化１丁目１４－１３亜米利館ビル２Ｆ,0776-25-5998,福井市指令生衛第24-4-357号,1/14/25,3/31/30
1383,飲食店営業,その他,喫茶店,ジャングルクラブ,918-8239,福井市成和１丁目９１３ジャングルクラブ内,0776-26-5310,福井市指令生衛第22-4-62号,6/7/22,7/31/27
1384,飲食店営業,その他,ラウンジ,シャンブル,910-0023,福井市順化１丁目２４－１３ソワール河合２０３,0776-30-1626,福井市指令生衛第24-4-382号,1/30/25,3/31/30
1385,飲食店営業,その他,焼肉バイキング,じゅうじゅうカルビ　福井南店,918-8025,福井市江守中１丁目１８１０,0776-36-1129,福井市指令生衛第23-4-482号,3/21/24,5/31/29
1386,飲食店営業,その他,バー,シューハウス,910-0006,福井市中央１丁目１７－１５サンジェルマンビル　２階,,福井市指令生衛第21-4-350号,10/12/21,11/30/26
1387,飲食店営業,その他,スナック,ジュエル,910-0023,福井市順化２丁目２０－２エルミオーレビル　５Ｆ　５０１,0776-21-2770,福井市指令生衛第24-4-422号,2/18/25,4/30/30
1388,飲食店営業,その他,スナック,しゅおん,910-0023,福井市順化１丁目１２－１０アフターシックスビル　３Ｆ　３－Ｂ,,福井市指令生衛第23-4-434号,1/18/24,3/31/29
1389,飲食店,社交飲食,,ジュニア,918-8026,福井市渕３丁目４１９,0776-36-8082,福井市指令生衛第20-2-85号,5/11/20,5/31/25
1390,飲食店,軽食,,ジョイント,910-0001,福井市大願寺１丁目４―１７,0776-27-0505,福井市指令生衛第20-2-756号,12/17/20,1/31/26
1391,飲食店営業,その他,ラウンジ,ショークラブ　ギャップ,910-0023,福井市順化２丁目１３－１４ＣＯＰＡビル４Ｆ,0776-29-7707,福井市指令生衛第22-4-430号,2/21/23,4/30/28
1392,飲食店営業,その他,集団給食施設,ショートステイつぐみ,918-8026,福井市渕１丁目２２１５,0776-97-8305,福井市指令生衛第22-3-20号,5/16/22,5/31/28
1393,飲食店営業,その他,バー,ショットバー　ル・クラブ,910-0023,福井市順化１丁目１８－７,0776-26-3145,福井市指令生衛第22-4-358号,12/22/22,3/31/28
1394,飲食店,社交飲食,,じょんから,910-0029,福井市日光２丁目２７―２,0776-21-0234,福井市指令生衛第20-2-788号,1/21/21,2/28/26
1395,飲食店営業,一般食堂・レストラン等,レストラン,ジラ,910-0016,福井市大宮５丁目１３－１８,,福井市指令生衛第24-3-369号,2/17/25,1/31/31
1396,飲食店営業,その他,Ｊａｚｚバー,シライハウス,910-0023,福井市順化２丁目２０－１４ワコーＫプラザビル　Ｂ１Ｆ,0776-36-0750,福井市指令生衛第22-3-213号,10/14/22,4/30/28
1397,飲食店営業,その他,喫茶店,シルバーふれあいサロンげんきくん,910-0006,福井市中央１丁目１３－７,,福井市指令生衛第24-4-206号,9/26/24,11/30/29
1398,飲食店,旅館,,シルビア,918-8181,福井市浅水町１４０―１７,0776-38-1531,福井市指令生衛第20-2-417号,9/17/20,10/31/25
1399,飲食店営業,その他,喫茶店,シルビア,918-8003,福井市毛矢３丁目６－２２,0776-35-3081,福井市指令生衛第23-4-152号,8/8/23,10/31/28
1400,飲食店,食堂,,シンシアリリィ,910-0006,福井市中央１丁目９－２６,0776-22-2488,福井市指令生衛第20-1-265号,10/8/20,11/30/25
1401,飲食店営業,その他,カフェ・喫茶,しんばた　カフェ,910-3646,福井市清水畑町３４－６,,福井市指令生衛第24-3-77号,6/7/24,6/30/29
1402,飲食店営業,その他,スイーツ無人販売,スイーツマーケット,910-0026,福井市光陽３丁目１－１６山崎テナントＢ,0776-97-8467,福井市指令生衛第21-3-136号,9/24/21,2/28/27
1403,菓子製造業,菓子製造業,スイーツ無人販売,スイーツマーケット,910-0026,福井市光陽３丁目１－１６山崎テナントＢ,0776-97-8467,福井市指令生衛第21-3-137号,9/24/21,2/28/27
1404,飲食店,社交飲食,,すいと,910-0023,福井市順化２丁目１３―１７エミヤビル　３Ｆ,0776-25-2183,福井市指令生衛第20-2-962号,3/24/21,4/30/26
1405,飲食店,食堂,,スーパー銭湯　花の湯,918-8027,福井市福１丁目2801,0776-35-8739,福井市指令生衛第20-2-72号,4/23/20,5/31/25
1406,飲食店営業,一般食堂・レストラン等,洋食店,すうぷ屋,918-8057,福井市加茂河原４丁目１―１４,0776-34-2099,福井市指令生衛第21-4-6号,6/1/21,5/31/27
1407,食肉販売業,食肉販売業,,スエヒロ精肉店,910-0064,福井市新田塚町７０９,0776-24-2880,福井市指令生衛第23-4-293号,10/25/23,1/31/30
1408,飲食店営業,その他,肉屋,スエヒロ精肉店,910-0064,福井市新田塚町７０９,0776-24-2880,福井市指令生衛第23-4-292号,10/25/23,1/31/30
1409,飲食店営業,その他,カラオケ喫茶,スカイ,910-0853,福井市城東１丁目５―１８,0776-63-6765,福井市指令生衛第21-4-177号,6/25/21,7/31/26
1410,飲食店営業,一般食堂・レストラン等,回転寿司店,スシロー　福井若杉店,918-8055,福井市若杉１丁目３０１５,0776-33-0069,福井市指令生衛第22-4-470号,3/16/23,5/31/28
1411,飲食店営業,一般食堂・レストラン等,寿司屋,スシロー　福井米松店,910-0851,福井市米松１丁目１６－３８,0776-53-0011,福井市指令生衛第21-4-168号,6/29/21,7/31/26
1412,飲食店営業,一般食堂・レストラン等,寿司屋,すし吉正,910-0023,福井市順化２丁目１－１マスモールビル１Ｆ,0776-63-6404,福井市指令生衛第24-3-316号,11/14/24,4/30/30
1413,飲食店,そうざい,,すずき鶏肉専門店,910-0017,福井市文京３丁目６―１９,0776-26-7660,福井市指令生衛第20-2-796号,1/21/21,2/28/26
1414,食肉販売業,一般,,すずき鶏肉専門店,910-0017,福井市文京３丁目６―１９,0776-26-7660,福井市指令生衛第20-2-794号,1/21/21,2/28/26
1415,飲食店営業,その他,カフェ,スターバックスコーヒー　くるふ福井駅店,910-0006,福井市中央１丁目１－２５くるふ福井駅㉕,0776-37-3305,福井市指令生衛第23-3-360号,2/21/24,11/30/29
1416,飲食店営業,その他,カフェ,スターバックスコーヒー　そよら福井開発店,910-0843,福井市西開発３丁目２０５そよら福井開発１階,0776-37-3069,福井市指令生衛第24-3-253号,9/19/24,12/31/29
1417,飲食店営業,その他,カフェ,スターバックスコーヒー　フェアモール福井店,910-0836,福井市大和田２丁目１２４４,0776-57-2266,福井市指令生衛第23-4-268号,10/26/23,12/31/28
1418,飲食店営業,その他,カフェ,スターバックスコーヒー　福井花堂店,918-8015,福井市花堂南１丁目４－１９,0776-33-3323,福井市指令生衛第22-4-167号,7/21/22,10/31/27
1419,飲食店営業,その他,喫茶店,スターバックスコーヒー　福井西環状やしろ店,918-8026,福井市渕２丁目１７１５,0776-36-3822,福井市指令生衛第21-4-760号,3/3/22,5/31/27
1420,飲食店,軽食,,スターバックスコーヒー　福井二の宮藤島通り店,910-0015,福井市二の宮３丁目２－１１,0776-27-7200,福井市指令生衛第20-2-679号,11/26/20,1/31/26
1421,飲食店営業,その他,カフェ,スックムック　ベーカーズマート,910-0029,福井市日光２丁目２－５林マンション１Ｆ　１０１,0776-63-5884,福井市指令生衛第24-4-327号,2/17/25,2/28/30
1422,菓子製造業,菓子製造業,,スックムック　ベーカーズマート,910-0029,福井市日光２丁目２－５林マンション１Ｆ　１０１,0776-63-5884,福井市指令生衛第24-4-328号,2/17/25,2/28/30
1423,飲食店営業,その他,喫茶店,すづや旅館又兵衛,918-8002,福井市左内町５－１,,福井市指令生衛第23-3-236号,11/15/23,10/31/29
1424,飲食店営業,一般食堂・レストラン等,ステーキ屋,ステーキ　宮　福井大和田店,910-0836,福井市大和田２丁目１２４０,0776-57-2345,福井市指令生衛第21-4-436号,11/9/21,12/31/26
1425,飲食店営業,一般食堂・レストラン等,ステーキ店,ステーキ　宮　福井文京店,910-0017,福井市文京７丁目１１－７,0776-26-1129,福井市指令生衛第21-4-623号,1/11/22,1/31/28
1426,飲食店営業,一般食堂・レストラン等,ステーキ店,ステーキ　鐵船,910-0023,福井市順化１丁目１５－１６,0776-22-0069,福井市指令生衛第23-4-451号,1/24/24,3/31/29
1427,飲食店,食堂,,ステーキ＆フランス料理　葵,910-0005,福井市大手３丁目６―３,0776-24-1176,福井市指令生衛第20-2-453号,10/19/20,11/30/25
1428,飲食店,食堂,,ステーキの上謙,918-8202,福井市大東１丁目１―１３,0776-54-8677,福井市指令生衛第20-2-198号,7/16/20,7/31/25
1429,飲食店営業,一般食堂・レストラン等,食堂,ステーキハウス　アオヤマ,910-0023,福井市順化１丁目１３－１順化アートビル　１Ｆ　Ｂ,0776-28-5252,福井市指令生衛第23-4-433号,1/11/24,3/31/29
1430,飲食店営業,一般食堂・レストラン等,ステーキ店,ステーキハウス　キタジマ,910-0023,福井市順化２丁目１３－２０ナカムラビル１Ｆ,0776-25-2929,福井市指令生衛第22-4-406号,2/1/23,4/30/29
1431,飲食店営業,一般食堂・レストラン等,洋食店,ステーキハウス　ナカムラ,910-0056,福井市里別所新町５０３,0776-23-3177,福井市指令生衛第21-4-417号,10/26/21,1/31/27
1432,飲食店営業,その他,スナック,スナック　Ｄｅｅｐ　Ｎｏｔｅ,910-0023,福井市順化１丁目１０－９ドリームタウンビル１Ｆ　１０３号室,,福井市指令生衛第22-3-288号,12/23/22,3/31/28
1433,飲食店営業,その他,スナック,スナック　Ｆｅｅｌ,910-0023,福井市順化２丁目２０－２エルミオーレビル３Ｆ　３０１,0776-27-2810,福井市指令生衛第23-4-489号,2/6/24,4/30/29
1434,飲食店営業,その他,スナック,スナック　Ｎａｂｉ,910-0023,福井市順化１丁目１５－９片町スカイパレス３階３０２・３０３,0776-58-2445,福井市指令生衛第23-3-428号,3/6/24,3/31/29
1435,飲食店,社交飲食,,スナック　シルク,918-8018,福井市大島町大島台９１１,0776-38-4411,福井市指令生衛第20-2-426号,9/30/20,10/31/25
1436,飲食店営業,その他,スナック,スナック　せせらぎ,910-0023,福井市順化２丁目２０－１８片町ビル２Ｆ,0776-30-1520,福井市指令生衛第21-3-115号,9/17/21,4/30/27
1437,飲食店,社交飲食,,スナック　どんどん,910-0006,福井市中央１丁目２０―２１林ビル２Ｆ,0776-26-4508,福井市指令生衛第20-2-479号,10/19/20,11/30/25
1438,飲食店営業,その他,スナック,スナック　ひかる,910-0023,福井市順化２丁目２１－４加賀ビル地下１Ｆ,,福井市指令生衛第21-4-743号,3/8/22,4/30/27
1439,飲食店営業,その他,スナック,スナック　ゆう,910-0023,福井市順化１丁目１０－１２ＫＫビル１階,,福井市指令生衛第21-4-627号,1/25/22,3/31/27
1440,飲食店営業,その他,スナック,スナック　愛華,910-0023,福井市順化１丁目７－８エドモンド片町３Ｆ,0776-28-1038,福井市指令生衛第21-4-630号,1/25/22,3/31/27
1441,飲食店営業,その他,スナック,スナック　華,910-0023,福井市順化２丁目２１－１１サンシャイン片町ビル　２Ｆ,0776-28-2800,福井市指令生衛第22-4-409号,2/7/23,4/30/28
1442,飲食店営業,その他,カラオケスナック,スナック　駒川,910-0157,福井市八重巻東町１４－２－１,,福井市指令生衛第24-4-93号,6/11/24,9/30/29
1443,飲食店営業,その他,スナック,スナック　女帝,910-0023,福井市順化１丁目１７－２３サンロイヤル片町ビル５０１,0776-29-2030,福井市指令生衛第23-4-445号,1/16/24,3/31/29
1444,飲食店営業,その他,スナック,スナック　小町,910-0023,福井市順化１丁目１５－１ＫＩＨＡＣＨＩ１ビル３Ｆ,0776-21-9120,福井市指令生衛第21-4-674号,2/10/22,3/31/27
1445,飲食店営業,その他,スナック,スナック　笑殿,910-0023,福井市順化１丁目１４－２２ＧＲＡＮＤ桑の実　１階,0776-24-2589,福井市指令生衛第21-3-25号,6/25/21,3/31/27
1446,飲食店営業,その他,スナック,スナック　待夢,910-0147,福井市下森田町６－４４－１１,,福井市指令生衛第23-4-86号,6/20/23,9/30/28
1447,飲食店営業,その他,スナック,スナック　芳芳,910-0023,福井市順化１丁目１７－１１ウエノビル２ＦＡ号,0776-26-6588,福井市指令生衛第21-4-638号,1/26/22,3/31/27
1448,飲食店,社交飲食,,スナック　麻衣,910-0023,福井市順化１丁目１５―９スカイパレスビル５Ｆ５０２,0776-30-0090,福井市指令生衛第20-2-864号,3/24/21,3/31/26
1449,飲食店,社交飲食,,スナック　蘭,910-0023,福井市順化２丁目２０―１３シャンティ片町ビル２Ｆ,0776-26-4252,福井市指令生衛第20-2-979号,3/24/21,4/30/26
1450,飲食店営業,その他,スナック,スナック、カフェ　ありん,910-0023,福井市順化２丁目８－６第２福ビル１Ｆ,,福井市指令生衛第22-4-473号,3/28/23,4/30/28
1451,飲食店営業,その他,スナック,スナック・エール,910-0023,福井市順化１丁目７－８エドモンド片町２Ｆ,0776-26-0833,福井市指令生衛第21-4-632号,1/26/22,3/31/27
1452,飲食店営業,その他,スナック,スナックＪ’ｍ,910-0023,福井市順化１丁目１７－１５オリエンタル５ビル　４階,,福井市指令生衛第22-3-262号,11/21/22,3/31/28
1453,飲食店,社交飲食,,スナックバー　あのん,910-0023,福井市順化２丁目１９―１２森ビル１階　Ｂ・Ｃ号室,0776-27-7039,福井市指令生衛第20-2-973号,3/24/21,4/30/26
1454,飲食店営業,その他,スナック,スナック華,910-0023,福井市順化１丁目７－６フロリットビル１Ｆ,,福井市指令生衛第24-3-243号,9/17/24,3/31/30
1455,飲食店営業,その他,スナック,スナック霞かすみ,910-0023,福井市順化１丁目７－９片町バレービル３－Ｄ,,福井市指令生衛第24-3-282号,10/17/24,3/31/30
1456,飲食店,社交飲食,,スナック喫茶　歌呑,910-0026,福井市光陽３丁目６―８,0776-28-2373,福井市指令生衛第20-1-26号,4/28/20,2/28/26
1457,飲食店,仕出し弁当,,すのうどろっぷ,918-8237,福井市和田東２丁目６０１番地すのうどろっぷ１０５号,0776-43-9097,福井市指令生衛第20-2-257号,7/16/20,7/31/25
1458,飲食店営業,一般食堂・レストラン等,カレー屋,スパイスタウン　福井アピタ店,910-0836,福井市大和田２丁目１２３０アピタ福井大和田店地内,0776-50-0205,福井市指令生衛第23-3-286号,12/13/23,12/31/28
1459,飲食店,仕出し弁当,,スパイスタリテマスカ？,910-0015,福井市二の宮２丁目４－１５,,福井市指令生衛第20-1-235号,12/7/20,1/31/26
1460,そうざい製造業,そうざい製造業,,スパイスタリテマスカ？,910-0015,福井市二の宮２丁目４－１５,,福井市指令生衛第21-3-23号,6/28/21,1/31/28
1461,飲食店,食堂,,スパゲティ・ピラフ専門店　イタリア,918-8057,福井市加茂河原１丁目５－１０－３,0776-35-3828,福井市指令生衛第20-1-393号,1/20/21,5/31/26
1462,そうざい製造業,そうざい製造業,弁当・そうざい製造,スバル食品,918-8171,福井市森行町２４－１,0776-38-1111,福井市指令生衛第21-4-290号,9/9/21,10/31/26
1463,そうざい製造業,そうざい製造業,宅配弁当・施設パックチル,スバル食品（新工場）,918-8171,福井市森行町２４－１,0776-38-1111,福井市指令生衛第22-4-159号,7/28/22,10/31/28
1464,冷凍食品製造業,冷凍食品製造業,,スバル食品（新工場）,918-8171,福井市森行町２４－１,0776-38-1111,福井市指令生衛第22-3-250号,11/16/22,10/31/29
1465,アイスクリーム類製造業,一般,,スペイン石窯パン酵母はちの子,918-8112,福井市下馬３丁目１２０２,0776-97-8550,福井市指令生衛第20-1-137号,7/17/20,10/31/25
1466,飲食店営業,その他,パン屋,スペイン石窯パン酵母はちの子,918-8112,福井市下馬３丁目１２０２,0776-97-8550,福井市指令生衛第22-4-144号,10/5/22,10/31/27
1467,菓子製造業,パン,,スペイン石窯パン酵母はちの子,918-8112,福井市下馬３丁目１２０２,0776-97-8550,福井市指令生衛第22-4-145号,10/5/22,10/31/27
1468,菓子製造業,一般,,スワンベーカリー　パリオ店,910-0852,福井市松城町１２－７パリオCITY（内）,0776-25-8877,福井市指令生衛第20-1-72号,5/15/20,7/31/25
1469,飲食店,仕出し弁当,,スワンベーカリー　パリオ店,910-0852,福井市松城町１２－７パリオCITY（内）,0776-25-8877,福井市指令生衛第20-1-86号,6/12/20,7/31/25
1470,飲食店営業,その他,たこ焼き屋,せつこのたこ焼き,918-8017,福井市下荒井町２－２,,福井市指令生衛第23-3-33号,4/28/23,10/31/28
1471,飲食店営業,その他,コンビニエンスストア,セブン－イレブン　福井つくし野店,910-0121,福井市定正町１３１４,0776-55-0350,福井市指令生衛第21-3-228号,1/14/22,9/30/27
1472,飲食店営業,その他,コンビニエンスストア,セブン－イレブン　福井みのり店,918-8005,福井市みのり３丁目２１－１７,0776-36-8752,福井市指令生衛第21-3-238号,1/19/22,10/31/27
1473,飲食店,軽食,,セブン－イレブン　福井運動公園店,918-8027,福井市福２丁目１９１７,0776-33-5053,福井市指令生衛第20-2-77号,5/28/20,5/31/25
1474,飲食店営業,その他,コンビニエンスストア,セブン－イレブン　福井運動公園店,918-8027,福井市福２丁目１９１７,0776-33-5053,福井市指令生衛第21-3-247号,1/20/22,5/31/27
1475,飲食店,軽食,,セブン－イレブン　福井下河北町店,919-0321,福井市下河北町２字西河原毛田８―５,0776-38-7011,福井市指令生衛第20-2-129号,7/16/20,8/31/25
1476,飲食店営業,その他,コンビニエンスストア,セブン－イレブン　福井花堂南店,918-8015,福井市花堂南１丁目５０２,0776-36-7731,福井市指令生衛第21-3-232号,1/18/22,10/31/27
1477,飲食店営業,その他,コンビニエンスストア,セブン－イレブン　福井開発３丁目店,910-0842,福井市開発３丁目１１１－１,0776-54-1505,福井市指令生衛第21-3-235号,1/12/22,12/31/27
1478,飲食店営業,その他,コンビニエンスストア,セブン－イレブン　福井開発町店,910-0842,福井市開発５丁目１１２４,0776-57-0377,福井市指令生衛第21-3-226号,1/7/22,12/31/27
1479,飲食店営業,その他,コンビニエンスストア,セブン－イレブン　福井学園２丁目店,910-0028,福井市学園２丁目５－３,0776-27-1239,福井市指令生衛第21-3-239号,1/17/22,2/28/27
1480,飲食店営業,その他,コンビニエンスストア,セブン－イレブン　福井栗森町店,910-0137,福井市栗森２丁目３３１５,0776-56-1577,福井市指令生衛第21-3-229号,1/14/22,9/30/27
1481,飲食店営業,その他,コンビニ,セブン－イレブン　福井経田１丁目店,910-0011,福井市経田１丁目２１０,0776-28-9020,福井市指令生衛第21-4-415号,10/20/21,1/31/28
1482,飲食店営業,その他,コンビニエンスストア,セブン－イレブン　福井高木中央１丁目店,910-0804,福井市高木中央１丁目２６０４,0776-53-5788,福井市指令生衛第21-3-246号,1/18/22,12/31/27
1483,飲食店営業,その他,コンビニエンスストア,セブン－イレブン　福井高木町店,910-0806,福井市高木町１４－１１－１,0776-52-1009,福井市指令生衛第21-3-244号,1/18/22,12/31/27
1484,飲食店営業,その他,コンビニエンスストア,セブン－イレブン　福井高柳町店,910-0837,福井市高柳２丁目１２０１,0776-53-7707,福井市指令生衛第21-3-243号,1/14/22,12/31/27
1485,飲食店営業,その他,コンビニエンスストア,セブン－イレブン　福井三十八社店,918-8176,福井市三十八社町１０－４－１,0776-39-0910,福井市指令生衛第22-3-329号,2/10/23,10/31/28
1486,飲食店営業,その他,コンビニエンスストア,セブン－イレブン　福井三郎丸店,910-0033,福井市三郎丸１丁目２０３,0776-21-7110,福井市指令生衛第21-4-554号,12/8/21,2/28/27
1487,飲食店営業,その他,コンビニエンスストア,セブン－イレブン　福井志比口店,910-0845,福井市志比口２丁目３－４,0776-53-0520,福井市指令生衛第21-3-225号,1/7/22,7/31/27
1488,飲食店営業,その他,コンビニエンスストア,セブン－イレブン　福井種池２丁目店,918-8031,福井市種池２丁目７１５,0776-35-7113,福井市指令生衛第21-3-245号,1/18/22,5/31/27
1489,飲食店営業,その他,コンビニエンスストア,セブン－イレブン　福井春山１丁目店,910-0019,福井市春山１丁目６－２５,0776-28-5845,福井市指令生衛第21-3-230号,1/13/22,4/30/27
1490,飲食店営業,その他,コンビニエンスストア,セブン－イレブン　福井春日町店,918-8107,福井市春日町２２３,0776-34-1288,福井市指令生衛第22-3-326号,2/20/23,10/31/28
1491,飲食店営業,その他,コンビニエンスストア,セブン－イレブン　福井城東１丁目店,910-0853,福井市城東１丁目１８－３０,0776-25-1098,福井市指令生衛第21-3-227号,1/7/22,7/31/27
1492,飲食店営業,その他,コンビニエンスストア,セブン－イレブン　福井成和店,918-8239,福井市成和２丁目３１５,0776-21-0106,福井市指令生衛第21-3-211号,1/7/22,7/31/27
1493,飲食店営業,その他,コンビニエンスストア,セブン－イレブン　福井成和店,918-8239,福井市成和２丁目３１５,0776-21-0106,福井市指令生衛第24-3-278号,10/16/24,7/31/30
1494,飲食店営業,その他,コンビニエンスストア,セブン－イレブン　福井清水町店,910-3608,福井市三留町８－２－９,0776-98-2511,福井市指令生衛第21-4-48号,6/1/21,6/30/27
1495,飲食店,軽食,,セブン－イレブン　福井西谷３丁目店,918-8023,福井市西谷３丁目７０８,0776-39-1620,福井市指令生衛第19-2-71号,4/24/19,5/31/25
1496,飲食店営業,その他,コンビニエンスストア,セブン－イレブン　福井西谷３丁目店,918-8023,福井市西谷３丁目７０８,0776-34-0811,福井市指令生衛第21-3-237号,1/19/22,5/31/27
1497,飲食店営業,その他,コンビニエンスストア,セブン－イレブン　福井灯明寺１丁目店,910-0063,福井市灯明寺１丁目２８０１－１,0776-23-6063,福井市指令生衛第21-3-248号,12/22/21,1/31/27
1498,飲食店営業,その他,コンビニエンスストア,セブン－イレブン　福井板垣２丁目店,918-8104,福井市板垣２丁目３１４,0776-33-0238,福井市指令生衛第21-3-236号,1/20/22,10/31/27
1499,飲食店営業,その他,コンビニエンスストア,セブン－イレブン　福井板垣３丁目店,918-8104,福井市板垣３丁目１６０３,0776-35-1192,福井市指令生衛第21-4-317号,9/8/21,10/31/26
1500,飲食店営業,その他,コンビニエンスストア,セブン－イレブン　福井文京３丁目店,910-0017,福井市文京３丁目９４５,0776-26-7115,福井市指令生衛第21-3-241号,1/21/22,2/28/27
1501,飲食店営業,その他,コンビニエンスストア,セブン－イレブン　福井米松２丁目店,910-0851,福井市米松２丁目１－２８,0776-52-0701,福井市指令生衛第21-3-234号,1/12/22,7/31/27
1502,飲食店営業,その他,コンビニエンスストア,セブン－イレブン　福井明里店,918-8007,福井市足羽５丁目３－８,0776-34-0936,福井市指令生衛第21-3-240号,1/17/22,10/31/27
1503,飲食店営業,その他,コンビニエンスストア,セブン－イレブン　福井問屋町１丁目店,918-8231,福井市問屋町１丁目２４９,0776-28-7890,福井市指令生衛第21-3-233号,1/12/22,7/31/27
1504,飲食店営業,その他,コンビニエンスストア,セブン－イレブン　福井和田東店,918-8237,福井市和田東２丁目９０２,0776-26-5512,福井市指令生衛第21-3-231号,1/18/22,7/31/27
1505,飲食店営業,その他,コンビニエンスストア,セブン－イレブンキヨスクハピライン福井駅,910-0006,福井市中央１丁目１－１,0776-22-0373,福井市指令生衛第23-3-48号,5/22/23,11/30/28
1506,飲食店営業,その他,コンビニエンスストア,セブン－イレブンハートインＪＲ福井駅新幹線改札口店,910-0006,福井市中央１丁目３２１４,0776-50-1860,福井市指令生衛第23-3-449号,3/13/24,11/30/29
1507,飲食店営業,その他,コンビニエンスストア,セブン－イレブンハートインくるふ福井駅店,910-0006,福井市中央１丁目１－２５くるふ福井駅㉘,0776-37-3680,福井市指令生衛第23-3-450号,3/13/24,11/30/29
1508,飲食店営業,旅館,ホテル,セリーヌ,910-0843,福井市西開発３丁目３０７,0776-53-0460,福井市指令生衛第21-4-511号,12/16/21,12/31/26
1509,飲食店営業,一般食堂・レストラン等,焼肉店,せんだる,910-0851,福井市米松２丁目８―２７,0776-57-0242,福井市指令生衛第22-4-84号,6/8/22,7/31/27
1510,飲食店,仕出し弁当,,セントラルキッチン,910-0804,福井市高木中央２丁目４００７,0776-58-2282,福井市指令生衛第21-1-44号,5/14/21,12/31/27
1511,飲食店営業,一般食堂・レストラン等,そば店,そばかくれ庵,918-8112,福井市下馬２丁目１９０６－５,0776-33-5838,福井市指令生衛第22-4-296号,10/27/22,10/31/27
1512,飲食店営業,一般食堂・レストラン等,そば店,そば割烹　よいん　－ｙｏｉｎ－,918-8045,福井市福新町１９１３,0776-89-1443,福井市指令生衛第23-4-544号,3/14/24,5/31/29
1513,麺類製造業,麺類製造業,,そば割烹　よいん　－ｙｏｉｎ－,918-8045,福井市福新町１９１３,0776-89-1443,福井市指令生衛第23-4-545号,3/14/24,5/31/29
1514,麺類製造業,一般,,そば居酒屋　ポポー軒,910-0023,福井市順化１丁目６－３本町中央ビル１Ｆ　南西角,0776-97-6906,福井市指令生衛第20-1-131号,7/8/20,3/31/26
1515,飲食店,めん類,,そば玄,919-0313,福井市西大味町２７―３３,0776-41-2114,福井市指令生衛第20-2-190号,7/30/20,8/31/25
1516,麺類製造業,一般,,そば玄,919-0313,福井市西大味町２７―３３,0776-41-2114,福井市指令生衛第20-2-191号,7/30/20,8/31/25
1517,飲食店営業,一般食堂・レストラン等,食堂,そば重,910-0023,福井市順化１丁目１８－１０,0776-22-3390,福井市指令生衛第24-4-361号,1/23/25,3/31/30
1518,飲食店営業,一般食堂・レストラン等,和食店,そば処　まる八,910-0854,福井市御幸１丁目１－９,0776-26-8108,福井市指令生衛第24-4-42号,5/16/24,7/31/29
1519,飲食店営業,一般食堂・レストラン等,そば屋,そば処　みかづき,910-0023,福井市順化２丁目１９－１２森ビル１Ｆ　Ｅ号室,,福井市指令生衛第24-3-104号,6/14/24,4/30/30
1520,飲食店営業,一般食堂・レストラン等,そば店,そば処　裕心,918-8055,福井市若杉４丁目９１１,0776-33-1872,福井市指令生衛第23-4-479号,3/21/24,5/31/29
1521,飲食店営業,一般食堂・レストラン等,そば屋,そば処越前屋　福井駅店,910-0006,福井市中央１丁目１－１ＪＲ福井駅構内新幹線改札内,,福井市指令生衛第23-3-337号,3/12/24,11/30/29
1522,飲食店営業,一般食堂・レストラン等,日本そば店,そば蔵山奥西村屋,918-8005,福井市みのり４丁目１―１８,0776-35-9155,福井市指令生衛第21-4-225号,8/3/21,10/31/26
1523,麺類製造業,一般,,そば打ち道場　味穂庵,918-8014,福井市花堂中２丁目１―１０板津歯科医院１階,0776-34-0113,福井市指令生衛第20-2-380号,9/3/20,10/31/25
1524,飲食店営業,一般食堂・レストラン等,そば店,そば亭　鈴木,910-3634,福井市大森町８－２０,,福井市指令生衛第22-4-435号,3/9/23,6/30/28
1525,飲食店営業,一般食堂・レストラン等,そば屋,そば本陣,910-0023,福井市順化１丁目１７－１１日ノ丸ビル１階,,福井市指令生衛第21-4-680号,2/22/22,3/31/27
1526,飲食店,社交飲食,,ソンブレロ,910-0023,福井市順化１丁目１２―１０アフターシックスビル５Ｆ,0776-25-4780,福井市指令生衛第20-2-848号,2/18/21,3/31/26
1527,飲食店営業,一般食堂・レストラン等,食堂,タイごはん　Ｓａｎｏｏｋ,910-0006,福井市中央１丁目２１－３３オーカンビル１Ｆ　２軒目,0776-92-0570,福井市指令生衛第22-4-211号,9/22/22,11/30/27
1528,菓子製造業,一般,,だいだい珈琲,910-0151,福井市栄町１４―７,0776-89-1898,福井市指令生衛第20-2-308号,8/26/20,9/30/25
1529,アイスクリーム類製造業,一般,,だいだい珈琲,910-0151,福井市栄町１４―７,0776-89-1898,福井市指令生衛第20-2-309号,8/26/20,9/30/25
1530,飲食店,仕出し弁当,,だいだい珈琲,910-0151,福井市栄町１４―７,0776-89-1898,福井市指令生衛第20-2-307号,8/26/20,9/30/25
1531,菓子製造業,菓子製造業,,だいだい珈琲,910-0144,福井市下森田本町１－８,,福井市指令生衛第24-3-87号,5/31/24,9/30/29
1532,アイスクリーム類製造業,アイスクリーム類製造業,,だいだい珈琲,910-0144,福井市下森田本町１－８,,福井市指令生衛第24-3-88号,5/31/24,9/30/29
1533,飲食店営業,一般食堂・レストラン等,食堂,だいどころ,910-0017,福井市文京５丁目６－２１,0776-26-7717,福井市指令生衛第21-4-612号,12/21/21,1/31/27
1534,飲食店営業,一般食堂・レストラン等,レストラン,ダイニング　アルル,918-8067,福井市飯塚町７－３７－２,0776-21-5304,福井市指令生衛第22-4-460号,2/28/23,5/31/28
1535,飲食店営業,その他,イタリアン　バー,ダイニングカフェ　ヴィアーレ　ナフ,910-0023,福井市順化１丁目１７－９ビッグラウンドビル１Ｆ,0776-25-2277,福井市指令生衛第21-4-628号,1/25/22,3/31/27
1536,飲食店営業,その他,食料品店,ダイホク物産,918-8205,福井市北四ツ居３丁目１７―５,0776-53-9358,福井市指令生衛第21-4-188号,6/30/21,7/31/26
1537,菓子製造業,一般,,タイ焼き　つるや,910-0859,福井市日之出１丁目１８－１３モルゲン駅東１Ｆ,,福井市指令生衛第20-1-263号,10/23/20,7/31/26
1538,アイスクリーム類製造業,一般,,タイ焼き　つるや,910-0859,福井市日之出１丁目１８－１３モルゲン駅東１Ｆ,,福井市指令生衛第20-1-276号,10/23/20,7/31/26
1539,飲食店営業,一般食堂・レストラン等,タイ料理店,タイ食堂　プーパッポン,910-0836,福井市大和田２丁目１２１２アピタ福井大和田コロナ棟１Ｆ,,福井市指令生衛第22-3-8号,4/25/22,12/31/27
1540,菓子製造業,回転焼き・たい焼き,,たい夢　板垣店,918-8104,福井市板垣３丁目１３１５竹田ビル１Ｆ,0776-36-8600,福井市指令生衛第23-4-187号,8/24/23,10/31/28
1541,飲食店営業,旅館,ホテル、レストラン,タウンホテル福井,910-0023,福井市順化１丁目１４－７,0776-21-2800,福井市指令生衛第21-4-724号,2/16/22,3/31/27
1542,飲食店,食堂,,たかのつめ３ｒｄ,910-0015,福井市二の宮１丁目１２－６,,福井市指令生衛第20-1-120号,6/29/20,1/31/26
1543,飲食店営業,仕出し屋・弁当屋,弁当屋,たかみ,918-8001,福井市つくも１丁目４－１４,0776-33-3339,福井市指令生衛第22-4-152号,8/2/22,10/31/27
1544,飲食店営業,一般食堂・レストラン等,そば屋,たからや,910-0067,福井市新田塚１丁目２５－１,0776-26-1175,福井市指令生衛第24-4-248号,11/7/24,1/31/30
1545,麺類製造業,麺類製造業,,たからや,910-0067,福井市新田塚１丁目２５－１,0776-26-1175,福井市指令生衛第24-3-311号,11/7/24,1/31/30
1546,飲食店営業,一般食堂・レストラン等,すし店,たから寿司支店,910-0856,福井市勝見１丁目１―８,0776-21-0465,福井市指令生衛第21-4-78号,6/17/21,7/31/26
1547,飲食店,軽食,,たけや,910-0024,福井市照手１丁目８―１８,0776-25-6528,福井市指令生衛第20-2-1009号,3/24/21,4/30/26
1548,飲食店営業,仕出し屋・弁当屋,仕出し弁当,たごさく,910-8582,福井市中央１丁目８－１西武福井店　地下１Ｆ,0776-28-1326,福井市指令生衛第21-4-344号,9/28/21,11/30/26
1549,飲食店,社交飲食,,たこべえ,910-0023,福井市順化１丁目７－６４７１１ビル１Ｆ,,福井市指令生衛第19-1-148号,7/12/19,3/31/25
1550,飲食店営業,その他,居酒屋,たこやき・鉄板居酒屋　ゆうり,910-0005,福井市大手２丁目３４１１屋台村Ｄ,,福井市指令生衛第23-3-309号,2/5/24,11/30/29
1551,飲食店営業,その他,たこ焼き屋,たこ焼　うえたに,918-8005,福井市みのり１丁目２６－１８,0776-35-3617,福井市指令生衛第21-4-327号,10/19/21,10/31/26
1552,飲食店営業,その他,たこ焼き屋,たこ焼き屋,918-8239,福井市成和１丁目６０２,,福井市指令生衛第23-3-41号,5/15/23,7/31/28
1553,飲食店営業,一般食堂・レストラン等,卵料理店,だしまきさん,918-8026,福井市渕３丁目２０２,,福井市指令生衛第24-3-192号,9/10/24,5/31/30
1554,そうざい製造業,そうざい製造業,,だしまきさん,918-8026,福井市渕３丁目２０２,,福井市指令生衛第24-3-193号,9/10/24,5/31/30
1555,飲食店,食堂,,たてわき,910-0006,福井市中央１丁目８－１西武福井店８階,0776-63-6347,福井市指令生衛第21-1-9号,4/16/21,11/30/26
1556,そうざい製造業,一般,,たてわき,910-0006,福井市中央１丁目８－１西武福井店８階,0776-63-6347,福井市指令生衛第21-1-54号,5/26/21,11/30/26
1557,飲食店,軽食,,たなか,910-0024,福井市照手２丁目８―１７,0776-22-3161,福井市指令生衛第20-2-1012号,3/24/21,4/30/26
1558,清涼飲料水製造業,清涼飲料水製造業,,タナカ工業,910-2173,福井市下東郷町１５－４５,0776-41-3836,福井市指令生衛第22-4-63号,7/5/22,8/31/27
1559,喫茶店,純喫茶,,タナベカメラ,910-0024,福井市照手１丁目６－２０,0776-23-1131,福井市指令生衛第20-1-218号,9/18/20,4/30/26
1560,飲食店営業,一般食堂・レストラン等,食堂,たにや食堂,910-0836,福井市大和田１丁目１０１福井市中央卸売市場関連商品売場,0776-53-1302,福井市指令生衛第23-4-223号,9/22/23,12/31/28
1561,菓子製造業,菓子製造業,,たまごラボ,910-2163,福井市栃泉町２－３,0776-41-0157,福井市指令生衛第24-4-12号,5/2/24,8/31/29
1562,そうざい製造業,そうざい製造業,,たまごラボ,910-2163,福井市栃泉町２－３,0776-41-0157,福井市指令生衛第24-4-13号,5/2/24,8/31/29
1563,飲食店営業,その他,鉄板焼、お好み焼き,たま家,910-0023,福井市順化２丁目１５－１６３Ｋビル　２Ｆ　２０１,,福井市指令生衛第23-3-363号,3/11/24,4/30/29
1564,飲食店営業,その他,カフェ,タリーズコーヒー　ワイプラザ新保店,910-0838,福井市新保北１丁目３０３ワイプラザ新保店　Ａ館２階,0776-91-1905,福井市指令生衛第24-4-220号,11/21/24,12/31/29
1565,飲食店,軽食,,タリーズコーヒー　福井赤十字病院店,918-8011,福井市月見２丁目４－１福井赤十字病院１階,0776-43-6133,福井市指令生衛第20-2-395号,9/17/20,10/31/25
1566,飲食店,食堂,,タリーハウス,910-0006,福井市中央１丁目１４－９,,福井市指令生衛第20-2-470号,10/19/20,11/30/25
1567,飲食店,食堂,,タルティーナ,910-0804,福井市高木中央１丁目2807,0776-52-5377,福井市指令生衛第20-2-284号,12/1/20,12/31/25
1568,飲食店,社交飲食,,ダンス喫茶青空,910-0016,福井市大宮２丁目２１―３新宿ビル　２Ｆ,0776-23-7853,福井市指令生衛第20-2-762号,1/21/21,2/28/26
1569,飲食店,食堂,,チーズと胡椒,910-0017,福井市文京４丁目５－１９,0776-89-1639,福井市指令生衛第20-1-409号,2/26/21,2/28/26
1570,飲食店営業,その他,スナック,チェリボン,910-0843,福井市西開発３丁目４０８－４２Ｆ,0776-53-6330,福井市指令生衛第24-4-229号,11/12/24,12/31/29
1571,そうざい製造業,そうざい製造業,,ちからごはん　はれ屋,910-0123,福井市八重巻町３１８―１,0776-56-0078,福井市指令生衛第23-4-81号,6/22/23,9/30/28
1572,菓子製造業,菓子製造業,,ちからもち,918-8205,福井市北四ツ居１丁目３４－１６,0776-53-5953,福井市指令生衛第24-4-35号,5/7/24,7/31/29
1573,魚介類販売業,一般,,ちどり荘,910-2211,福井市獺ケ口町西下２―５,,福井市指令生衛第20-2-924号,2/18/21,8/31/26
1574,飲食店営業,その他,カフェ,ちぴ’ｓ　ｋｉｔｃｈｅｎ,910-2147,福井市成願寺町４－２４,0776-43-0291,福井市指令生衛第23-3-65号,6/8/23,7/31/28
1575,飲食店営業,その他,バー,チョアヨ　ＬＥＧＡＬＩＳＳ,910-0023,福井市順化２丁目８－１４パークサイドタワービル３Ｆ,0776-88-0008,福井市指令生衛第21-3-180号,11/15/21,4/30/27
1576,飲食店営業,その他,居酒屋,ちょい呑み処　ババズ,910-0006,福井市中央１丁目１３－５,,福井市指令生衛第23-3-201号,10/4/23,11/30/28
1577,飲食店営業,一般食堂・レストラン等,居酒屋,ちりとり鍋　はるいち,910-3371,福井市大窪町４３－１－１０６,0776-87-2877,福井市指令生衛第22-4-115号,6/15/22,7/31/27
1578,飲食店営業,その他,和食店,ちろり,910-0023,福井市順化２丁目２１－１２ウェルティ片町１階,0776-89-1941,福井市指令生衛第22-3-109号,7/14/22,4/30/28
1579,飲食店営業,一般食堂・レストラン等,和食店,ちろり,910-0023,福井市順化２丁目２１－１２ウェルディ片町１Ｆ,0776-89-1941,福井市指令生衛第22-3-304号,1/19/23,4/30/28
1580,飲食店営業,その他,喫茶店,ちんちろりん,918-8104,福井市板垣１丁目２０７,0776-35-5588,福井市指令生衛第23-4-155号,7/25/23,10/31/28
1581,そうざい製造業,そうざい製造業,,ちんちろりん,918-8104,福井市板垣１丁目２０７,0776-35-5588,福井市指令生衛第23-3-146号,8/2/23,10/31/28
1582,飲食店,軽食,,つきあたり,919-0303,福井市岩倉町１１－６,0776-65-3745,福井市指令生衛第19-1-289号,10/23/19,8/31/25
1583,飲食店,旅館,,つきみ旅館,918-8011,福井市月見２丁目５―１２,0776-36-0167,福井市指令生衛第20-2-396号,9/17/20,10/31/26
1584,飲食店営業,その他,カフェ,つくし珈琲,918-8024,福井市舞屋町７－３,0776-50-7459,福井市指令生衛第23-3-107号,7/6/23,5/31/29
1585,菓子製造業,菓子製造業,,つくし珈琲,918-8024,福井市舞屋町７－３,0776-50-7459,福井市指令生衛第23-3-112号,7/6/23,5/31/29
1586,飲食店営業,その他,学生食堂,つぐみ福祉会,910-0017,福井市文京２丁目８－３０藤島高校内,,福井市指令生衛第23-3-416号,3/6/24,2/28/30
1587,飲食店営業,一般食堂・レストラン等,給食施設,つくも苑　厨房,918-8001,福井市つくも２丁目５－５,0776-33-5577(呼),福井市指令生衛第21-4-319号,9/8/21,10/31/27
1588,飲食店営業,一般食堂・レストラン等,中華レストラン,つくも橋ピリケン,918-8001,福井市つくも１丁目５―２８,0776-36-3536,福井市指令生衛第21-4-232号,8/3/21,10/31/26
1589,飲食店営業,その他,ラーメン屋,つけ麺いちろく,910-0006,福井市中央１丁目２－１ハピリン１Ｆ１１０区画,,福井市指令生衛第22-3-159号,9/8/22,11/30/27
1590,飲食店営業,一般食堂・レストラン等,焼肉屋,つよし,918-8104,福井市板垣１丁目５２５サンパーラ板垣　１Ｆ,0776-36-6635,福井市指令生衛第21-4-266号,9/2/21,10/31/26
1591,飲食店営業,一般食堂・レストラン等,そば店,つるきそば　佐佳枝支店,910-0023,福井市順化１丁目５－７,0776-24-6352,福井市指令生衛第21-4-679号,2/3/22,3/31/27
1592,飲食店営業,一般食堂・レストラン等,そば店,つるき宝永支店,910-0004,福井市宝永１丁目１４－２２,0776-24-7273,福井市指令生衛第21-4-388号,10/7/21,11/30/26
1593,飲食店,軽食,,テアトルサンク１,910-0006,福井市中央１丁目８－１７テアトルビル２Ｆ,0776-23-2706,福井市指令生衛第20-1-251号,9/24/20,11/30/25
1594,飲食店,軽食,,テアトルサンク４,910-0006,福井市中央１丁目１７－１アップルビル３Ｆ,0776-23-2706,福井市指令生衛第20-1-252号,9/24/20,11/30/25
1595,飲食店,軽食,,テアトルサンク５,910-0006,福井市中央１丁目１７－１アップルビル５Ｆ,0776-23-2706,福井市指令生衛第20-1-253号,9/24/20,11/30/25
1596,飲食店営業,その他,スナック,ティアラ,910-0023,福井市順化２丁目２０－１３シャンティ片町３Ｆ,0776-26-5002,福井市指令生衛第22-4-410号,2/16/23,4/30/28
1597,菓子製造業,菓子製造業,インターネット販売（小売）、対面販売等,ティエム通商株式会社,910-0846,福井市四ツ井１丁目２０－１２　１F,0776-60-2340,福井市指令生衛第21-3-91号,8/20/21,7/31/27
1598,清涼飲料水製造業,清涼飲料水製造業,,ティエム通商株式会社,910-0846,福井市四ツ井１丁目２０－１２　１F,0776-60-2340,福井市指令生衛第23-3-257号,11/16/23,7/31/29
1599,密封包装食品製造業,密封包装食品製造業,,ティエム通商株式会社,910-0846,福井市四ツ井１丁目２０－１２　１F,0776-60-2340,福井市指令生衛第23-3-274号,11/29/23,7/31/29
1600,飲食店営業,その他,スナック,デイジー,910-0023,福井市順化１丁目１７－１５オリエンタル５ビル　２階　２０１号室,,福井市指令生衛第21-3-260号,1/21/22,3/31/27
1601,飲食店営業,その他,集団給食施設,ディモライワイ内厨房　富士産業株式会社,910-0858,福井市手寄２丁目１－５,0776-29-7051,福井市指令生衛第22-3-178号,9/20/22,7/31/28
1602,飲食店営業,一般食堂・レストラン等,そば、うどん屋,てがるそば,910-0023,福井市順化１丁目１８－３吉川ビル１Ｆ,0776-26-4242,福井市指令生衛第24-3-179号,8/5/24,3/31/30
1603,飲食店営業,一般食堂・レストラン等,洋食店（ピザ屋）,テキサスハンズ　四ツ居店,918-8204,福井市南四ツ居１丁目１－２,0776-52-5565,福井市指令生衛第21-4-112号,6/16/21,7/31/26
1604,飲食店営業,一般食堂・レストラン等,洋食店,テキサスハンズ　社店,918-8025,福井市江守中１丁目１８０９,0776-36-1181,福井市指令生衛第21-4-8号,6/1/21,5/31/27
1605,飲食店営業,一般食堂・レストラン等,ピザ店,テキサスハンズ　春江店,910-0122,福井市石盛町９１５－１,0776-56-0077,福井市指令生衛第22-4-125号,7/6/22,9/30/27
1606,飲食店営業,一般食堂・レストラン等,ピザ屋,テキサスハンズ　大和田店,910-0836,福井市大和田１丁目２０１,0776-52-8080,福井市指令生衛第24-4-226号,10/29/24,12/31/30
1607,飲食店営業,一般食堂・レストラン等,ピザ店,テキサスハンズ　福井店,910-0018,福井市田原１丁目９－２０,0776-26-1181,福井市指令生衛第22-4-310号,12/1/22,2/29/28
1608,飲食店営業,その他,バー,デスペラード,910-0023,福井市順化１丁目１７－１５オリエンタル５　１Ｆ,0776-21-1988,福井市指令生衛第21-4-642号,1/19/22,3/31/27
1609,飲食店営業,一般食堂・レストラン等,食堂,てっぺい,910-0854,福井市御幸３丁目１１－３,0776-22-3070,福井市指令生衛第22-4-60号,5/12/22,7/31/27
1610,魚介類販売業,魚介類販売業,,でむら屋,910-0858,福井市手寄１丁目１６－１,0776-22-2572,福井市指令生衛第23-4-53号,5/1/23,7/31/29
1611,飲食店営業,一般食堂・レストラン等,鮮魚店,でむら屋,910-0858,福井市手寄１丁目１６－１,0776-22-2572,福井市指令生衛第23-4-54号,5/1/23,7/31/29
1612,飲食店営業,一般食堂・レストラン等,和食店,てらしま,910-0006,福井市中央１丁目２２－２４鳩の門ビル　２Ｆ,0776-25-3756,福井市指令生衛第21-4-332号,10/5/21,11/30/26
1613,飲食店営業,一般食堂・レストラン等,食堂,てらす食堂,910-0006,福井市中央１丁目１６－５,,福井市指令生衛第23-3-343号,2/9/24,11/30/29
1614,飲食店,社交飲食,,てらや,910-0023,福井市順化２丁目２１―１２,0776-22-6458,福井市指令生衛第20-2-990号,3/24/21,4/30/26
1615,そうざい製造業,一般,,デリアテール,910-0843,福井市西開発４丁目２２１―２,0776-52-7725,福井市指令生衛第19-2-572号,12/19/19,12/31/25
1616,飲食店,仕出し弁当,,デリアテール,910-0843,福井市西開発４丁目２２１―２,0776-52-7725,福井市指令生衛第19-2-573号,12/19/19,12/31/25
1617,食品の冷凍又は冷蔵業,一般,,デリアテール,910-0843,福井市西開発４丁目２２１―２,0776-52-7725,福井市指令生衛第19-1-524号,3/24/20,12/31/26
1618,飲食店営業,仕出し屋・弁当屋,お弁当・お惣菜の加工販売,デリアテール　くるふ福井駅店,910-0006,福井市中央１丁目１－２５くるふ福井駅㊱,0776-37-3156,福井市指令生衛第23-3-314号,2/21/24,11/30/29
1619,そうざい製造業,そうざい製造業,,デリアテール　トレタス店,910-0837,福井市高柳２丁目１２０６,0776-37-4119,福井市指令生衛第23-3-459号,3/18/24,12/31/30
1620,冷凍食品製造業,冷凍食品製造業,,デリアテール　トレタス店,910-0837,福井市高柳２丁目１２０６,0776-37-4119,福井市指令生衛第23-3-460号,3/18/24,12/31/30
1621,飲食店営業,仕出し屋・弁当屋,惣菜、弁当販売店,デリアテール　西武福井店,910-0006,福井市中央１丁目８－１西武福井店　地階,0776-29-1525,福井市指令生衛第22-3-19号,4/27/22,11/30/27
1622,飲食店,仕出し弁当,,デリカマート株式会社,918-8067,福井市飯塚町３０－４０－２,0776-22-8233,福井市指令生衛第21-1-64号,5/28/21,5/31/27
1623,そうざい製造業,一般,,デリカマート株式会社,918-8067,福井市飯塚町３０－４０－２,0776-22-8233,福井市指令生衛第21-1-65号,5/28/21,5/31/27
1624,飲食店営業,その他,カフェ,テリフリ,910-0017,福井市文京４丁目９－３４,0776-76-5392,福井市指令生衛第24-4-321号,2/20/25,2/28/30
1625,飲食店,社交飲食,,てるてるぼうず,910-0023,福井市順化１丁目９―８滝の街ビル３Ｆ,0776-25-3211,福井市指令生衛第20-2-918号,2/10/21,3/31/26
1626,飲食店営業,その他,居酒屋,てるてる坊主,910-0024,福井市照手１丁目１１－１２コーポ南部１Ｆ,,福井市指令生衛第21-3-334号,4/12/22,4/30/27
1627,飲食店営業,その他,居酒屋,てるてる坊主,910-0024,福井市照手１丁目１１－１２コーポ南部１Ｆ 北側,,福井市指令生衛第23-3-294号,3/1/24,4/30/29
1628,飲食店営業,その他,バー,テレパシー,910-0023,福井市順化１丁目２－１４メトロ会館　２Ｆ　２０７・２０８号,0776-24-8998,福井市指令生衛第21-3-30号,6/18/21,3/31/27
1629,飲食店営業,一般食堂・レストラン等,洋食店、イタリアンレストラン,テンダロッサ,910-0837,福井市高柳３丁目３２０８,0776-52-2322,福井市指令生衛第22-4-221号,10/26/22,12/31/27
1630,豆腐製造業,豆腐製造業,,トーフ庵,910-0142,福井市上森田３丁目１１２,0776-56-8668,福井市指令生衛第23-4-100号,6/22/23,9/30/28
1631,飲食店営業,その他,豆腐屋,トーフ庵,910-0142,福井市上森田３丁目１１２,0776-56-8668,福井市指令生衛第23-4-101号,6/22/23,9/30/28
1632,飲食店,仕出し弁当,,どがいし,910-0023,福井市順化１丁目１７－１１ウエノビル１Ｆ,0776-97-8377,福井市指令生衛第19-1-495号,3/4/20,3/31/25
1633,食肉販売業,一般,,どがいし,910-0023,福井市順化１丁目１７－１１ウエノビル１Ｆ,0776-97-8377,福井市指令生衛第20-1-33号,4/23/20,3/31/27
1634,菓子製造業,菓子製造業,,どがいし,910-0023,福井市順化１丁目１７－１１ウエノビル１Ｆ,0776-97-8377,福井市指令生衛第21-3-105号,9/6/21,3/31/28
1635,飲食店営業,その他,喫茶店,ときのゆう和,918-8066,福井市渡町５４６,,福井市指令生衛第21-4-789号,4/15/22,5/31/27
1636,飲食店営業,一般食堂・レストラン等,大衆食堂,トックリ軒,910-2165,福井市東郷二ケ町２８－３１,0776-41-0237,福井市指令生衛第23-4-9号,6/6/23,8/31/28
1637,飲食店営業,その他,喫茶,ドトールコーヒーショップ　アピタ福井大和田店,910-0836,福井市大和田２丁目１２３０フェアモール福井内コロナ棟１Ｆ,0776-57-2346,福井市指令生衛第21-4-473号,11/11/21,12/31/26
1638,飲食店営業,一般食堂・レストラン等,ファミリーレストラン,トマトアンドオニオン　高木店,910-0804,福井市高木中央２丁目３４１０,0776-54-6660,福井市指令生衛第21-4-529号,11/16/21,12/31/26
1639,飲食店営業,一般食堂・レストラン等,洋食店,トミー,918-8203,福井市上北野１丁目２４－３,0776-53-3080,福井市指令生衛第22-4-37号,5/31/22,7/31/27
1640,飲食店,食堂,,ドミノ・ピザ　福井大宮店,910-0016,福井市大宮３丁目３１－２７,0776-24-0066,福井市指令生衛第21-1-38号,5/17/21,2/28/27
1641,飲食店,食堂,,ドミノ・ピザ　福井和田東店,918-8237,福井市和田東２丁目１－１００３ロイヤルパレス田中１階,0776-30-2255,福井市指令生衛第21-1-39号,5/17/21,7/31/26
1642,飲食店営業,一般食堂・レストラン等,お好み焼き店,とみや,910-0017,福井市文京２丁目５－４９,0776-24-3553,福井市指令生衛第22-4-323号,11/24/22,2/29/28
1643,飲食店営業,その他,喫茶店,ドム,918-8057,福井市加茂河原３丁目１２―３１横山マンション１Ｆ,0776-35-1872,福井市指令生衛第21-4-5号,6/1/21,5/31/27
1644,飲食店営業,一般食堂・レストラン等,焼肉店,とよしま焼肉,910-0857,福井市豊島１丁目６―１４,0776-26-6636,福井市指令生衛第21-3-17号,7/29/21,7/31/26
1645,飲食店,食堂,,トラットリア　ＣＩＡＯ,910-0006,福井市中央１丁目２２―８,0776-23-0617,福井市指令生衛第20-2-491号,10/19/20,11/30/25
1646,飲食店営業,一般食堂・レストラン等,イタリアレストラン,トラットリア　ベーネ,910-0018,福井市田原１丁目８－１８メゾン　ＤＥ　フェニックス１０２号,0776-27-6303,福井市指令生衛第23-4-338号,11/28/23,2/28/29
1647,飲食店営業,一般食堂・レストラン等,イタリア料理店,トラットリア　ラ　カーラ,910-0804,福井市高木中央２丁目４０３シラサキ第２－１０２号　１Ｆ,0776-60-2600,福井市指令生衛第23-4-317号,11/1/23,12/31/28
1648,飲食店営業,一般食堂・レストラン等,カフェ,トラットリアトマト,918-8134,福井市下莇生田町２７－１－１,,福井市指令生衛第22-3-68号,6/7/22,8/31/27
1649,菓子製造業,洋菓子,,トラットリアトマト,918-8134,福井市下莇生田町２７－１－１,,福井市指令生衛第22-3-69号,6/7/22,8/31/27
1650,飲食店営業,仕出し屋・弁当屋,弁当屋,とらや,910-0044,福井市田ノ谷町１８－２,0776-59-1030,福井市指令生衛第23-4-104号,6/14/23,7/31/28
1651,菓子製造業,一般,,とらや鈴木商店,910-0141,福井市上森田町１０―１―１,0776-56-0121,福井市指令生衛第20-2-322号,8/26/20,9/30/25
1652,菓子製造業,菓子製造業,焼菓子製造販売,トリココ,910-0028,福井市学園１丁目２－１７,,福井市指令生衛第21-3-198号,12/6/21,2/28/27
1653,飲食店営業,その他,焼き鳥屋,トリノトリコ,910-0023,福井市順化２丁目２１－３,,福井市指令生衛第23-3-187号,9/28/23,4/30/29
1654,飲食店営業,その他,焼肉屋,とり焼肉　鶏助,910-0019,福井市春山１丁目１－１８,0776-97-9029,福井市指令生衛第23-3-171号,10/26/23,4/30/29
1655,飲食店,軽食,,トレンディー,910-0845,福井市志比口２丁目１９―１４,0776-53-9818,福井市指令生衛第20-2-156号,6/26/20,7/31/25
1656,飲食店営業,一般食堂・レストラン等,レストラン,とろけるハンバーグ福よし　福井下馬店,918-8112,福井市下馬２丁目１３０１,0776-43-9840,福井市指令生衛第21-4-305号,9/1/21,10/31/26
1657,飲食店営業,その他,テイクアウト,とろり天使のわらびもち　福井駅前店,910-0005,福井市大手２丁目７－６パーク２３　１階Ａ号室,0776-43-0015,福井市指令生衛第22-3-99号,7/11/22,11/30/27
1658,飲食店営業,一般食堂・レストラン等,食堂,とんかつ　カルマ本店,910-0015,福井市二の宮３丁目１－１１,0776-23-3430,福井市指令生衛第24-4-276号,11/14/24,1/31/30
1659,飲食店営業,その他,居酒屋,どんぐり,910-0023,福井市順化２丁目２１－１８Ｏ号棟,,福井市指令生衛第23-3-429号,3/19/24,4/30/29
1660,飲食店営業,その他,居酒屋,どん茶屋,910-0023,福井市順化１丁目２４－１９郡ビル　１Ｆ,0776-21-4548,福井市指令生衛第23-4-412号,1/18/24,3/31/29
1661,飲食店営業,その他,スナック,ナイトパブ　エックスジャパン,910-0023,福井市順化１丁目１７－１１日の丸ビル４Ｆ,0776-25-2744,福井市指令生衛第21-4-662号,1/27/22,3/31/27
1662,飲食店営業,その他,スナック,ナイトルーム　ルイ,910-0804,福井市高木中央３丁目１６０６アフィニスビル　１－Ｄ,0776-53-6733,福井市指令生衛第21-4-409号,10/12/21,12/31/26
1663,飲食店営業,その他,スナック,ナイトルーム　弓,910-0023,福井市順化１丁目１２－１０アフターシックスビル１階,0776-21-2068,福井市指令生衛第21-4-678号,2/17/22,3/31/27
1664,飲食店営業,その他,ラウンジ,ナイトルーム　妙,910-0019,福井市春山２丁目１－３伊東ビル１Ｆ,0776-23-5335,福井市指令生衛第24-4-427号,2/25/25,4/30/30
1665,飲食店営業,一般食堂・レストラン等,そば屋,ながたや,910-0142,福井市上森田３丁目３０２,0776-56-1373,福井市指令生衛第23-4-87号,6/20/23,9/30/28
1666,飲食店営業,その他,居酒屋,なか路,910-0016,福井市大宮２丁目２５－１パークフラット１Ｆ,0776-24-2833,福井市指令生衛第22-4-344号,12/15/22,2/29/28
1667,飲食店営業,一般食堂・レストラン等,ホルモン鉄板焼店,なごとん,910-0006,福井市中央１丁目２１－８,0776-23-1590,福井市指令生衛第21-4-363号,9/30/21,11/30/26
1668,飲食店営業,その他,喫茶店,なごみ,910-0026,福井市光陽３丁目１１－６,0776-23-6689,福井市指令生衛第21-4-575号,12/14/21,2/28/27
1669,飲食店営業,その他,居酒屋,なごみダイニング　和が家,918-8204,福井市南四ツ居２丁目２０－１０グレイシーエストビル１０１号,0776-63-6955,福井市指令生衛第23-4-46号,5/16/23,7/31/28
1670,飲食店,社交飲食,,なごみ家　こだま,918-8011,福井市月見４丁目１―３０,0776-35-9402,福井市指令生衛第20-2-397号,9/17/20,10/31/25
1671,飲食店営業,その他,居酒屋,なすがＭＡＭＡきゅうりがＰＡＰＡ,910-0015,福井市二の宮５丁目３－４,0776-43-9983,福井市指令生衛第22-3-338号,2/14/23,1/31/29
1672,飲食店,社交飲食,,なつこ,910-0023,福井市順化１丁目１７－２３サンロイヤル片町４Ｆ４０１,0776-22-8827,福井市指令生衛第19-1-228号,9/13/19,3/31/25
1673,飲食店営業,その他,カフェ,なつめカフェ,910-3134,福井市浜別所町１２－２－１,,福井市指令生衛第22-3-308号,3/6/23,7/31/28
1674,そうざい製造業,そうざい製造業,,なつめカフェ,910-3134,福井市浜別所町１２－２－１,,福井市指令生衛第22-3-313号,3/6/23,7/31/28
1675,菓子製造業,菓子製造業,,なつめカフェ,910-3134,福井市浜別所町１２－２－１,,福井市指令生衛第23-3-72号,6/19/23,7/31/28
1676,魚介類販売業,一般,,ナナイロ,910-0804,福井市高木中央２丁目４００７,0776-58-2282,福井市指令生衛第20-1-41号,4/27/20,12/31/26
1677,食肉販売業,一般,,ナナイロ,910-0804,福井市高木中央２丁目４００７,0776-58-2282,福井市指令生衛第20-1-42号,4/27/20,12/31/26
1678,そうざい製造業,そうざい製造業,,ナナイロ,910-0804,福井市高木中央２丁目４００７,0776-58-2282,福井市指令生衛第21-4-543号,11/30/21,12/31/27
1679,飲食店営業,その他,スナック,ななお,910-0023,福井市順化１丁目１５－４リトルプラザ　２Ｆ,0776-28-1733,福井市指令生衛第23-4-432号,1/18/24,3/31/29
1680,飲食店営業,その他,おばんざい屋,ななと実,910-0005,福井市大手２丁目６－４マルダイビル１Ｆ,0776-97-8335,福井市指令生衛第23-3-176号,9/5/23,11/30/28
1681,水産製品製造業,水産製品製造業,,なべさんのへしこ,910-0806,福井市高木町５３－６－８,0776-53-4645,福井市指令生衛第23-4-256号,10/12/23,12/31/28
1682,飲食店営業,一般食堂・レストラン等,スパゲティ店,ナポリ,918-8237,福井市和田東２丁目１９０１－１,0776-27-7227,福井市指令生衛第22-4-41号,5/18/22,7/31/27
1683,飲食店営業,その他,ピザ店,ナポリの窯,918-8055,福井市若杉４丁目９０９,0776-50-7550,福井市指令生衛第23-3-263号,12/6/23,5/31/29
1684,そうざい製造業,一般,,なま麩の三徳,910-0015,福井市二の宮２丁目８―６５,0776-22-1051,福井市指令生衛第20-2-677号,10/15/20,1/31/26
1685,飲食店営業,その他,バー,なりきりＢＡＲ　ＳＴＡＲ,910-0023,福井市順化１丁目９－１８タナカビル１階１０１号室,,福井市指令生衛第21-4-802号,3/23/22,3/31/27
1686,飲食店営業,一般食堂・レストラン等,ラーメン屋,なんなん亭　幾久店,910-0015,福井市二の宮１丁目１－１０８,0776-97-5211,福井市指令生衛第23-3-276号,12/8/23,1/31/29
1687,飲食店営業,一般食堂・レストラン等,焼肉店,ニクカジル,910-0017,福井市文京５丁目１４－３２文京パセオ　１階,,福井市指令生衛第22-3-407号,4/7/23,1/31/29
1688,飲食店,社交飲食,,にく家　うましか,910-0023,福井市順化１丁目８－１７ダイナソービル１Ｆ　Ｆ-Ｇ,0776-92-0653,福井市指令生衛第19-1-486号,3/2/20,3/31/25
1689,飲食店営業,その他,喫茶店,にこにこカフェ,918-8181,福井市浅水町１０４－５－１,,福井市指令生衛第22-3-2号,4/13/22,10/31/27
1690,飲食店営業,仕出し屋・弁当屋,宅配弁当店,ニコニコキッチン　福井店,910-0026,福井市光陽３丁目９－１アイロイヤル２１－００１,0776-25-2039,福井市指令生衛第22-4-335号,12/13/22,2/28/29
1691,アイスクリーム類製造業,一般,,ニシムラカフェ　エルパ店,910-0836,福井市大和田２丁目１２１２エルパ１Ｆ,0776-57-2510,福井市指令生衛第19-1-471号,3/9/20,12/31/25
1692,菓子製造業,一般,,ニシムラカフェ　エルパ店,910-0836,福井市大和田２丁目１２１２エルパ１Ｆ,0776-57-2510,福井市指令生衛第19-1-472号,3/9/20,12/31/25
1693,飲食店,軽食,,ニシムラカフェ　エルパ店,910-0836,福井市大和田２丁目１２１２エルパ１Ｆ,0776-57-2510,福井市指令生衛第19-1-473号,3/9/20,12/31/25
1694,菓子製造業,菓子製造業,カフェレストラン,ニシムラカフェ　本店,910-0011,福井市経田２丁目１０１,0776-23-6001,福井市指令生衛第21-4-489号,11/17/21,1/31/27
1695,飲食店営業,一般食堂・レストラン等,カフェレストラン,ニシムラカフェ　本店,910-0011,福井市経田２丁目１０１,0776-23-6001,福井市指令生衛第21-4-488号,11/17/21,1/31/27
1696,飲食店営業,一般食堂・レストラン等,おにぎり屋,にとぎとり,910-0842,福井市開発２丁目６１４Ｖ.ＷＯＯＤ１階（東側）,0776-43-9986,福井市指令生衛第23-3-34号,5/2/23,12/31/28
1697,飲食店営業,その他,カラオケ喫茶・スナック,ニュー　明窓,910-0018,福井市田原２丁目２４－１７,,福井市指令生衛第22-4-340号,12/15/22,2/29/28
1698,飲食店,軽食,,ニュー街角唄どころ演歌練場,910-0014,福井市幾久町８―３,0776-29-2511,福井市指令生衛第20-2-724号,1/27/21,1/31/26
1699,飲食店営業,その他,カラオケ喫茶,ニュー夢いちりん,910-0842,福井市開発１丁目２３０１,0776-52-5666,福井市指令生衛第24-4-397号,12/24/24,12/31/29
1700,そうざい製造業,そうざい製造業,,にわーずデリ,910-0836,福井市大和田１丁目１０１福井市中央卸売市場関連商品売場棟,0776-53-0890,福井市指令生衛第21-4-535号,11/2/21,12/31/26
1701,飲食店営業,一般食堂・レストラン等,洋食屋,にわとり農家のたまごＫｉｔｃｈｅｎＬｉｌｙ,910-0836,福井市大和田２丁目１２１２エルパ２Ｆフードコート,,福井市指令生衛第22-3-396号,3/28/23,12/31/28
1702,飲食店営業,その他,カフェ,ネザーランドドワーフ専門店　うさんぽ,918-8237,福井市和田東２丁目２２２３,0776-21-6115,福井市指令生衛第21-3-307号,3/25/22,7/31/27
1703,飲食店営業,その他,山菜料理,のぎく,910-0018,福井市田原１丁目２－１６,0776-22-5564,福井市指令生衛第21-4-607号,12/22/21,2/28/27
1704,菓子製造業,菓子製造業,,のじファーム　あぐりキッチン,919-0301,福井市下細江町２０－８,0776-41-1092,福井市指令生衛第23-3-136号,10/2/23,8/31/29
1705,飲食店営業,一般食堂・レストラン等,和食店,のちのち,910-0023,福井市順化２丁目６－１８泉谷ビル２Ｆ　２０１号,0776-21-7228,福井市指令生衛第22-4-448号,3/7/23,4/30/28
1706,飲食店営業,その他,居酒屋,のの庵,910-0017,福井市文京５丁目１３－３３マキシマ２１　１Ｆ,0776-30-1231,福井市指令生衛第24-4-309号,12/12/24,1/31/30
1707,飲食店営業,一般食堂・レストラン等,そば店,のぼりと,910-0001,福井市大願寺３丁目３－１７,0776-27-2020,福井市指令生衛第21-4-582号,11/30/21,1/31/27
1708,飲食店,社交飲食,,のむ喜,910-0023,福井市順化２丁目１３－４,,福井市指令生衛第21-1-21号,4/28/21,4/30/26
1709,飲食店営業,その他,居酒屋,のむ喜,910-0023,福井市順化２丁目１３－４,,福井市指令生衛第23-3-159号,8/31/23,4/30/29
1710,飲食店,食堂,,のもっさ　高木,910-0805,福井市高木２丁目８２０―４,0776-52-2184,福井市指令生衛第20-2-557号,11/26/20,12/31/25
1711,飲食店営業,その他,居酒屋,のんちゃん,910-0023,福井市順化１丁目１４－９,0776-22-3276,福井市指令生衛第23-4-425号,1/10/24,3/31/29
1712,飲食店営業,その他,バー,バー　ダブ,910-0023,福井市順化１丁目１２－４福ビル１Ｆ１０５号,,福井市指令生衛第21-4-672号,2/2/22,3/31/27
1713,飲食店営業,その他,バー,バー　ブルーポイント,910-0023,福井市順化１丁目１５－９片町スカイパレス５０３,0776-21-3993,福井市指令生衛第22-4-375号,3/28/23,3/31/28
1714,飲食店営業,その他,ＢＡＲ,バー　浪漫,910-0023,福井市順化２丁目２１－１１サンシャイン片町１Ｆ,0776-30-0101,福井市指令生衛第22-4-408号,2/7/23,4/30/28
1715,飲食店営業,その他,バー,ばぁーくろぽん,910-0023,福井市順化１丁目１４－５ＢＫビル１Ｆ,0776-27-7786,福井市指令生衛第23-4-411号,12/25/23,3/31/29
1716,飲食店,軽食,,バーガーキング　ハピリン福井店,910-0006,福井市中央１丁目２－１ハピリンビル２階,0776-22-0028,福井市指令生衛第20-1-69号,5/15/20,11/30/25
1717,アイスクリーム類製造業,一般,,バーガーキング　ハピリン福井店,910-0006,福井市中央１丁目２－１ハピリンビル２階,0776-22-0028,福井市指令生衛第20-1-70号,5/15/20,11/30/25
1718,飲食店営業,その他,バー,バーシー,910-0023,福井市順化２丁目２０－１８片町ビル３Ｆ,0776-23-7020,福井市指令生衛第21-4-814号,4/5/22,4/30/27
1719,飲食店営業,その他,飲食喫茶,ハートポート,910-0017,福井市文京３丁目１－１山下ビル１Ｆ,0776-23-8544,福井市指令生衛第21-4-560号,1/18/22,2/28/27
1720,麺類製造業,麺類製造業,,ハーネス河合そば加工所,910-0108,福井市山室町２－１１,0776-55-1504,福井市指令生衛第22-4-122号,6/29/22,9/30/27
1721,飲食店営業,一般食堂・レストラン等,カレー屋,ハーブ＆スパイスカフェ　ココロノカオリ,918-8055,福井市若杉１丁目１２１７,0776-35-6789,福井市指令生衛第22-4-467号,3/23/23,5/31/28
1722,菓子製造業,一般,,ハーブ工房　月音,910-0021,福井市乾徳３丁目７―２０,0776-22-2193,福井市指令生衛第20-2-722号,1/21/21,1/31/26
1723,飲食店営業,その他,テイクアウト専門,ハーモニーホール　ドリンクカウンター　小ホール,918-8152,福井市今市町４０―１―１ハーモニーホールふくい内　小ホール,,福井市指令生衛第21-4-226号,8/5/21,10/31/26
1724,飲食店営業,その他,テイクアウト専門,ハーモニーホール　ドリンクカウンター　大ホール,918-8152,福井市今市町４０―１―１ハーモニーホールふくい内　大ホール,,福井市指令生衛第21-4-227号,8/5/21,10/31/26
1725,飲食店営業,その他,バー,バーラジオ,910-0023,福井市順化１丁目７－５アルファー１ビル　１Ｆ,0776-26-4531,福井市指令生衛第24-4-395号,2/4/25,3/31/30
1726,飲食店営業,一般食堂・レストラン等,イタリア料理店,ハイウェーブカフェ,918-8045,福井市福新町２００４－２髙波ビル２階,0776-34-1808,福井市指令生衛第23-4-487号,4/2/24,5/31/29
1727,飲食店営業,その他,ビアガーデン,バイキングビアテラス,910-0006,福井市中央３丁目１０－１２ホテルリバージュアケボノ８Ｆ,0776-22-1000,福井市指令生衛第21-4-346号,10/5/21,11/30/26
1728,飲食店,仕出し弁当,,ハイムあけぼの,918-8223,福井市河水町５―１―３,0776-52-6070,福井市指令生衛第19-2-170号,6/20/19,7/31/25
1729,飲食店営業,その他,カフェ,はかり売り　ｇｒａｍｍｅ,918-8014,福井市花堂中１丁目８－２６,,福井市指令生衛第23-3-328号,3/4/24,10/31/29
1730,飲食店営業,一般食堂・レストラン等,食堂,はじめ食堂,910-0033,福井市三郎丸１丁目２０１,,福井市指令生衛第24-4-405号,1/30/25,2/28/30
1731,飲食店営業,一般食堂・レストラン等,食堂,はしもと,910-0151,福井市栄町１４－１,0776-56-0313,福井市指令生衛第23-4-85号,6/13/23,9/30/28
1732,飲食店営業,その他,そばカフェ,バッソ・ダ・ミーア,910-0836,福井市大和田２丁目１２３０アピタ　２Ｆ,0776-52-0625,福井市指令生衛第24-3-349号,12/26/24,12/31/29
1733,飲食店営業,その他,カフェ,パッチワークキルトカフェ　ｋｕｍａ・ｋｕｍａ,910-0067,福井市新田塚２丁目２１－２４,0776-21-6059,福井市指令生衛第24-4-308号,12/5/24,1/31/30
1734,飲食店,軽食,,ハッピークレープ福井店,918-8067,福井市飯塚町１１－１１１ＭＥＧＡドン・キホーテＵＮＹ福井店　１Ｆ,0776-34-2005,福井市指令生衛第19-1-354号,11/27/19,5/31/25
1735,菓子製造業,一般,,ハッピークレープ福井店,918-8067,福井市飯塚町１１－１１１ＭＥＧＡドン・キホーテＵＮＹ福井店　１Ｆ,0776-34-2005,福井市指令生衛第19-1-355号,11/27/19,5/31/25
1736,菓子製造業,菓子製造業,,パティスリー・アン・ガトー,910-0853,福井市城東４丁目３－２２,0776-25-0020,福井市指令生衛第21-4-128号,6/29/21,7/31/26
1737,飲食店営業,その他,和洋菓子屋,パティスリー・アン・ガトー,910-0853,福井市城東４丁目３－２２,0776-25-0020,福井市指令生衛第23-3-149号,8/16/23,7/31/29
1738,食品の小分け業,食品の小分け業,,ハトヤ食品,910-0024,福井市照手１丁目１２－１,0776-21-5800,福井市指令生衛第22-4-393号,2/2/23,4/30/28
1739,飲食店,食堂,,パナソニック株式会社　ＩＳ社デバイスソリューション事業部森田地区,910-0121,福井市定正町４０１番地,,福井市指令生衛第20-1-7号,4/21/20,9/30/26
1740,飲食店,社交飲食,,バナナ　カテドラル,910-0023,福井市順化２丁目１３―２１,0776-24-0258,福井市指令生衛第20-2-103号,4/23/20,4/30/25
1741,麺類製造業,一般,,はなひらく,910-0005,福井市大手３丁目１２－２０アレックシティおやかたビル　２Ｆ,0776-30-0388,福井市指令生衛第20-1-469号,3/22/21,11/30/26
1742,飲食店営業,一般食堂・レストラン等,そば店,はなひらく,910-0005,福井市大手３丁目１２－２０アレックシティおやかたビル　２Ｆ,0776-30-0388,福井市指令生衛第22-4-199号,9/29/22,11/30/27
1743,飲食店営業,その他,居酒屋,はなぶさ,910-0021,福井市乾徳２丁目１０－１３,0776-24-4321,福井市指令生衛第21-4-620号,12/17/21,1/31/27
1744,飲食店営業,一般食堂・レストラン等,うどん屋,はなまるうどん　福井開発店,910-0842,福井市開発４丁目４０７,0776-54-8704,福井市指令生衛第24-4-247号,11/14/24,12/31/29
1745,食肉販売業,一般,,ハニー　麻生津店,918-8152,福井市今市町１４－１１－１,0776-38-6188,福井市指令生衛第19-1-209号,9/11/19,10/31/25
1746,飲食店営業,仕出し屋・弁当屋,スーパーマーケット,ハニー　麻生津店,918-8152,福井市今市町１４－１１－１,0776-38-6188,福井市指令生衛第21-4-313号,9/7/21,10/31/27
1747,飲食店営業,仕出し屋・弁当屋,スーパーマーケット,ハニー　木田店,918-8105,福井市木田３丁目２３０２,0776-35-1182,福井市指令生衛第21-4-314号,9/1/21,10/31/27
1748,魚介類販売業,魚介類販売業,スーパーマーケット,ハニー　木田店,918-8105,福井市木田３丁目２３０２,0776-35-1182,福井市指令生衛第21-4-315号,9/1/21,10/31/27
1749,菓子製造業,一般,,ハニー＆クローバー　アカデミア店,910-0034,福井市菅谷１丁目１－２２福井アカデミアホテル１Ｆ,0776-25-5526,福井市指令生衛第20-1-186号,8/7/20,2/28/26
1750,飲食店営業,その他,喫茶店,ハニー＆クローバー　アカデミア店,910-0034,福井市菅谷１丁目１－２２福井アカデミアホテル１Ｆ,0776-25-5526,福井市指令生衛第21-4-626号,12/28/21,2/28/27
1751,飲食店,軽食,,ハニー＆クローバー　大和田本店,910-0802,福井市大和田２丁目１２３８,0776-54-8296,福井市指令生衛第20-1-328号,11/20/20,12/31/25
1752,菓子製造業,一般,,ハニー＆クローバー　大和田本店,910-0802,福井市大和田２丁目１２３８,0776-54-8296,福井市指令生衛第20-1-329号,11/20/20,12/31/26
1753,飲食店営業,仕出し屋・弁当屋,スーパー,ハニー食彩館　やしろ店,918-8055,福井市若杉４丁目１０２１,0776-34-3030,福井市指令生衛第21-4-797号,3/22/22,5/31/28
1754,魚介類販売業,魚介類販売業,,ハニー食彩館　やしろ店,918-8055,福井市若杉４丁目１０２１,0776-34-3030,福井市指令生衛第21-4-798号,3/22/22,5/31/28
1755,食肉販売業,食肉販売業,,ハニー食彩館　やしろ店,918-8055,福井市若杉４丁目１０２１,0776-34-3030,福井市指令生衛第21-4-799号,3/22/22,5/31/28
1756,飲食店営業,仕出し屋・弁当屋,,ハニー食彩館　やしろ店,918-8055,福井市若杉４丁目１０２１,0776-34-3030,福井市指令生衛第21-4-800号,3/22/22,5/31/28
1757,魚介類販売業,一般,,ハニー食彩館　四ツ居店,918-8205,福井市北四ツ居１丁目９－１,0776-53-5535,福井市指令生衛第19-2-145号,7/1/19,7/31/25
1758,飲食店営業,その他,スーパーマーケット,ハニー食彩館　四ツ居店,918-8205,福井市北四ツ居１丁目９－１,0776-53-5535,福井市指令生衛第23-3-98号,7/14/23,7/31/29
1759,飲食店営業,その他,スーパーマーケット,ハニー食彩館　四ツ居店,918-8205,福井市北四ツ居１丁目９－１,0776-53-5535,福井市指令生衛第23-3-99号,7/14/23,7/31/29
1760,魚介類販売業,魚介類販売業,スーパーマーケット,ハニー食彩館　四ツ居店,918-8205,福井市北四ツ居１丁目９－１,0776-53-5535,福井市指令生衛第23-3-100号,7/14/23,7/31/29
1761,そうざい製造業,一般,,ハニー食彩館　西福井,910-0017,福井市文京４丁目３－１エチゼンクルサ１Ｆ,0776-26-6400,福井市指令生衛第20-1-88号,5/25/20,2/28/27
1762,そうざい製造業,一般,,ハニー食彩館　西福井,910-0017,福井市文京４丁目３－１エチゼンクルサ１Ｆ,0776-26-6400,福井市指令生衛第20-1-89号,5/25/20,2/28/27
1763,菓子製造業,一般,,ハニー食彩館　西福井,910-0017,福井市文京４丁目３０２エチゼンクルサ１Ｆ,0776-26-6400,福井市指令生衛第20-1-250号,10/9/20,2/28/27
1764,そうざい製造業,そうざい製造業,,ハニー食彩館　西福井,910-0017,福井市文京４丁目３－１エチゼンクルサ１Ｆ,0776-26-6400,福井市指令生衛第24-4-304号,12/19/24,2/28/31
1765,そうざい製造業,そうざい製造業,,ハニー食彩館　西福井,910-0017,福井市文京４丁目３－１エチゼンクルサ１Ｆ,0776-26-6400,福井市指令生衛第24-4-305号,12/19/24,2/28/31
1766,魚介類販売業,魚介類販売業,,ハニー食彩館　西福井,910-0017,福井市文京４丁目３－１エチゼンクルサ１Ｆ,0776-26-6400,福井市指令生衛第24-4-306号,12/19/24,2/28/31
1767,食肉販売業,一般,,ハニー食彩館　足羽店,918-8051,福井市桃園１丁目１－１０,0776-35-5444,福井市指令生衛第19-1-220号,9/10/19,10/31/25
1768,飲食店,仕出し弁当,,ハニー食彩館　足羽店,918-8051,福井市桃園１丁目１－１０,0776-35-5444,福井市指令生衛第19-1-222号,9/10/19,10/31/25
1769,食肉処理業,一般,,ハニー食彩館　大宮店,910-0016,福井市大宮６丁目５－５,0776-27-1230,福井市指令生衛第20-2-777号,12/17/20,1/31/27
1770,飲食店,仕出し弁当,,ハニー食彩館　大宮店,910-0016,福井市大宮６丁目５－５,0776-27-1230,福井市指令生衛第20-2-778号,12/17/20,1/31/27
1771,そうざい製造業,一般,,ハニー食彩館　大宮店,910-0016,福井市大宮６丁目５－５,0776-27-1230,福井市指令生衛第20-2-779号,12/17/20,1/31/27
1772,魚介類販売業,一般,,ハニー食彩館　大宮店,910-0016,福井市大宮６丁目５―５,0776-27-1230,福井市指令生衛第20-2-773号,12/17/20,1/31/27
1773,飲食店,そうざい,,ハニー食彩館　大宮店,910-0016,福井市大宮６丁目５―５,0776-27-1230,福井市指令生衛第20-2-776号,12/17/20,1/31/27
1774,菓子製造業,菓子製造業,,ハニー食彩館　大宮店,910-0016,福井市大宮６丁目５－５,0776-27-1230,福井市指令生衛第21-4-601号,12/21/21,1/31/28
1775,魚介類販売業,魚介類販売業,スーパーマーケット,ハニー食彩館　東部店,918-8239,福井市成和１丁目３２１０,0776-26-1002,福井市指令生衛第21-3-131号,10/14/21,7/31/28
1776,食肉販売業,食肉販売業,スーパーマーケット,ハニー食彩館　東部店,918-8239,福井市成和１丁目３２１０,0776-26-1002,福井市指令生衛第21-3-132号,10/14/21,7/31/28
1777,飲食店営業,仕出し屋・弁当屋,スーパーマーケット,ハニー食彩館　東部店,918-8239,福井市成和１丁目３２１０,0776-26-1002,福井市指令生衛第21-3-133号,10/14/21,7/31/28
1778,食肉販売業,食肉販売業,,ハニー食彩館四ツ居店,918-8205,福井市北四ツ居１丁目９－３８コーポ・ピラ,0776-53-5535,福井市指令生衛第23-3-95号,7/14/23,7/31/29
1779,そうざい製造業,そうざい製造業,,ハニー食彩館四ツ居店,918-8205,福井市北四ツ居１丁目９－３８コーポ・ピラ,0776-53-5535,福井市指令生衛第23-3-96号,7/14/23,7/31/29
1780,菓子製造業,菓子製造業,,ハニー食彩館四ツ居店,918-8205,福井市北四ツ居１丁目９－３８コーポ・ピラ,0776-53-5535,福井市指令生衛第23-3-97号,7/25/23,7/31/29
1781,菓子製造業,菓子製造業,,ハニー新鮮館　つくし野,910-0123,福井市八重巻町２０１,0776-56-8200,福井市指令生衛第21-4-196号,7/20/21,9/30/27
1782,飲食店営業,その他,スーパーマーケット,ハニー新鮮館　つくし野,910-0123,福井市八重巻町２０１,0776-56-8200,福井市指令生衛第24-4-88号,6/11/24,9/30/30
1783,食肉販売業,食肉販売業,,ハニー新鮮館　つくし野,910-0123,福井市八重巻町２０１,0776-56-8200,福井市指令生衛第24-4-89号,6/11/24,9/30/30
1784,魚介類販売業,魚介類販売業,,ハニー新鮮館　つくし野,910-0123,福井市八重巻町２０１,0776-56-8200,福井市指令生衛第24-4-90号,6/11/24,9/30/30
1785,飲食店営業,仕出し屋・弁当屋,スーパーマーケット,ハニー新鮮館　みのり,918-8005,福井市みのり４丁目１５－１,0776-34-8200,福井市指令生衛第22-4-171号,8/4/22,10/31/28
1786,魚介類販売業,魚介類販売業,,ハニー新鮮館　みのり,918-8005,福井市みのり４丁目１５－１,0776-34-8200,福井市指令生衛第22-4-172号,8/4/22,10/31/28
1787,食肉販売業,食肉販売業,,ハニー新鮮館　みのり,918-8005,福井市みのり４丁目１５－１,0776-34-8200,福井市指令生衛第22-4-173号,8/4/22,10/31/28
1788,飲食店営業,仕出し屋・弁当屋,スーパーマーケット,ハニー新鮮館　大安寺,910-3115,福井市仙町４―１―１,0776-59-1212,福井市指令生衛第21-4-126号,6/30/21,7/31/27
1789,魚介類販売業,魚介類販売業,スーパーマーケット,ハニー新鮮館　大安寺,910-3115,福井市仙町４―１―１,0776-59-1212,福井市指令生衛第21-4-127号,6/30/21,7/31/27
1790,そうざい製造業,そうざい製造業,スーパーマーケット,ハニー新鮮館　灯明寺,910-0069,福井市舟橋黒竜１丁目１１０,0776-21-8200,福井市指令生衛第21-4-480号,11/5/21,12/31/27
1791,飲食店営業,仕出し屋・弁当屋,スーパーマーケット,ハニー新鮮館　灯明寺,910-0069,福井市舟橋黒竜１丁目１１０,0776-21-8200,福井市指令生衛第21-4-481号,11/5/21,12/31/27
1792,食肉販売業,食肉販売業,スーパーマーケット,ハニー新鮮館　灯明寺,910-0069,福井市舟橋黒竜１丁目１１０,0776-21-8200,福井市指令生衛第21-4-482号,11/5/21,12/31/27
1793,菓子製造業,菓子製造業,スーパーマーケット,ハニー新鮮館　灯明寺,910-0069,福井市舟橋黒竜１丁目１１０,0776-21-8200,福井市指令生衛第21-4-483号,11/5/21,12/31/27
1794,魚介類販売業,魚介類販売業,,ハニー新鮮館　灯明寺,910-0069,福井市舟橋黒竜１丁目１１０,0776-21-8200,福井市指令生衛第24-4-235号,11/7/24,12/31/30
1795,飲食店営業,その他,スーパーマーケット,ハニー新鮮館えもり中,918-8025,福井市江守中町７－４３,0776-33-8782,福井市指令生衛第22-3-120号,8/22/22,5/31/29
1796,食肉販売業,食肉販売業,スーパーマーケット,ハニー新鮮館えもり中,918-8025,福井市江守中町７－４３,0776-33-8782,福井市指令生衛第22-3-121号,8/22/22,5/31/29
1797,魚介類販売業,魚介類販売業,スーパーマーケット,ハニー新鮮館えもり中,918-8025,福井市江守中町７－４３,0776-33-8782,福井市指令生衛第22-3-122号,8/22/22,5/31/29
1798,飲食店営業,その他,バー,ハノイ,910-0023,福井市順化２丁目１３－１４ＣＯＰＡビル２階　Ｃタイプ,0776-43-6559,福井市指令生衛第24-3-34号,4/24/24,4/30/29
1799,飲食店,食堂,,パブ＆レストラン　樽,910-0023,福井市順化１丁目２―１４メトロ会館１Ｆ,0776-24-2525,福井市指令生衛第20-2-893号,2/18/21,3/31/26
1800,飲食店営業,一般食堂・レストラン等,食堂,パブリックハウスおいち,910-0006,福井市中央１丁目１９－１４新橋ビル２Ｆ－２,,福井市指令生衛第23-3-229号,11/2/23,11/30/28
1801,飲食店,社交飲食,,パブ喫茶　ばすゑ,918-8239,福井市成和２丁目９０２　ロインジオ１Ｆ,,福井市指令生衛第20-1-201号,8/19/20,7/31/26
1802,飲食店営業,一般食堂・レストラン等,回転寿司,はま寿司　福井羽水店,918-8114,福井市羽水１丁目６１５,0776-35-4777,福井市指令生衛第23-4-162号,8/8/23,10/31/29
1803,飲食店営業,一般食堂・レストラン等,寿司店,はま寿司　福井大宮店,910-0016,福井市大宮６丁目１７－２８,0570-032-369,福井市指令生衛第24-4-299号,12/12/24,1/31/31
1804,飲食店営業,一般食堂・レストラン等,食堂,はら,910-0833,福井市新保３丁目２１０３－３,0776-52-1055,福井市指令生衛第21-4-434号,10/27/21,12/31/26
1805,飲食店,社交飲食,,パライソ,910-0023,福井市順化１丁目１０－１２Ｋ.Ｋビル３Ｆ,0776-25-1805,福井市指令生衛第20-1-157号,7/9/20,3/31/26
1806,飲食店営業,その他,カフェ,はりいしゃ,910-3553,福井市蒲生町１－４２,,福井市指令生衛第23-3-221号,10/20/23,7/31/29
1807,菓子製造業,菓子製造業,,パリクロアッサン　ベル,918-8015,福井市花堂南２丁目１６－１ショッピングセンターベル１Ｆ,0776-34-5776,福井市指令生衛第23-4-166号,8/3/23,10/31/28
1808,飲食店,社交飲食,,ばる　庄ちゃん,918-8018,福井市大島町前浜４０３－１,,福井市指令生衛第19-1-458号,2/26/20,10/31/25
1809,そうざい製造業,そうざい製造業,そうざい店,はるせん文京店,910-0017,福井市文京６丁目１７－２８,0776-28-7227,福井市指令生衛第21-4-592号,12/9/21,1/31/28
1810,魚介類販売業,魚介類販売業,そうざい店,はるせん文京店,910-0017,福井市文京６丁目１７－２８,0776-28-7227,福井市指令生衛第21-4-593号,12/9/21,1/31/28
1811,飲食店営業,その他,韓国料理店,はるの家,918-8027,福井市福１丁目２８０１花の湯南側テナント,,福井市指令生衛第22-3-328号,1/27/23,5/31/28
1812,飲食店営業,一般食堂・レストラン等,焼肉屋,はるや,910-0859,福井市日之出３丁目３―７,0776-28-0629,福井市指令生衛第21-4-108号,6/17/21,7/31/26
1813,飲食店,仕出し弁当,,バロー　福井南店,918-8112,福井市下馬３丁目４１８バロー福井南店,0776-33-6300,福井市指令生衛第20-1-435号,3/12/21,10/31/27
1814,菓子製造業,一般,,バロー　福井南店,918-8112,福井市下馬３丁目４１８バロー福井南店,0776-33-6300,福井市指令生衛第20-1-436号,3/12/21,10/31/27
1815,魚介類販売業,魚介類販売業,,バロー　福井南店,918-8112,福井市下馬３丁目４１８バロー福井南店,0776-33-6300,福井市指令生衛第22-4-164号,8/30/22,10/31/28
1816,食肉販売業,食肉販売業,,バロー　福井南店,918-8112,福井市下馬３丁目４１８バロー福井南店,0776-33-6300,福井市指令生衛第23-4-322号,10/27/23,10/31/29
1817,菓子製造業,菓子製造業,,パンジイ。,910-0015,福井市二の宮２丁目２７－３１,0776-27-2883,福井市指令生衛第24-4-286号,12/3/24,1/31/30
1818,飲食店営業,その他,喫茶店,ハンズママ,918-8031,福井市種池２丁目５０４,0776-35-6333,福井市指令生衛第23-4-497号,4/2/24,5/31/29
1819,菓子製造業,パン,,パンの店　ベルツ,910-0138,福井市東森田２丁目１６１６,0776-43-9795,福井市指令生衛第23-4-80号,6/15/23,9/30/28
1820,菓子製造業,菓子製造業,,パン工房　Ｐｒｅｃｉｏｕｓ,918-8046,福井市運動公園１丁目１４０８,0776-36-4880,福井市指令生衛第23-4-519号,4/2/24,5/31/29
1821,菓子製造業,パン,,パン工房　トランタン,918-8013,福井市花堂東１丁目８－１５ファミリーパークマンション１Ｆ,0776-34-2030,福井市指令生衛第22-4-170号,9/22/22,10/31/28
1822,菓子製造業,パン,,パン工房　麦,918-8021,福井市門前２丁目１０３,0776-33-5090,福井市指令生衛第22-4-447号,3/14/23,5/31/28
1823,菓子製造業,菓子製造業,,パン工房　野っ歩　野っ穂,910-0834,福井市丸山２丁目１６０６,0776-52-8606,福井市指令生衛第24-4-251号,11/12/24,12/31/29
1824,菓子製造業,一般,,ビアードパパの作りたて工房,910-0836,福井市大和田２丁目１２３０アピタ福井大和田,0776-57-2198,福井市指令生衛第20-1-4号,4/10/20,12/31/25
1825,飲食店営業,その他,カフェ,びいん,910-0837,福井市高柳１丁目７０８レリアン１０１,,福井市指令生衛第24-4-260号,10/31/24,12/31/29
1826,飲食店,軽食,,ぴえろはうす,910-0859,福井市日之出２丁目６―１２サンコーポラス　１Ｆ,0776-25-6533,福井市指令生衛第20-2-214号,7/16/20,7/31/25
1827,飲食店,社交飲食,,ピカソ,910-0023,福井市順化２丁目２０―１３友邦ビル２Ｆ,0776-22-2188,福井市指令生衛第20-2-112号,4/6/20,4/30/25
1828,飲食店営業,その他,カフェ、バー,ヒゲ商店,910-0005,福井市大手３丁目５－１８２Ｆ,0776-28-2552,福井市指令生衛第22-4-298号,11/17/22,11/30/27
1829,菓子製造業,一般,,ひげ餅舗,918-8007,福井市足羽１丁目１６―１,0776-36-3351,福井市指令生衛第20-2-419号,9/17/20,10/31/25
1830,飲食店,軽食,,ピコット,918-8047,福井市久喜津町６４―３９―４,0776-36-3906,福井市指令生衛第20-2-13号,4/23/20,5/31/25
1831,飲食店営業,その他,ピザ屋,ピザハット高木中央店,910-0804,福井市高木中央２丁目１７２４,,福井市指令生衛第23-3-120号,7/28/23,12/31/28
1832,飲食店営業,その他,ピザ屋,ピザハット田原町店,910-0003,福井市松本４丁目１２－１２,0776-30-0170,福井市指令生衛第24-3-274号,10/21/24,1/31/30
1833,飲食店,社交飲食,,ビストロアンドバール　グルトンヌ,910-0006,福井市中央１丁目２１―３３オーカンビル１階,0776-26-5432,福井市指令生衛第20-2-482号,10/19/20,11/30/25
1834,飲食店,食堂,,ビストロドウ　シーボニア,910-0023,福井市順化１丁目１４―２４,0776-25-1234,福井市指令生衛第20-2-860号,2/18/21,3/31/26
1835,飲食店営業,一般食堂・レストラン等,洋食の飲食店,ビストロ華むら,918-8116,福井市大町１６古川２１０－１,0776-34-0566,福井市指令生衛第23-4-165号,8/24/23,10/31/28
1836,飲食店営業,仕出し屋・弁当屋,洋食店,ビストロ後藤,910-0006,福井市中央１丁目１９－２０吉田ビル１Ｆ,0776-23-8488,福井市指令生衛第23-4-200号,9/26/23,11/30/29
1837,飲食店営業,その他,カラオケ店,ビッグエコー　片町店,910-0023,福井市順化１丁目１１－１４,0776-29-1588,福井市指令生衛第24-4-342号,1/14/25,3/31/31
1838,飲食店営業,一般食堂・レストラン等,レストラン,びっくりドンキー　福井開発店,910-0843,福井市西開発２丁目１０１－３,0776-52-8022,福井市指令生衛第21-4-487号,11/16/21,12/31/26
1839,飲食店営業,その他,イタリアン,ピッツェリア　グランカルマ,918-8058,福井市加茂緑苑町４０６,0776-65-3867,福井市指令生衛第22-3-103号,7/14/22,5/31/28
1840,飲食店,軽食,,ピッツェリア　フェリーチェ,918-8205,福井市北四ツ居１丁目２６－１９,0776-97-5573,福井市指令生衛第20-2-239号,6/26/20,7/31/25
1841,飲食店,食堂,,ひで味,918-8058,福井市加茂緑苑町310ウィズミンキー１Ｆ,0776-33-0515,福井市指令生衛第20-2-10号,4/23/20,5/31/25
1842,飲食店営業,その他,居酒屋,ひとさら,918-8065,福井市水越１丁目８０３藤井ビル１Ｆ,0776-34-2215,福井市指令生衛第21-4-15号,6/1/21,5/31/27
1843,菓子製造業,洋菓子,,ひとはな珈琲,910-0842,福井市開発５丁目２０１１,,福井市指令生衛第21-3-263号,1/20/22,12/31/27
1844,飲食店営業,その他,カフェ,ひとはな珈琲,910-0842,福井市開発５丁目２０１１,,福井市指令生衛第21-3-264号,1/20/22,12/31/27
1845,飲食店営業,一般食堂・レストラン等,喫茶店,ひとやすみ,910-0015,福井市二の宮３丁目４２－１２ジョイライフクラブ　１Ｆ正面,,福井市指令生衛第23-3-182号,9/29/23,1/31/29
1846,菓子製造業,菓子製造業,,ひねもす珈琲,910-0804,福井市高木中央２丁目５１０,,福井市指令生衛第22-3-133号,8/12/22,12/31/27
1847,飲食店,社交飲食,,ひのと,910-0017,福井市文京３丁目６―１９,0776-24-9110,福井市指令生衛第20-2-795号,1/21/21,2/28/26
1848,麺類製造業,麺類製造業,,ヒノマル製麺舎,910-0837,福井市高柳１丁目１２０１,0776-50-3589,福井市指令生衛第24-4-333号,12/17/24,12/31/29
1849,菓子製造業,菓子製造業,,ヒビノベイク,918-8112,福井市下馬３丁目１０４Ｇｒａｎｄ　Ｂｌｄｇ.１Ｆ,,福井市指令生衛第23-3-341号,7/5/24,10/31/29
1850,飲食店営業,その他,菓子製造販売,ヒビノベイク,918-8112,福井市下馬３丁目１０４Ｇｒａｎｄ　Ｂｌｄｇ.１Ｆ,,福井市指令生衛第23-3-342号,7/5/24,10/31/29
1851,飲食店営業,その他,喫茶店,ひまわり,910-0845,福井市志比口２丁目４―１石原ビル　１Ｆ,0776-53-3323,福井市指令生衛第21-4-115号,6/23/21,7/31/26
1852,飲食店営業,その他,居酒屋,ヒョンチャンプルコギ　福井大和田店,910-0836,福井市大和田１丁目１１０５,0776-58-2077,福井市指令生衛第23-3-383号,3/1/24,12/31/30
1853,飲食店営業,一般食堂・レストラン等,給食施設,ひらいディ・ケア,918-8026,福井市渕４丁目１８１３,0776-33-6881,福井市指令生衛第22-4-440号,3/7/23,5/31/28
1854,飲食店,社交飲食,,ビリーブ,910-0023,福井市順化２丁目１２―１８片町フォーカスビル３Ｆ,0776-25-9598,福井市指令生衛第20-2-954号,3/24/21,4/30/26
1855,飲食店営業,その他,カフェ,ビリオン珈琲,910-0841,福井市開発町８－２－３,0776-89-0555,福井市指令生衛第24-4-265号,11/5/24,12/31/29
1856,飲食店営業,その他,カフェ,ビリオン珈琲　アピタ福井大和田店,910-0836,福井市大和田２丁目１２３０１Ｆ,0776-97-8814,福井市指令生衛第24-4-263号,11/19/24,12/31/29
1857,飲食店営業,その他,喫茶店,ビリオン珈琲　運動公園店,918-8055,福井市若杉３丁目１７０５,0776-36-8181,福井市指令生衛第21-4-808号,4/6/22,5/31/27
1858,飲食店,めん類,,ピリケン　エルパ店,910-0836,福井市大和田２丁目１２１２番地エルパ１Ｆ,0776-57-2666,福井市指令生衛第20-2-646号,11/26/20,12/31/25
1859,飲食店営業,一般食堂・レストラン等,中華料理店,ピリケン　ベル店,918-8015,福井市花堂南２丁目１６－１ベル１Ｆ,0776-33-8051,福井市指令生衛第22-4-205号,10/6/22,10/31/27
1860,飲食店営業,一般食堂・レストラン等,ラーメン店,ピリケンラーメン,918-8047,福井市久喜津町５２―１５,0776-33-6077,福井市指令生衛第21-4-50号,6/1/21,5/31/27
1861,飲食店営業,一般食堂・レストラン等,居酒屋,ひろけん,918-8239,福井市成和２丁目５０６,0776-50-2730,福井市指令生衛第23-4-7号,5/11/23,7/31/28
1862,飲食店,軽食,,ファームサルート,910-0067,福井市新田塚２丁目３２－２３,0776-25-7711,福井市指令生衛第20-2-606号,11/26/20,1/31/26
1863,アイスクリーム類製造業,アイスクリーム類製造業,,ファームサルート,910-0067,福井市新田塚２丁目３２－２３,0776-25-7711,福井市指令生衛第23-4-262号,11/13/23,1/31/29
1864,飲食店営業,その他,コンビニエンスストア,ファミリーマート　新田塚店,910-0067,福井市新田塚２丁目２６－８３１７,0776-26-5580,福井市指令生衛第24-3-377号,2/27/25,1/31/31
1865,飲食店,軽食,,ファミリーマート　清水志津が丘店,910-3636,福井市山内町１１―１１―１５,0776-98-4508,福井市指令生衛第20-2-23号,4/23/20,6/30/25
1866,飲食店営業,その他,コンビニエンスストア,ファミリーマート　二の宮四丁目店,910-0015,福井市二の宮４丁目３６０１,0776-30-2775,福井市指令生衛第22-4-268号,11/2/22,1/31/28
1867,飲食店,軽食,,ファミリーマート　福井あがり店,910-0017,福井市文京５丁目１４―４１,0776-28-2170,福井市指令生衛第20-2-804号,12/17/20,1/31/26
1868,飲食店営業,その他,コンビニエンスストア,ファミリーマート　福井みゆき,910-0853,福井市城東４丁目２－１,0776-58-3146,福井市指令生衛第23-3-308号,2/13/24,7/31/29
1869,飲食店営業,その他,コンビニエンスストア,ファミリーマート　福井駅前店,910-0006,福井市中央１丁目２－１ハピリン１Ｆ,0776-30-2667,福井市指令生衛第21-4-349号,9/29/21,11/30/26
1870,飲食店営業,その他,コンビニエンスストア,ファミリーマート　福井円山店,918-8206,福井市北四ツ居町５０５,0776-52-1480,福井市指令生衛第24-4-86号,6/13/24,7/31/29
1871,飲食店営業,その他,コンビニエンスストア,ファミリーマート　福井下馬店,918-8112,福井市下馬３丁目１８０９,0776-33-5561,福井市指令生衛第24-4-149号,8/8/24,10/31/29
1872,飲食店営業,その他,コンビニエンスストア,ファミリーマート　福井花堂店,918-8014,福井市花堂中２丁目２００４,0776-32-5071,福井市指令生衛第23-3-193号,9/25/23,10/31/28
1873,飲食店,軽食,,ファミリーマート　福井県庁前店,910-0005,福井市大手２丁目７－６パーク２３ビル　１Ｆ,0776-30-2693,福井市指令生衛第20-2-446号,9/17/20,11/30/25
1874,飲食店営業,その他,コンビニエンスストア,ファミリーマート　福井県立武道館口店,910-0038,福井市三ツ屋１丁目501,0776-26-3070,福井市指令生衛第23-4-388号,12/19/23,2/28/30
1875,飲食店,軽食,,ファミリーマート　福井江端店,918-8016,福井市江端町２２－２７,0776-38-2155,福井市指令生衛第20-1-332号,11/27/20,10/31/26
1876,飲食店営業,その他,コンビニエンスストア,ファミリーマート　福井高木中央店,910-0804,福井市高木中央１丁目２４０６,0776-52-1534,福井市指令生衛第22-3-276号,11/29/22,12/31/27
1877,飲食店営業,その他,コンビニエンスストア,ファミリーマート　福井高木町店,910-0806,福井市高木町４－８,0776-52-1750,福井市指令生衛第24-4-256号,11/21/24,12/31/29
1878,飲食店営業,その他,コンビニエンスストア,ファミリーマート　福井高柳一丁目店,910-0837,福井市高柳１丁目９１２,0776-57-8030,福井市指令生衛第23-4-290号,11/2/23,12/31/28
1879,飲食店営業,その他,コンビニエンスストア,ファミリーマート　福井高柳店,910-0837,福井市高柳３丁目３２０９,0776-52-2250,福井市指令生衛第24-3-277号,10/17/24,12/31/30
1880,飲食店,軽食,,ファミリーマート　福井若杉店,918-8055,福井市若杉２丁目201,0776-35-2655,福井市指令生衛第20-2-25号,5/12/20,5/31/25
1881,飲食店営業,その他,コンビニ,ファミリーマート　福井若杉浜三丁目店,918-8056,福井市若杉浜３丁目７０４,0776-34-4373,福井市指令生衛第22-4-457号,3/8/23,5/31/28
1882,飲食店営業,その他,コンビニエンスストア,ファミリーマート　福井若杉浜東店,918-8056,福井市若杉浜２丁目６０９,0776-32-6088,福井市指令生衛第23-4-71号,5/19/23,5/31/28
1883,飲食店営業,その他,コンビニエンスストア,ファミリーマート　福井舟橋新一丁目店,910-0068,福井市舟橋新１丁目１３０２,0776-22-2150,福井市指令生衛第22-4-276号,12/6/22,12/31/27
1884,飲食店,軽食,,ファミリーマート　福井新保町店,910-0832,福井市新保町１６－４,0776-57-8801,福井市指令生衛第20-1-344号,11/24/20,12/31/25
1885,飲食店営業,その他,コンビニエンスストア,ファミリーマート　福井森田中学校前店,910-0125,福井市石盛３丁目９１０,0776-55-0766,福井市指令生衛第24-4-87号,6/25/24,9/30/29
1886,飲食店営業,その他,コンビニエンスストア,ファミリーマート　福井菅谷二丁目店,910-0035,福井市菅谷２丁目１１－１３,0776-21-3020,福井市指令生衛第22-3-192号,9/29/22,2/29/28
1887,飲食店,軽食,,ファミリーマート　福井西谷店,918-8023,福井市西谷２丁目601,0776-33-0424,福井市指令生衛第20-2-44号,4/23/20,5/31/25
1888,飲食店営業,その他,コンビニエンスストア,ファミリーマート　福井西谷店,918-8023,福井市西谷２丁目６０１,0776-33-0424,福井市指令生衛第21-3-345号,4/13/22,5/31/27
1889,飲食店営業,その他,コンビニエンスストア,ファミリーマート　福井大願寺三丁目店,910-0001,福井市大願寺３丁目８－２５,0776-23-1755,福井市指令生衛第23-4-375号,11/30/23,1/31/29
1890,飲食店営業,その他,コンビニエンスストア,ファミリーマート　福井大宮二丁目店,910-0016,福井市大宮２丁目２８－１８,0776-30-7708,福井市指令生衛第22-4-334号,12/15/22,2/28/29
1891,飲食店営業,その他,コンビニエンスストア,ファミリーマート　福井大和田店,910-0802,福井市大和田１丁目３０２,0776-53-9146,福井市指令生衛第22-3-191号,9/29/22,12/31/27
1892,飲食店営業,その他,コンビニエンスストア,ファミリーマート　福井中央一丁目,910-0006,福井市中央１丁目３－６Ｐ１０３,,福井市指令生衛第24-3-147号,8/1/24,11/30/30
1893,飲食店,軽食,,ファミリーマート　福井町屋二丁目店,910-0002,福井市町屋２丁目８―６,0776-23-4341,福井市指令生衛第20-2-782号,12/17/20,1/31/26
1894,飲食店営業,その他,コンビニエンスストア,ファミリーマート　福井二の宮五丁目店,910-0015,福井市二の宮５丁目１８―３,0776-22-1955,福井市指令生衛第24-4-300号,12/3/24,1/31/30
1895,飲食店営業,その他,コンビニエンスストア,ファミリーマート　福井日之出一丁目店,910-0859,福井市日之出１丁目６－１６,0776-25-2002,福井市指令生衛第24-4-30号,6/3/24,7/31/29
1896,飲食店営業,その他,コンビニエンスストア,ファミリーマート　福井飯塚町店,918-8067,福井市飯塚町１２字堤ノ本１０７,0776-33-2517,福井市指令生衛第23-4-500号,3/21/24,5/31/29
1897,飲食店営業,その他,コンビニエンスストア,ファミリーマート　福井文京店,910-0017,福井市文京６丁目９－１２,0776-22-5665,福井市指令生衛第21-3-341号,4/7/22,1/31/28
1898,飲食店,軽食,,ファミリーマート　福井文京六丁目,910-0017,福井市文京６丁目１８―８,0776-29-7720,福井市指令生衛第20-2-813号,1/4/21,1/31/26
1899,飲食店営業,その他,コンビニエンスストア,ファミリーマート　福井米松店,910-0845,福井市志比口２丁目２６０８－１,0776-52-3622,福井市指令生衛第24-4-5号,4/30/24,7/31/29
1900,飲食店営業,その他,コンビニエンスストア,ファミリーマート　福井片町店,910-0023,福井市順化１丁目１７－５,0776-30-2085,福井市指令生衛第23-3-50号,5/22/23,3/31/29
1901,飲食店営業,その他,コンビニエンスストア,ファミリーマート　福井宝永三丁目店,910-0004,福井市宝永３丁目１０－１山田ビル１Ｆ,0776-30-2311,福井市指令生衛第22-4-189号,9/15/22,11/30/27
1902,飲食店営業,その他,コンビニエンスストア,ファミリーマート　福井木田一丁目店,918-8105,福井市木田１丁目３４０４－１,0776-33-2150,福井市指令生衛第24-4-165号,7/30/24,10/31/30
1903,飲食店営業,その他,コンビニエンスストア,ファミリーマート　福井和田一丁目,918-8238,福井市和田１丁目１－１３,0776-22-1850,福井市指令生衛第23-3-307号,1/26/24,7/31/29
1904,飲食店営業,その他,コンビニエンスストア,ファミリーマート　福井渕町店,918-8026,福井市渕４丁目１７０１―１,0776-33-1330,福井市指令生衛第21-4-45号,6/1/21,5/31/27
1905,飲食店営業,その他,コンビニエンスストア,ファミリーマート　福井渕町店,918-8026,福井市渕４丁目１７０１－１,0776-33-1330,福井市指令生衛第24-3-383号,2/25/25,5/31/30
1906,飲食店営業,その他,コンビニエンスストア,ファミリーマート　北四ツ居店,918-8205,福井市北四ツ居３丁目１５－６２,0776-57-8865,福井市指令生衛第23-4-39号,5/17/23,7/31/28
1907,飲食店営業,その他,コンビニエンスストア,ファミリーマート　本町通り店,910-0023,福井市順化２丁目２－１０ビバリーマンション１Ｆ,0776-30-2505,福井市指令生衛第21-4-694号,2/9/22,4/30/27
1908,飲食店営業,その他,コンビニエンスストア,ファミリーマート川尻店,910-3136,福井市川尻町４１－４８－１,0776-85-1074,福井市指令生衛第23-4-174号,7/21/23,7/31/28
1909,飲食店営業,その他,コンビニエンスストア,ファミリーマート福井花月店,910-0022,福井市花月４丁目５０４,0776-24-4557,福井市指令生衛第22-3-271号,11/28/22,4/30/28
1910,飲食店営業,その他,コンビニエンスストア,ファミリーマート福井新木田,918-8013,福井市花堂東１丁目３－３０,0776-32-7955,福井市指令生衛第24-3-191号,8/30/24,10/31/29
1911,飲食店営業,その他,コンビニエンスストア,ファミリーマート福井森田,910-0123,福井市八重巻町９－２３－１,0776-56-1555,福井市指令生衛第24-3-80号,5/31/24,9/30/29
1912,飲食店営業,その他,スナック,ふぅ,910-0023,福井市順化２丁目２０－１３シャンティ片町ビル２Ｆ２０１号室,0776-63-6205,福井市指令生衛第22-4-418号,2/16/23,4/30/28
1913,飲食店営業,その他,中華,ふー　福井駅前フードホール　ＭＩＮＩＥ,910-0006,福井市中央１丁目３－５ＦＵＫＵＭＡＣＨＩ　ＢＬＯＣＫ　１Ｆ　ＭＩＮＩＥ　横丁１５,0776-37-3667,福井市指令生衛第23-3-442号,3/5/24,11/30/29
1914,飲食店営業,一般食堂・レストラン等,和食店,ぷーとん麺りん,918-8015,福井市花堂南２丁目１６－１ベル２Ｆ,0776-34-8180,福井市指令生衛第21-4-236号,9/8/21,10/31/26
1915,菓子製造業,菓子製造業,,ブーランジェリー　テト,910-0837,福井市高柳３丁目３９０１－１,0776-54-2060,福井市指令生衛第23-4-240号,10/12/23,12/31/28
1916,飲食店,社交飲食,,プールハウス　ケニーズ,918-8067,福井市飯塚町１３―１１８,0776-36-2560,福井市指令生衛第20-2-57号,4/23/20,5/31/25
1917,飲食店営業,一般食堂・レストラン等,レストラン,フェニックス　レストラン　ミール,910-0018,福井市田原１丁目１３－６フェニックスプラザ２Ｆ,0776-22-6177,福井市指令生衛第22-4-304号,11/22/22,2/29/28
1918,飲食店,軽食,,フォーレスト福井ゴルフクラブ　１５番コース売店,910-3252,福井市燈豊町４２－５３フォーレスト福井ゴルフクラブ１５番コース売店,0776-83-1118,福井市指令生衛第20-2-205号,7/16/20,7/31/25
1919,飲食店,軽食,,フォーレスト福井ゴルフクラブ　７番コース売店,910-3252,福井市燈豊町４２－５３フォーレスト福井ゴルフクラブ７番コース売店,0776-83-1118,福井市指令生衛第20-2-206号,7/16/20,7/31/25
1920,飲食店営業,一般食堂・レストラン等,食堂,フォーレスト福井ゴルフクラブ　レストラン,910-3252,福井市燈豊町４２－５３フォーレスト福井ゴルフクラブレストラン,0776-83-1118,福井市指令生衛第22-4-75号,6/14/22,7/31/27
1921,飲食店営業,その他,ワインバー,フォンデン,910-0023,福井市順化１丁目１３－１４フェニックスコート順化１Ｆ,0776-30-0006,福井市指令生衛第23-4-569号,3/19/24,3/31/29
1922,飲食店営業,一般食堂・レストラン等,ラーメン店,ふくいいちろくらーめん,910-0023,福井市順化２丁目２１－１７ライブリービル１Ｆ,,福井市指令生衛第22-4-394号,1/31/23,4/30/28
1923,食肉処理業,食肉処理業,,ふくいウエストサイドジビエの会,910-3513,福井市宿堂町１７－８,0776-97-2236,福井市指令生衛第23-4-4号,7/18/23,7/31/28
1924,飲食店営業,その他,カフェ,ふくいの山下商店,910-0852,福井市松城町１２－１７パリオＣＩＴＹ内１階,0776-25-8808,福井市指令生衛第23-3-60号,6/12/23,7/31/28
1925,麺類製造業,麺類製造業,,ふくいの山下商店,910-0852,福井市松城町１２－１７パリオＣＩＴＹ内１階,0776-25-8808,福井市指令生衛第23-3-61号,6/12/23,7/31/28
1926,飲食店営業,その他,軽食店,フクイレジャーランド　ワイプラザ店,910-0838,福井市新保北１丁目３０３ワイプラザＢ館２Ｆ,0776-57-0433,福井市指令生衛第22-4-264号,10/19/22,12/31/27
1927,飲食店営業,一般食堂・レストラン等,ラーメン,ふくい駅前　いちろくらーめん,910-0006,福井市中央１丁目２－１ハピリン２Ｆ,,福井市指令生衛第21-4-373号,9/29/21,11/30/26
1928,飲食店,軽食,,ふくい鮮市場　手摘屋,910-0836,福井市大和田１丁目１０１,0776-54-3350,福井市指令生衛第20-1-202号,8/26/20,12/31/25
1929,アイスクリーム類製造業,一般,,ふくい鮮市場　手摘屋,910-0836,福井市大和田１丁目１０１,0776-54-3350,福井市指令生衛第20-1-203号,8/26/20,12/31/25
1930,食品の小分け業,食品の小分け業,,ふくい鮮市場　手摘屋,910-0836,福井市大和田１丁目１０１,0776-54-3350,福井市指令生衛第23-3-260号,11/15/23,12/31/28
1931,飲食店営業,一般食堂・レストラン等,カフェ,ふくのいも,910-0843,福井市西開発１丁目２４０１,0776-76-3762,福井市指令生衛第22-3-386号,3/23/23,12/31/28
1932,菓子製造業,菓子製造業,,ふくのいも,910-0843,福井市西開発１丁目２４０１,0776-76-3762,福井市指令生衛第22-3-387号,3/23/23,12/31/29
1933,麺類製造業,麺類製造業,,ふくのいも,910-0843,福井市西開発１丁目２４０１,0776-76-3762,福井市指令生衛第22-3-388号,3/23/23,12/31/29
1934,冷凍食品製造業,冷凍食品製造業,,ふくのいも,910-0843,福井市西開発１丁目２４０１,0776-76-3762,福井市指令生衛第22-3-389号,3/23/23,12/31/29
1935,飲食店営業,その他,社員食堂,フクビ化学工業社員食堂,918-8585,福井市三十八社町３３－６６,0776-38-8001,福井市指令生衛第22-3-341号,2/24/23,10/31/28
1936,飲食店営業,その他,焼肉店,ふくよし,910-0016,福井市大宮１丁目１１－４４,0776-26-6509,福井市指令生衛第23-4-351号,12/12/23,1/31/29
1937,飲食店営業,一般食堂・レストラン等,和食店,ふく岡,910-0004,福井市宝永４丁目４－１５,0776-22-4244,福井市指令生衛第22-4-197号,10/4/22,11/30/27
1938,みそ又はしょうゆ製造業,みそ又はしょうゆ製造業,,フク醤油株式会社,910-0813,福井市中新田町８－５－５,0776-54-2929,福井市指令生衛第21-4-422号,11/10/21,12/31/26
1939,菓子製造業,一般,,ふじい農園,910-0126,福井市定正１丁目７０３,0776-56-0816,福井市指令生衛第20-1-391号,1/13/21,9/30/26
1940,飲食店営業,一般食堂・レストラン等,ステーキハウス,ブシェリ　片町,910-0023,福井市順化２丁目２１－１７ライブリービル２階,0776-29-2229,福井市指令生衛第21-4-742号,2/17/22,4/30/27
1941,食品の冷凍又は冷蔵業,一般,,フジノ食品株式会社　福井高木物流センター,910-0804,福井市高木中央２丁目３８１０,0776-57-2020,福井市指令生衛第19-2-605号,11/25/19,12/31/25
1942,そうざい製造業,そうざい製造業,,フジパン寿町売店,918-8004,福井市西木田２丁目９－９,0776-36-0690,福井市指令生衛第23-4-153号,7/25/23,10/31/29
1943,飲食店営業,一般食堂・レストラン等,韓国料理店,フットリフレ爽快　と　韓国料理　千千,918-8025,福井市江守中２丁目２６０７,0776-35-8639,福井市指令生衛第22-4-5号,4/27/22,5/31/27
1944,飲食店営業,その他,喫茶店,プティ・マミー,910-0018,福井市田原１丁目８－１８メゾン　ＤＥ　フェニックス　１Ｆ,0776-25-3397,福井市指令生衛第24-4-319号,12/10/24,2/28/30
1945,飲食店営業,旅館,レストラン,プティレストラン　シェ・サカイ,910-0859,福井市日之出１丁目１８－１ホテル京福　福井駅前　１階,,福井市指令生衛第22-3-11号,4/22/22,7/31/27
1946,そうざい製造業,そうざい製造業,,プティレストラン　シェ・サカイ,910-0859,福井市日之出１丁目１８－１ホテル京福　福井駅前　１階,,福井市指令生衛第22-3-12号,4/22/22,7/31/27
1947,菓子製造業,菓子製造業,,プティレストラン　シェ・サカイ,910-0859,福井市日之出１丁目１８－１ホテル京福　福井駅前　１階,0776-25-2207,福井市指令生衛第24-3-295号,11/1/24,7/31/30
1948,飲食店営業,その他,バー,ぷにぷに,910-0023,福井市順化１丁目１７－２３サンロイヤル片町ビル３０１号室,0776-97-8363,福井市指令生衛第23-4-423号,1/9/24,3/31/29
1949,飲食店,社交飲食,,ブライトン,910-0023,福井市順化１丁目７―５アルファー１ビル　２Ｆ,0776-28-3957,福井市指令生衛第20-2-904号,2/18/21,3/31/26
1950,飲食店営業,その他,バー,ブラウン　ライス　バー,910-0022,福井市花月２丁目１３－１７,0776-28-7778,福井市指令生衛第23-4-494号,2/6/24,4/30/29
1951,飲食店営業,その他,喫茶,ブラジリア,918-8015,福井市花堂南２丁目１０－２７,0776-35-2798,福井市指令生衛第24-4-177号,9/3/24,10/31/29
1952,飲食店,軽食,,プラス１,918-8005,福井市みのり４丁目１２―６,0776-35-3268,福井市指令生衛第20-2-368号,9/17/20,10/31/25
1953,飲食店営業,一般食堂・レストラン等,洋食,ブラッスリー　ルー（Ｂｒａｓｓｅｒｉｅ Ｌｏｕ）,910-0006,福井市中央３丁目１４－１２,0776-43-0799,福井市指令生衛第24-4-209号,10/10/24,11/30/29
1954,飲食店,軽食,,フラットキッチン,910-0023,福井市順化２丁目１６―１４,0776-97-5004,福井市指令生衛第20-2-971号,3/24/21,4/30/26
1955,飲食店営業,一般食堂・レストラン等,タイ料理店,プラトゥータイ,910-0017,福井市文京４丁目４－３２Ｆ,,福井市指令生衛第22-4-337号,12/20/22,2/29/28
1956,飲食店営業,一般食堂・レストラン等,フランス料理,フランス酒場　アンティーク,910-0006,福井市中央１丁目１２－１５,0776-43-9559,福井市指令生衛第23-3-413号,3/12/24,11/30/29
1957,飲食店営業,その他,軽食屋,フランダースフリッツ,910-0016,福井市大宮３丁目２０－１ホワイトハウス　１Ｆ,0776-92-0408,福井市指令生衛第21-3-77号,8/20/21,2/28/27
1958,菓子製造業,洋菓子,,フランダースフリッツ,910-0016,福井市大宮３丁目２０－１ホワイトハウス　１Ｆ,0776-92-0408,福井市指令生衛第21-3-283号,2/4/22,2/28/27
1959,菓子製造業,菓子製造業,,フランダースフリッツ工房　物流センター,910-0011,福井市経田１丁目７０６　１棟,0776-29-7066,福井市指令生衛第23-3-8号,4/18/23,1/31/30
1960,菓子製造業,菓子製造業,,フランダースフリッツ工房　物流センター　西開発,910-0843,福井市西開発４丁目７１１,0776-50-0262,福井市指令生衛第24-3-355号,1/24/25,12/31/31
1961,冷凍食品製造業,冷凍食品製造業,,フランダースフリッツ工房　物流センター　西開発,910-0843,福井市西開発４丁目７１１,0776-50-0262,福井市指令生衛第24-3-368号,1/30/25,12/31/31
1962,飲食店営業,その他,カフェ,フリーダ,918-8023,福井市西谷２丁目２３０７―１,0776-33-2284,福井市指令生衛第21-4-17号,6/1/21,5/31/27
1963,飲食店営業,その他,バー,ブリッジ,910-0006,福井市中央３丁目５－１２クラフトブリッジ３Ｆ,0776-30-0203,福井市指令生衛第24-4-210号,10/17/24,11/30/29
1964,飲食店営業,その他,喫茶店,プリネール,918-8008,福井市有楽町１５―１５,0776-35-4571,福井市指令生衛第21-4-234号,8/4/21,10/31/26
1965,飲食店,旅館,,ブルーシャトー,910-2222,福井市市波町５３―５５―１,0776-96-4731,福井市指令生衛第20-2-920号,2/18/21,8/31/26
1966,菓子製造業,菓子製造業,,フルーツギフト　オカイ,910-0836,福井市大和田２丁目１２１２エルパ１Ｆ,0776-57-2563,福井市指令生衛第23-4-298号,10/31/23,12/31/28
1967,菓子製造業,菓子製造業,,フルーツギフトオカイ,910-0836,福井市大和田２丁目１２１２ラブリーパートナーエルパ　１Ｆ,0776-57-2563,福井市指令生衛第24-3-185号,8/23/24,12/31/29
1968,飲食店営業,その他,フルーツサンドテイクアウト店,フルーツサンド纏　福井店,910-0034,福井市菅谷２丁目７－１０菅谷ビル１０２号室,,福井市指令生衛第22-3-355号,2/22/23,2/29/28
1969,飲食店,軽食,,フルーツのウメダ　福井飯塚店　「ヴェルジュ」,918-8067,福井市飯塚町１１－１１１ＭＥＧＡドン・キホーテＵＮＹ福井店　1Ｆ,0776-33-6604,福井市指令生衛第19-1-327号,11/22/19,5/31/25
1970,アイスクリーム類製造業,一般,,フルーツのウメダ　福井飯塚店　「ヴェルジュ」,918-8067,福井市飯塚町１１－１１１ＭＥＧＡドン・キホーテＵＮＹ福井店　1Ｆ,0776-33-6604,福井市指令生衛第19-1-328号,11/22/19,5/31/25
1971,菓子製造業,一般,,フルーツのウメダ　福井飯塚店　「ヴェルジュ」,918-8067,福井市飯塚町１１－１１１ＭＥＧＡドン・キホーテＵＮＹ福井店　1Ｆ,0776-33-6604,福井市指令生衛第19-1-329号,11/22/19,5/31/25
1972,菓子製造業,一般,,フルーツのウメダ駅前本店,910-0006,福井市中央１丁目９－２３,0776-24-1250,福井市指令生衛第20-1-504号,4/9/21,11/30/27
1973,アイスクリーム類製造業,アイスクリーム類製造業,,フルーツのウメダ駅前本店,910-0006,福井市中央１丁目９－２３,0776-24-1250,福井市指令生衛第23-4-192号,11/14/23,11/30/29
1974,飲食店営業,その他,カラオケ喫茶、スナック,ブルーライト・あさこ,910-0017,福井市文京７丁目８－１,,福井市指令生衛第24-4-301号,12/10/24,1/31/30
1975,飲食店営業,その他,居酒屋,ふる里,910-0028,福井市学園２丁目５－５岡本マンション１Ｆ,0776-28-6818,福井市指令生衛第21-3-220号,10/24/22,2/29/28
1976,飲食店,軽食,,プレスイン,918-8231,福井市問屋町１丁目35ユニオンプラザ１Ｆ,,福井市指令生衛第20-2-245号,6/26/20,7/31/25
1977,そうざい製造業,一般,,フレンチ・デリ・ファヴォリ,910-0024,福井市照手４丁目６－１７,0776-97-9610,福井市指令生衛第20-1-236号,9/28/20,4/30/27
1978,水産製品製造業,水産製品製造業,,フレンチ・デリ・ファヴォリ,910-0024,福井市照手４丁目６－１７,0776-97-9610,福井市指令生衛第23-4-554号,3/26/24,4/30/30
1979,飲食店営業,仕出し屋・弁当屋,惣菜業,フレンチ・デリ・ファヴォリ,910-0024,福井市照手４丁目６－１７,0776-97-9610,福井市指令生衛第24-4-449号,2/18/25,4/30/30
1980,飲食店営業,一般食堂・レストラン等,洋食店,フレンチ洋食ささぶね,910-0067,福井市新田塚１丁目４０－６,0776-27-2180,福井市指令生衛第23-4-253号,10/19/23,1/31/29
1981,飲食店営業,仕出し屋・弁当屋,スーパーマーケット,フレンドマート　開発店,910-0843,福井市西開発２丁目１０１－１,0776-91-1750,福井市指令生衛第22-4-234号,10/27/22,12/31/28
1982,飲食店営業,仕出し屋・弁当屋,スーパーマーケット,フレンドマート　開発店,910-0843,福井市西開発２丁目１０１－１,0776-91-1750,福井市指令生衛第22-4-235号,10/27/22,12/31/28
1983,食肉販売業,食肉販売業,,フレンドマート　開発店,910-0843,福井市西開発２丁目１０１－１,0776-91-1750,福井市指令生衛第22-4-236号,10/27/22,12/31/28
1984,魚介類販売業,魚介類販売業,,フレンドマート　開発店,910-0843,福井市西開発２丁目１０１－１,0776-91-1750,福井市指令生衛第22-4-237号,10/27/22,12/31/28
1985,飲食店営業,その他,スーパーマーケット,フレンドマート　開発店,910-0843,福井市西開発２丁目１０１－１,0776-91-1750,福井市指令生衛第23-3-153号,8/25/23,12/31/29
1986,菓子製造業,菓子製造業,スーパー,フレンドマート　開発店,910-0843,福井市西開発２丁目１０１－１,0776-91-1750,福井市指令生衛第23-4-273号,10/26/23,12/31/28
1987,菓子製造業,パン,,ふわこっぺ福井やしろ店,918-8026,福井市渕４丁目７０４社中央会館１０１,0776-84-8889,福井市指令生衛第22-3-4号,4/18/22,5/31/27
1988,飲食店,軽食,,ブンナ,910-0023,福井市順化１丁目８―１０福井県繊維卸商会館　１Ｆ,0776-25-2605,福井市指令生衛第20-2-912号,2/18/21,3/31/26
1989,飲食店営業,一般食堂・レストラン等,和食店,ぶんぶく,918-8007,福井市足羽１丁目６－１２,0776-35-7501,福井市指令生衛第23-4-151号,7/25/23,10/31/28
1990,飲食店営業,その他,喫茶店,ブンブン,910-0033,福井市三郎丸２丁目９０５－２,0776-22-6013,福井市指令生衛第21-4-547号,12/2/21,2/28/27
1991,菓子製造業,菓子製造業,,ベイクオカジマ,918-8239,福井市成和１丁目７０９ＳＵＺＵＫＩビル　１Ｆ,0776-27-2420,福井市指令生衛第24-4-49号,5/7/24,7/31/29
1992,飲食店営業,一般食堂・レストラン等,南欧料理（イタリアン）店,ペスカトーレ,918-8204,福井市南四ツ居１丁目１４―３,0776-53-4550,福井市指令生衛第21-4-121号,6/16/21,7/31/26
1993,飲食店,社交飲食,,ベトナム　Ｎｈａ　Ｔｒａｎｇ,910-0023,福井市順化１丁目２４－１９郡ビル２Ｆ６号室,0776-97-9332,福井市指令生衛第19-1-265号,10/4/19,3/31/25
1994,飲食店営業,一般食堂・レストラン等,ベトナム料理,ベトナムレストラン,910-0006,福井市中央１丁目１２－９マエナミビル２Ｆ,0776-29-0833,福井市指令生衛第21-3-206号,12/13/21,11/30/27
1995,飲食店,社交飲食,,ベリーグッドバークラシック,910-0023,福井市順化１丁目１０―１５サエラビル２Ｆ,0776-29-1171,福井市指令生衛第20-2-843号,2/18/21,3/31/26
1996,飲食店営業,一般食堂・レストラン等,洋食喫茶,ペリカン,910-0854,福井市御幸４丁目２０－８,0776-22-6648,福井市指令生衛第24-4-125号,7/16/24,7/31/29
1997,菓子製造業,菓子製造業,,ベルナール飯塚,918-8067,福井市飯塚町１１－１１１ＭＥＧＡドン・キホーテＵＮＹ内　１Ｆ,0776-33-6602,福井市指令生衛第23-4-550号,3/14/24,5/31/29
1998,飲食店,軽食,,ヘレン,918-8239,福井市成和１丁目1426,,福井市指令生衛第20-2-182号,7/16/20,7/31/25
1999,飲食店,社交飲食,,べんがら屋,910-0006,福井市中央３丁目３―１０,0776-27-4370,福井市指令生衛第20-2-520号,10/19/20,11/30/25
2000,飲食店営業,その他,スナック,ペントハウス・リー,910-0023,福井市順化１丁目１６－１０シャトレー片町５Ｆ５０１,0776-24-8326,福井市指令生衛第21-4-677号,2/9/22,3/31/27
2001,飲食店営業,その他,集団給食施設,ホーカベレディースクリニック食堂,918-8002,福井市左内町１０－１１ホーカベレディースクリニック２Ｆ,0776-33-0628,福井市指令生衛第23-4-184号,8/31/23,10/31/29
2002,飲食店営業,その他,喫茶店,ほおずき,918-8239,福井市成和２丁目９０６,0776-25-1158,福井市指令生衛第21-4-72号,6/2/21,7/31/26
2003,飲食店営業,その他,喫茶,ホームズ,918-8218,福井市河増町２１－６０－３,0776-52-1185,福井市指令生衛第23-4-120号,7/4/23,7/31/28
2004,飲食店営業,仕出し屋・弁当屋,持ち帰り寿し,ほがらか寿し　みゆき店,910-0854,福井市御幸１丁目１９―３,0776-22-6343,福井市指令生衛第21-4-94号,6/24/21,7/31/26
2005,飲食店,仕出し弁当,,ほがらか寿し　丸山店,910-0844,福井市長本町105ロイヤルハイツナガモト１０１,0776-52-0453,福井市指令生衛第19-2-597号,11/25/19,12/31/25
2006,そうざい製造業,そうざい製造業,,ほがらか寿し　新保工場,910-0833,福井市新保３丁目２２１８,0776-53-1110,福井市指令生衛第24-4-222号,10/16/24,12/31/30
2007,飲食店,仕出し弁当,,ほがらか寿し　二の宮店,910-0015,福井市二の宮２丁目８―６３,0776-29-0141,福井市指令生衛第19-2-598号,11/25/19,1/31/26
2008,食肉製品製造業,一般,,ホクチク株式会社,918-8231,福井市問屋町１丁目15,0776-21-3360,福井市指令生衛第19-2-202号,6/20/19,7/31/26
2009,食肉処理業,一般,,ホクチク株式会社,918-8231,福井市問屋町１丁目15,0776-21-3360,福井市指令生衛第19-2-203号,6/20/19,7/31/26
2010,食肉販売業,一般,,ホクチク株式会社,918-8231,福井市問屋町１丁目15,0776-21-3360,福井市指令生衛第19-1-118号,6/20/19,7/31/26
2011,飲食店営業,その他,喫茶店,ボストン,918-8063,福井市大瀬町２４―８―３,0776-35-8877,福井市指令生衛第21-4-19号,6/1/21,5/31/27
2012,飲食店営業,その他,カフェ,ほっｃａｆｅ,918-8057,福井市加茂河原２丁目１０－１６,0776-36-8381,福井市指令生衛第24-3-161号,7/22/24,5/31/30
2013,菓子製造業,菓子製造業,,ほっｃａｆｅ,918-8057,福井市加茂河原２丁目１０－１６,0776-36-8381,福井市指令生衛第24-3-162号,7/22/24,5/31/30
2014,飲食店営業,仕出し屋・弁当屋,弁当屋,ほっかほっか亭　江守中店,918-8025,福井市江守中２丁目１９０６,0776-35-7890,福井市指令生衛第21-4-9号,6/1/21,5/31/28
2015,飲食店,軽食,,ほっとカフェ,918-8112,福井市下馬１丁目１１０２,0776-36-2135,福井市指令生衛第20-2-373号,9/17/20,10/31/25
2016,飲食店営業,仕出し屋・弁当屋,弁当屋,ほっともっと　福井渕４丁目店,918-8026,福井市渕４丁目１９０６,0776-35-5255,福井市指令生衛第23-3-205号,10/1/23,5/31/30
2017,飲食店営業,仕出し屋・弁当屋,仕出し,ほっともっと福井花月店,910-0022,福井市花月３丁目６－１３,0776-28-6715,福井市指令生衛第23-4-481号,2/6/24,4/30/30
2018,飲食店営業,仕出し屋・弁当屋,仕出し,ほっともっと福井森田店,910-0151,福井市栄町１６－２,0776-56-1540,福井市指令生衛第23-4-83号,6/22/23,9/30/29
2019,飲食店営業,一般食堂・レストラン等,食堂,ほていや食堂,910-0006,福井市中央１丁目１２－６,0776-23-4626,福井市指令生衛第23-4-219号,9/19/23,11/30/28
2020,飲食店営業,旅館,ホテル,ホテル　Ａ/Ｃ/Ｅ,910-0842,福井市開発４丁目２０２,0776-52-0580,福井市指令生衛第22-4-277号,11/8/22,12/31/27
2021,飲食店営業,旅館,ホテル,ホテル　Ａｎ（アン）,910-0842,福井市開発４丁目５００,0776-54-0580,福井市指令生衛第21-4-510号,12/16/21,12/31/26
2022,飲食店,旅館,,ホテル　ＢＥＢＥ,910-0843,福井市西開発４丁目６１４,0776-54-3828,福井市指令生衛第20-2-624号,11/26/20,12/31/25
2023,飲食店営業,旅館,ホテル,ホテル　Ｌａ．Ｌａ．Ｌａ,910-0842,福井市開発４丁目４０３,0776-53-5770,福井市指令生衛第21-4-430号,10/20/21,12/31/26
2024,飲食店,旅館,,ホテル　コンチネンタル福井高木店,910-0804,福井市高木中央２丁目3206,0776-54-3722,福井市指令生衛第19-2-480号,11/25/19,12/31/25
2025,飲食店営業,旅館,ホテル業,ホテル　フクイキャッスル,910-0005,福井市大手２丁目１９－５,0776-23-7700,福井市指令生衛第21-4-367号,9/21/21,11/30/26
2026,飲食店営業,旅館,ホテル,ホテル　ラララ　ウエスト,910-0843,福井市西開発４丁目９０６,0776-54-0223,福井市指令生衛第21-4-429号,10/20/21,12/31/26
2027,飲食店営業,旅館,洋食店,ホテル　リバージュアケボノ,910-0006,福井市中央３丁目１０－１２,0776-22-1000,福井市指令生衛第21-4-345号,9/16/21,11/30/26
2028,飲食店営業,旅館,旅館,ホテル　ルナ,918-8015,福井市花堂南２丁目１３―６,0776-36-0685,福井市指令生衛第21-4-318号,9/7/21,10/31/26
2029,飲食店営業,その他,ホテル,ホテルＭＯＴ,918-8104,福井市板垣３丁目１７０５,0776-35-5577,福井市指令生衛第24-4-171号,10/21/24,10/31/29
2030,飲食店営業,一般食堂・レストラン等,レストラン,ホテルエコノ　福井駅前,910-0859,福井市日之出１丁目１－１７ホテルエコノ福井駅前２Ｆ,0776-23-5300,福井市指令生衛第21-4-132号,7/5/21,7/31/26
2031,飲食店営業,旅館,ホテル,ホテルコンチネンタル　福井大和田店,910-0842,福井市開発５丁目１８１１,0776-52-6969,福井市指令生衛第21-4-457号,11/24/21,12/31/27
2032,魚介類販売業,魚介類販売業,,ホテル割烹　石丸,910-3402,福井市鮎川町９４－８－１,0776-88-2225,福井市指令生衛第24-4-103号,6/12/24,7/31/29
2033,そうざい製造業,そうざい製造業,,ホテル割烹　石丸,910-3402,福井市鮎川町９４－８－１,0776-88-2225,福井市指令生衛第24-4-102号,6/12/24,7/31/29
2034,飲食店営業,旅館,旅館,ホテル割烹　石丸,910-3402,福井市鮎川町９４－８－１,0776-88-2225,福井市指令生衛第24-4-101号,6/12/24,7/31/29
2035,飲食店営業,その他,社交飲食,ホテル割烹　石丸　ラウンジ浜涛,910-3402,福井市鮎川町９４－８－１２Ｆ,0776-88-2225,福井市指令生衛第24-4-104号,6/12/24,7/31/29
2036,菓子製造業,一般,,ポドテ,910-0855,福井市西方２丁目１―２４,0776-26-7038,福井市指令生衛第20-2-193号,7/27/20,7/31/25
2037,飲食店,仕出し弁当,,ボナペティ,910-0804,福井市高木中央２丁目１７１２美くに内,0776-57-1118,福井市指令生衛第20-1-38号,4/23/20,12/31/25
2038,飲食店営業,その他,カラオケ喫茶、スナック,ポプラの樹,910-0017,福井市文京６丁目１７－８ツインロワイヤル　１Ｆ,0776-27-2558,福井市指令生衛第24-4-337号,1/14/25,1/31/30
2039,飲食店営業,一般食堂・レストラン等,そば店,ポポー軒,910-0023,福井市順化１丁目６－３本町中央ビル１Ｆ　南西角,0776-97-6906,福井市指令生衛第21-4-689号,2/15/22,3/31/27
2040,飲食店営業,一般食堂・レストラン等,イタリア料理店,ポポラーレ,910-0056,福井市里別所新町２１１,0776-28-3188,福井市指令生衛第22-4-239号,11/2/22,1/31/28
2041,飲食店,社交飲食,,ほまれ寿司／牛成,910-0006,福井市中央１丁目８－１西武福井店８階,0776-23-6415,福井市指令生衛第21-1-12号,4/16/21,11/30/26
2042,飲食店営業,その他,バー,ホリチャン,910-0023,福井市順化１丁目１７－２３サンロイヤル片町１０１,0776-28-0090,福井市指令生衛第21-3-61号,8/6/21,3/31/27
2043,飲食店営業,その他,居酒屋,ほり呑み家,910-0032,福井市堀ノ宮１丁目１１９,0776-29-0789,福井市指令生衛第23-4-372号,12/14/23,2/28/29
2044,飲食店営業,一般食堂・レストラン等,レストラン,ポルボロン・Ｐｏｌｖｏ大和田店,910-0818,福井市堂島町１０５,0776-43-6197,福井市指令生衛第23-4-276号,11/1/23,12/31/29
2045,飲食店営業,その他,鍋屋,ホルモンまっちゃん,910-0015,福井市二の宮１丁目１－１６二の宮ＳテナントＢ,,福井市指令生衛第22-3-156号,8/30/22,1/31/28
2046,飲食店営業,一般食堂・レストラン等,焼肉店,ホルモン屋まこっちゃん,910-0804,福井市高木中央１丁目２４１０,0776-52-0178,福井市指令生衛第22-4-233号,11/8/22,12/31/27
2047,飲食店,仕出し弁当,,ホルモン学園,910-0028,福井市学園１丁目２－１２学園ビル１Ｆ　１０６、１０７,0776-97-6689,福井市指令生衛第20-1-50号,5/1/20,2/28/26
2048,食肉販売業,一般,,ホルモン学園,910-0028,福井市学園１丁目２－１２学園ビル１Ｆ　１０６、１０７,0776-97-6689,福井市指令生衛第20-1-51号,5/1/20,2/28/26
2049,飲食店,食堂,,ホルモン喜八　花堂店,918-8012,福井市花堂北１丁目１２―２５,0776-34-2929,福井市指令生衛第19-2-352号,10/4/19,10/31/25
2050,飲食店営業,その他,焼肉屋,ホルモン喜八　開発店,910-0842,福井市開発４丁目４０７－３,0776-57-1029,福井市指令生衛第24-4-249号,10/31/24,12/31/29
2051,飲食店営業,一般食堂・レストラン等,焼肉屋,ホルモン喜八やしろ,918-8031,福井市種池２丁目６０７,0776-50-6636,福井市指令生衛第21-3-102号,9/3/21,5/31/27
2052,飲食店,軽食,,ボロ,910-0015,福井市二の宮１丁目１３－４,0776-21-6532,福井市指令生衛第20-1-314号,11/10/20,1/31/26
2053,飲食店,軽食,,ホロイムア,918-8058,福井市加茂緑苑町６０９－３,0776-43-1266,福井市指令生衛第20-1-308号,11/9/20,5/31/26
2054,菓子製造業,一般,,ポワール　花月店,910-0022,福井市花月２丁目５－１４,0776-27-6189,福井県指令生衛第9610713号,3/22/19,4/30/25
2055,飲食店,仕出し弁当,,ポワール　花月店,910-0022,福井市花月２丁目５－１４,0776-27-6189,福井県指令福保第9610712号,3/22/19,4/30/25
2056,菓子製造業,一般,,ポワール　二の宮店,910-0015,福井市二の宮４丁目４７－２２,0776-24-5219,福井市指令生衛第19-2-490号,11/25/19,1/31/26
2057,飲食店,仕出し弁当,,ポワール　二の宮店,910-0015,福井市二の宮４丁目４７－２２,0776-24-5219,福井市指令生衛第19-2-489号,11/25/19,1/31/26
2058,菓子製造業,菓子製造業,,ボンジョルノ,910-0121,福井市定正町１３１５－２,0776-55-7110,福井市指令生衛第22-4-126号,7/7/22,9/30/27
2059,飲食店営業,その他,居酒屋,ぼんた本店,910-0015,福井市二の宮２丁目８－７５,0776-22-2235,福井市指令生衛第21-4-540号,11/25/21,1/31/27
2060,飲食店営業,一般食堂・レストラン等,お好み焼店,ぼんぼん,910-0804,福井市高木中央１丁目２００１－３,0776-54-9918,福井市指令生衛第22-4-220号,11/8/22,12/31/27
2061,菓子製造業,菓子製造業,,ボンマルシェ,910-0837,福井市高柳１丁目１７０１,0776-53-2761,福井市指令生衛第22-4-273号,11/10/22,12/31/27
2062,飲食店営業,一般食堂・レストラン等,食堂,マージャン絹化,918-8239,福井市成和１丁目１２４３,0776-23-3460,福井市指令生衛第23-4-14号,5/2/23,7/31/29
2063,飲食店,軽食,,まあるカフェ,910-0063,福井市灯明寺３丁目３５１１,0776-50-2885,福井市指令生衛第20-1-113号,6/19/20,1/31/27
2064,菓子製造業,菓子製造業,,マーレ　マルシェ,910-3404,福井市大丹生町７０－３,0776-88-2323,福井市指令生衛第21-3-305号,3/11/22,7/31/27
2065,飲食店営業,一般食堂・レストラン等,食堂,まいどおおきに　福井二の宮食堂,910-0015,福井市二の宮５丁目７－２３,0776-21-0073,福井市指令生衛第22-4-263号,11/15/22,1/31/28
2066,飲食店営業,一般食堂・レストラン等,食堂,まがり食堂,910-0019,福井市春山１丁目１－５４春山合同庁舎１Ｆ,,福井市指令生衛第23-3-51号,5/19/23,4/30/30
2067,菓子製造業,菓子製造業,,マキノベーカリー,910-0021,福井市乾徳４丁目６－２８,,福井市指令生衛第24-4-307号,1/23/25,1/31/30
2068,飲食店営業,その他,ハンバーガーショップ,マクドナルド　８号線福井店,918-8206,福井市北四ツ居町６０４,0776-53-0058,福井市指令生衛第22-4-89号,5/25/22,7/31/28
2069,飲食店営業,その他,ファーストフード,マクドナルド　花堂店,918-8014,福井市花堂中２丁目２７－８,0776-34-8820,福井市指令生衛第21-4-269号,8/11/21,10/31/27
2070,飲食店営業,その他,ファーストフード店,マクドナルド　福井ＭＥＧＡドン・キホーテＵＮＹ店,918-8067,福井市飯塚町１１－１１１,0776-33-7533,福井市指令生衛第21-4-785号,3/16/22,5/31/27
2071,飲食店営業,その他,ハンバーガー店,マクドナルド　福井ワイプラザ店,910-0838,福井市新保北１丁目３０３ワイプラザ店内,0776-52-7167,福井市指令生衛第24-4-214号,10/15/24,12/31/29
2072,飲食店営業,その他,ファストフード店,マクドナルド　福井駅店,910-0006,福井市中央１丁目１－２５くるふ福井駅㊵,0776-37-3229,福井市指令生衛第23-3-330号,2/21/24,11/30/29
2073,飲食店営業,その他,ハンバーガー店,マクドナルド　福井新田塚店,910-0015,福井市二の宮５丁目１８－２０,0776-22-2615,福井市指令生衛第24-4-253号,11/7/24,1/31/30
2074,飲食店営業,その他,ファーストフード店,マクドナルド　福井大和田アピタ店,910-0836,福井市大和田２丁目１２３０,0776-57-2108,福井市指令生衛第23-4-295号,10/31/23,12/31/28
2075,飲食店営業,その他,ファーストフード,マクドナルド　福井南ワイプラザ店,918-8114,福井市羽水２丁目７１７,0776-33-1521,福井市指令生衛第21-4-265号,8/24/21,10/31/26
2076,飲食店営業,その他,ファーストフード店,マクドナルド福井若杉店,918-8055,福井市若杉４丁目７１０,0776-36-0663,福井市指令生衛第23-4-491号,3/27/24,5/31/29
2077,飲食店,めん類,,まくり屋,910-0843,福井市西開発１丁目２５０６,0776-52-5007,福井市指令生衛第19-2-511号,11/25/19,12/31/25
2078,飲食店営業,仕出し屋・弁当屋,高齢者向け配食業,まごころ弁当　福井本店,910-0011,福井市経田１丁目１０８－４,0776-21-0067,福井市指令生衛第24-3-6号,4/23/24,1/31/30
2079,菓子製造業,菓子製造業,,マザーキッチン,910-0824,福井市間山町３－５８ＲＤＣ内１Ｆ,0776-52-2010,福井市指令生衛第24-4-21号,5/8/24,7/31/30
2080,飲食店営業,その他,焼肉店,まさ家,910-0026,福井市光陽４丁目１－２６,0776-89-1552,福井市指令生衛第23-4-395号,1/16/24,2/28/29
2081,飲食店営業,その他,和食店,まさ季,918-8015,福井市花堂南１丁目９－１５,0776-35-8380,福井市指令生衛第23-4-159号,8/17/23,10/31/28
2082,飲食店営業,その他,喫茶店,ますとｃａｆｅ,910-0804,福井市高木中央３丁目１９０５,,福井市指令生衛第21-3-169号,11/22/21,12/31/26
2083,飲食店営業,その他,カラオケ、喫茶,まちかど,910-0804,福井市高木中央１丁目２００４－２,0776-53-7535,福井市指令生衛第24-4-325号,12/17/24,12/31/29
2084,飲食店営業,一般食堂・レストラン等,割烹料理,まちの都,910-0023,福井市順化１丁目１８－１アサンテ片町１Ｆ,0776-65-6042,福井市指令生衛第24-3-138号,7/12/24,3/31/30
2085,飲食店営業,仕出し屋・弁当屋,製造販売業,マックスバリュエクスプレス福井北四ツ居店,918-8205,福井市北四ツ居１丁目２５－１,,福井市指令生衛第21-3-194号,11/29/21,7/31/28
2086,飲食店営業,その他,タコライス屋,まっしろ,910-0006,福井市中央１丁目３－５ＦＵＫＵＭＡＣＨＩ　ＢＬＯＣＫ　１Ｆ　ＭＩＮＩＥ　ＦＨ１８,,福井市指令生衛第23-3-377号,2/26/24,11/30/29
2087,そうざい製造業,そうざい製造業,,まっしろ,910-0006,福井市中央１丁目３－５ＦＵＫＵＭＡＣＨＩ　ＢＬＯＣＫ　１Ｆ　ＭＩＮＩＥ　ＦＨ１８,,福井市指令生衛第24-3-249号,9/19/24,11/30/29
2088,飲食店営業,その他,バー,マッドハウス,910-0023,福井市順化１丁目１７－１５オリエンタル５ビル　５Ｆ,,福井市指令生衛第24-3-97号,6/3/24,3/31/30
2089,飲食店営業,その他,焼肉,まつもと,910-0005,福井市大手２丁目３４１１屋台村Ｊ,,福井市指令生衛第23-3-320号,1/30/24,11/30/29
2090,飲食店,軽食,,マティエール,910-0023,福井市順化１丁目１２―５,0776-63-6118,福井市指令生衛第20-2-853号,2/18/21,3/31/26
2091,飲食店営業,その他,居酒屋,まねき屋,910-0023,福井市順化１丁目１０－９ドリームタウンビル１Ｆ１０２,0776-28-0320,福井市指令生衛第21-4-741号,2/22/22,3/31/27
2092,そうざい製造業,そうざい製造業,,まほろば,918-8026,福井市渕４丁目２０７社中央ビル６号室,,福井市指令生衛第21-3-338号,4/15/22,5/31/27
2093,飲食店営業,一般食堂・レストラン等,ラーメン店,まほろば,918-8026,福井市渕４丁目２０７社中央ビル６号室,,福井市指令生衛第23-4-565号,4/4/24,5/31/29
2094,飲食店,食堂,,まま処　さと,918-8024,福井市舞屋町２―６―５,0776-35-6804,福井市指令生衛第20-2-62号,4/23/20,5/31/25
2095,飲食店,軽食,,マミイ,918-8016,福井市江端町３２－６６－１,0776-38-3715,福井市指令生衛第20-2-404号,9/17/20,10/31/25
2096,菓子製造業,菓子製造業,,まめだまめお,910-0138,福井市東森田４丁目７２３,0776-50-2539,福井市指令生衛第24-4-96号,7/2/24,9/30/29
2097,飲食店営業,その他,カフェ,まめだまめお,910-0138,福井市東森田４丁目７２３,0776-50-2539,福井市指令生衛第24-4-95号,7/2/24,9/30/29
2098,飲食店,仕出し弁当,,マルサパン,910-0858,福井市手寄１丁目１６－６,0776-21-3695,福井市指令生衛第20-2-160号,6/26/20,7/31/25
2099,菓子製造業,一般,,マルサパン,910-0858,福井市手寄１丁目１６－６,0776-21-3695,福井市指令生衛第20-2-161号,6/26/20,7/31/25
2100,飲食店営業,一般食堂・レストラン等,居酒屋,まるさん屋　福井片町店,910-0023,福井市順化２丁目１９－１９,0776-43-0991,福井市指令生衛第21-4-731号,2/15/22,4/30/28
2101,そうざい製造業,そうざい製造業,,まるさん屋　福井片町店,910-0023,福井市順化２丁目１９－１９,0776-43-0991,福井市指令生衛第21-4-732号,2/15/22,4/30/28
2102,水産製品製造業,水産製品製造業,,マルサン田村水産,910-3553,福井市蒲生町１１－４－５,0776-89-2116,福井市指令生衛第21-4-223号,7/30/21,7/31/26
2103,菓子製造業,菓子製造業,,マルツパン,910-0003,福井市松本２丁目３７－１４,0776-22-5964,福井市指令生衛第24-4-297号,12/19/24,1/31/30
2104,みそ又はしょうゆ製造業,みそ又はしょうゆ製造業,,マルナガ商店,910-0859,福井市日之出３丁目６―３,0776-24-2267,福井市指令生衛第21-4-111号,6/16/21,7/31/26
2105,菓子製造業,菓子製造業,,マルミ青果,910-0836,福井市大和田１丁目１０１青果小分包装場内,0776-53-1133,福井市指令生衛第23-3-224号,12/1/23,12/31/28
2106,密封包装食品製造業,密封包装食品製造業,,マルミ青果,910-0836,福井市大和田１丁目１０１青果小分包装場内,0776-53-1133,福井市指令生衛第23-3-225号,12/1/23,12/31/28
2107,菓子製造業,菓子製造業,,マロン洋菓子,918-8214,福井市東今泉町５－１３－５,0776-53-1628,福井市指令生衛第23-4-16号,5/9/23,7/31/28
2108,飲食店営業,その他,居酒屋,まんざらや,910-0064,福井市新田塚町７０１－３Ｎファインシティビル１Ｆ,0776-27-5733,福井市指令生衛第21-3-120号,9/24/21,1/31/27
2109,飲食店営業,一般食堂・レストラン等,居酒屋,マンナ,910-0023,福井市順化１丁目２３－３順化バレンシア１Ｆ,0776-29-7737,福井市指令生衛第21-4-664号,2/3/22,3/31/27
2110,飲食店営業,一般食堂・レストラン等,居酒屋,まんぼう,910-0023,福井市順化１丁目１５－９スカイパレスビル１０１,0776-91-1102,福井市指令生衛第21-3-278号,1/26/22,3/31/27
2111,菓子製造業,菓子製造業,,まんまや,910-2155,福井市浄教寺町３－７２,0776-43-2223,福井市指令生衛第24-4-83号,7/4/24,8/31/29
2112,そうざい製造業,そうざい製造業,,まんまや,910-2155,福井市浄教寺町３－７２,0776-43-2223,福井市指令生衛第24-4-97号,7/4/24,8/31/29
2113,菓子製造業,一般,,まンまや　おちょｋｉｔｃｈｅｎ,910-0859,福井市日之出２丁目７－１６,0776-21-8181,福井県指令福保第1810421号,9/18/18,7/31/25
2114,飲食店営業,一般食堂・レストラン等,食堂,まンまや　おちょｋｉｔｃｈｅｎ,910-0859,福井市日之出２丁目７－１６,0776-21-8181,福井市指令生衛第22-4-10号,5/12/22,7/31/27
2115,飲食店営業,その他,カフェ,みぃつカフェ,910-0015,福井市二の宮２丁目２５－８,0776-43-1433,福井市指令生衛第22-3-246号,11/25/22,1/31/28
2116,菓子製造業,菓子製造業,,みぃつカフェ,910-0015,福井市二の宮２丁目２５－８,0776-43-1433,福井市指令生衛第22-3-247号,11/25/22,1/31/28
2117,飲食店営業,仕出し屋・弁当屋,弁当屋,ミートデリカ　つるや,918-8067,福井市飯塚町１１―１１１ＭＥＧＡドン・キホーテＵＮＹ福井店　１Ｆ,0776-33-6626,福井市指令生衛第21-4-24号,6/1/21,5/31/27
2118,飲食店営業,一般食堂・レストラン等,焼肉,みさや,910-0017,福井市文京３丁目３－１１,0776-23-2357,福井市指令生衛第21-3-262号,1/13/22,2/28/27
2119,飲食店,軽食,,みずき,910-0845,福井市志比口２丁目４―１０,0776-52-5350,福井市指令生衛第20-2-157号,7/16/20,7/31/25
2120,飲食店,仕出し弁当,,ミスターデ・ヴ,910-0023,福井市順化１丁目１７―５キムラビル３Ｆ,0776-25-1328,福井市指令生衛第20-2-883号,2/18/21,3/31/27
2121,飲食店,軽食,,ミスタードーナツ　パリオショップ,910-0852,福井市松城町１２―７パリオ　１Ｆ,0776-25-8823,福井市指令生衛第20-2-164号,6/26/20,7/31/25
2122,菓子製造業,一般,,ミスタードーナツ　パリオショップ,910-0852,福井市松城町１２―７パリオ　１Ｆ,0776-25-8823,福井市指令生衛第20-2-165号,6/26/20,7/31/25
2123,菓子製造業,一般,,ミスタードーナツ　ワッセショップ,918-8047,福井市久喜津町５２－１１,0776-33-6550,福井市指令生衛第19-2-77号,4/24/19,5/31/25
2124,飲食店営業,その他,ドーナツ店,ミスタードーナツ　ワッセショップ,918-8047,福井市久喜津町５２－１１,0776-33-6550,福井市指令生衛第21-4-811号,4/7/22,5/31/27
2125,飲食店営業,その他,ドーナツ店,ミスタードーナツ　福井エルパショップ,910-0836,福井市大和田２丁目１２１２エルパ１Ｆ,0776-57-2585,福井市指令生衛第21-4-465号,11/9/21,12/31/26
2126,飲食店営業,その他,ドーナツ店,ミスタードーナツ　福井ベルショップ,918-8015,福井市花堂南２丁目１６－１ベル１Ｆ,0776-36-2680,福井市指令生衛第21-4-297号,8/26/21,10/31/26
2127,菓子製造業,菓子製造業,,ミスタードーナツ　福井ベルショップ,918-8015,福井市花堂南２丁目１６－１ベル１Ｆ,0776-36-2680,福井市指令生衛第24-4-132号,7/30/24,10/31/30
2128,飲食店営業,その他,ドーナツ店,ミスタードーナツ　福井二の宮店,910-0015,福井市二の宮３丁目２７－２２,0776-21-4556,福井市指令生衛第22-4-267号,10/21/22,1/31/28
2129,飲食店営業,その他,ドーナツ店,ミスタードーナツ　堀の宮ショップ,910-0017,福井市文京６丁目３３－２,0776-23-4308,福井市指令生衛第22-4-300号,11/30/22,1/31/28
2130,飲食店営業,その他,スナック,ミストラル,910-0023,福井市順化１丁目１９－２５アクト２１ビル　１Ｆ,0776-30-1363,福井市指令生衛第23-4-422号,1/9/24,3/31/29
2131,飲食店営業,その他,みそ屋,みそ楽,910-0019,福井市春山２丁目２５－１,0776-24-0081,福井市指令生衛第23-4-524号,2/20/24,4/30/29
2132,飲食店営業,その他,たこ焼き屋,みちばた,910-0022,福井市花月５丁目６－１１,0776-23-6411,福井市指令生衛第22-3-46号,5/30/22,4/30/28
2133,飲食店営業,一般食堂・レストラン等,食堂,みちもり食堂,918-8047,福井市久喜津町３４－５２,0776-36-0541,福井市指令生衛第21-4-784号,3/17/22,5/31/27
2134,飲食店,社交飲食,,ミッキー,910-0028,福井市学園２丁目１―２０境ビル　１Ｆ,0776-24-2005,福井市指令生衛第20-2-712号,1/21/21,2/28/26
2135,飲食店営業,一般食堂・レストラン等,そば、うどん店,みどり,910-0857,福井市豊島２丁目８－１,0776-22-5266,福井市指令生衛第24-4-45号,5/16/24,7/31/29
2136,飲食店,旅館,,みの浦荘,910-3381,福井市蓑町１１―１３,0776-86-1551,福井市指令生衛第20-2-243号,7/15/20,7/31/25
2137,飲食店,社交飲食,,みやび,910-0806,福井市高木町１４－８－１５メゾン高木１階,,福井市指令生衛第20-1-439号,5/10/21,12/31/26
2138,飲食店営業,その他,バー,みやま,910-0023,福井市順化１丁目１０－１２ＫＫビル３Ｆ,0776-25-1156,福井市指令生衛第22-3-86号,6/27/22,3/31/28
2139,菓子製造業,菓子製造業,,ミュウミュウ,910-0137,福井市栗森１丁目３０４,0776-97-9596,福井市指令生衛第22-4-102号,6/23/22,9/30/27
2140,飲食店営業,その他,ケーキ店,ミュウミュウ,910-0137,福井市栗森１丁目３０４,0776-97-9596,福井市指令生衛第22-4-103号,6/23/22,9/30/27
2141,アイスクリーム類製造業,アイスクリーム類製造業,,ミュウミュウ,910-0137,福井市栗森１丁目３０４,0776-97-9656,福井市指令生衛第24-4-115号,7/16/24,9/30/29
2142,飲食店,仕出し弁当,,ミルヒヴィ,910-0023,福井市順化１丁目６―２本町中央ビル２Ｆ,0776-24-1255,福井市指令生衛第20-2-902号,2/18/21,3/31/26
2143,飲食店,社交飲食,,ミローネ,910-0023,福井市順化１丁目１５―９片町スカイパレスビル　４Ｆ,0776-27-3730,福井市指令生衛第20-2-865号,2/18/21,3/31/26
2144,飲食店営業,その他,カフェバー,ミワンソン,910-0006,福井市中央１丁目２１－３３オーカンビル１階奥,,福井市指令生衛第22-3-108号,7/13/22,11/30/27
2145,飲食店営業,その他,カラオケ喫茶,みんなのりびんぐ　れもん,918-8005,福井市みのり４丁目１４－８,0776-43-1442,福井市指令生衛第24-4-175号,8/29/24,10/31/29
2146,飲食店,社交飲食,,むげん,910-0836,福井市大和田２丁目２０２ｏｐｍビル１０４,0776-53-1322,福井市指令生衛第20-2-666号,12/18/20,12/31/25
2147,飲食店営業,その他,カフェ,むさしの森珈琲　福井若杉店,918-8055,福井市若杉２丁目１５４０,0776-33-2078,福井市指令生衛第23-4-469号,2/1/24,5/31/29
2148,飲食店,仕出し弁当,,むすんでひらいて　江守中店,918-8025,福井市江守中２丁目１５０７,0776-63-5360,福井市指令生衛第19-1-374号,12/25/19,5/31/25
2149,菓子製造業,一般,,むすんでひらいて　江守中店,918-8025,福井市江守中２丁目１５０７,,福井市指令生衛第19-1-375号,12/25/19,5/31/25
2150,飲食店営業,仕出し屋・弁当屋,テナント,むすんでひらいて　福井高柳店,910-0837,福井市高柳３丁目２２０１クスリのアオキ福井高柳店内,0776-43-3367,福井市指令生衛第23-3-470号,4/15/24,12/31/30
2151,飲食店営業,仕出し屋・弁当屋,テナント,むすんでひらいて志比口店,910-0845,福井市志比口３丁目１-７クスリのアオキ志比口店内,0776-63-5618,福井市指令生衛第22-3-71号,7/15/22,7/31/28
2152,飲食店,そうざい,,むすんでひらいて板垣店,918-8104,福井市板垣５丁目１３０,0776-43-1975,福井市指令生衛第19-1-27号,4/11/19,10/31/25
2153,菓子製造業,一般,,むすんでひらいて板垣店,918-8104,福井市板垣５丁目１３０,0776-43-1975,福井市指令生衛第19-1-30号,4/11/19,10/31/25
2154,飲食店営業,一般食堂・レストラン等,食堂,むらかみ食堂,918-8155,福井市杉谷町１０字１０－３,0776-38-8558,福井市指令生衛第24-4-143号,8/1/24,10/31/29
2155,菓子製造業,菓子製造業,,むらかみ食堂,918-8155,福井市杉谷町１０字１０－３,0776-38-8558,福井市指令生衛第24-3-199号,8/30/24,10/31/29
2156,飲食店営業,その他,肉屋,むらた精肉店,918-8202,福井市大東３丁目２―１３,0776-54-1850,福井市指令生衛第21-4-113号,6/22/21,7/31/26
2157,食肉販売業,食肉販売業,,むらた精肉店,918-8202,福井市大東３丁目２―１３,0776-54-1850,福井市指令生衛第21-4-114号,6/22/21,7/31/26
2158,飲食店営業,一般食堂・レストラン等,和食店,むろまち,910-0006,福井市中央１丁目２１－２,0776-23-0323,福井市指令生衛第23-4-199号,9/12/23,11/30/28
2159,飲食店営業,一般食堂・レストラン等,給食施設,メイト　０１０３９号店,910-2157,福井市西新町１―２１,0776-43-2425,福井市指令生衛第21-4-69号,6/9/21,8/31/27
2160,飲食店,社交飲食,,メイド　Ｂａｒ　Ｌｉｌｉｔｈ,910-0023,福井市順化２丁目１２―６パークサイドビル２Ｆ,0776-28-3455,福井市指令生衛第20-2-957号,3/24/21,4/30/26
2161,密封包装食品製造業,密封包装食品製造業,,メーコック有里,918-8026,福井市渕４丁目８０４,0776-35-8305,福井市指令生衛第21-4-768号,3/9/22,5/31/28
2162,菓子製造業,一般,,メゾンドブランシュローズガーデン,910-0804,福井市高木中央３丁目701メゾンドブランシュローズガーデン２Ｆ,0776-57-8000,福井市指令生衛第19-2-626号,11/25/19,12/31/25
2163,飲食店営業,一般食堂・レストラン等,結婚式場、レストラン,メゾンドブランシュローズガーデン　第一厨房,910-0804,福井市高木中央３丁目７０１,0776-57-8000,福井市指令生衛第21-4-492号,11/4/21,12/31/27
2164,飲食店営業,一般食堂・レストラン等,結婚式場,メゾンドブランシュローズガーデン　第二厨房,910-0804,福井市高木中央３丁目７０１,0776-57-8000,福井市指令生衛第24-4-236号,10/24/24,12/31/29
2165,飲食店営業,一般食堂・レストラン等,集団給食施設,メフォス　０１７０７号店,910-0064,福井市新田塚町５０６,0776-22-8367,福井市指令生衛第21-4-505号,11/4/21,1/31/28
2166,飲食店営業,一般食堂・レストラン等,給食施設,メフォス　０１８０８号店,918-8135,福井市下六条町１８－３２,0776-41-8400,福井市指令生衛第22-4-50号,6/7/22,8/31/27
2167,飲食店営業,一般食堂・レストラン等,給食施設,メフォス　０２３６４号店,910-3113,福井市江上町５５－５　新田塚ハウス（１Ｆ）,0776-28-3912,福井市指令生衛第21-4-181号,7/6/21,7/31/26
2168,飲食店営業,一般食堂・レストラン等,社員食堂,メフォス　０２３９６号店,910-0108,福井市山室町６９－１,0776-55-3818,福井市指令生衛第22-4-124号,7/13/22,9/30/27
2169,飲食店営業,その他,集団給食施設,メフォス　０２７４４号店,910-0857,福井市豊島１丁目２－１３,0776-30-0033,福井市指令生衛第23-4-67号,5/29/23,7/31/28
2170,飲食店,食堂,,メフォス　０２７４７号店,910-0855,福井市西方１丁目２－１１いちご在宅支援センター４Ｆ,0776-27-7523,福井市指令生衛第19-2-214号,6/20/19,7/31/25
2171,飲食店営業,一般食堂・レストラン等,給食施設,メフォス　１０００６号店,910-3113,福井市江上町５５―２０―４　福井病院（精神科）,0776-59-2711,福井市指令生衛第21-4-180号,7/6/21,7/31/26
2172,飲食店営業,一般食堂・レストラン等,集団給食,メフォス　１０００７号店,910-0067,福井市新田塚１丁目４２－１,0776-21-1372,福井市指令生衛第21-4-507号,11/18/21,1/31/28
2173,飲食店,食堂,,メフォス　１００７６号店,918-8136,福井市天王町２１－１－１,,福井市指令生衛第20-1-483号,3/24/21,8/31/27
2174,飲食店,食堂,,メフォス　１００７７号店,919-0323,福井市太田町１４－１,,福井市指令生衛第20-1-484号,3/24/21,8/31/27
2175,飲食店,食堂,,メフォス　１０２２７号店,910-3133,福井市石新保町１３－１７,,福井市指令生衛第20-1-485号,3/30/21,7/31/26
2176,飲食店,食堂,,メフォス　１０２２９号店,910-3143,福井市砂子坂町６－２０,,福井市指令生衛第20-1-486号,3/30/21,7/31/26
2177,飲食店,食堂,,メフォス　１０２９５号店,910-0827,福井市藤島町４６－１３－１,,福井市指令生衛第20-1-487号,4/8/21,12/31/27
2178,飲食店,食堂,,メフォス　１０３９４号店,910-2165,福井市東郷ニケ町３７－１８,,福井市指令生衛第20-1-488号,4/8/21,7/31/27
2179,飲食店,食堂,,メフォス　１０３９５号店,918-8182,福井市浅水二日町１３１－１８,,福井市指令生衛第20-1-489号,4/8/21,10/31/27
2180,飲食店,食堂,,メフォス　１０４１０号店,910-0143,福井市下森田新町１９－６７,,福井市指令生衛第20-1-473号,3/18/21,9/30/27
2181,飲食店,食堂,,メフォス　１０４７０号店,910-2347,福井市境寺町３６－３,,福井市指令生衛第20-1-490号,3/24/21,8/31/27
2182,飲食店,食堂,,メフォス　１０４９６号店,918-8238,福井市和田１丁目２－１,,福井市指令生衛第20-1-472号,3/18/21,7/31/26
2183,飲食店,食堂,,メフォス　１０４９７号店,910-0063,福井市灯明寺１丁目２１０１,,福井市指令生衛第20-1-475号,3/18/21,1/31/27
2184,飲食店営業,一般食堂・レストラン等,給食施設,メフォス　１０６５４号店,918-8055,福井市若杉４丁目１４３,0776-35-2821,福井市指令生衛第21-3-327号,3/17/22,5/31/28
2185,飲食店営業,その他,給食施設,メフォス　１０７１１号店,918-8205,福井市北四ツ居３丁目１５－１７,0776-23-2662,福井市指令生衛第22-3-375号,3/27/23,7/31/29
2186,飲食店営業,その他,給食施設,メフォス　１０７１２号店,918-8011,福井市月見３丁目９－１,0776-23-2662,福井市指令生衛第22-3-376号,3/27/23,10/31/29
2187,飲食店営業,一般食堂・レストラン等,給食施設,メフォス東日本　１０１８１号店,918-8047,福井市久喜津町６４－２５－１,0776-23-2662,福井市指令生衛第22-4-437号,3/16/23,5/31/29
2188,飲食店営業,その他,集団給食施設,メフォス東日本　１０３０５,910-0017,福井市文京４丁目９－１４,0776-22-4730,福井市指令生衛第24-4-294号,12/20/24,2/28/30
2189,飲食店,食堂,,メフォス東日本　１０４６９号店,910-0064,福井市松本４丁目９－２１,0776-63-6215,福井市指令生衛第19-1-523号,3/25/20,1/31/27
2190,飲食店営業,その他,集団給食施設,メフォス東日本　１０７００号店,910-0067,福井市新田塚２丁目４６－２６認定こども園　新田塚幼稚園,0776-23-2662,福井市指令生衛第22-3-362号,3/30/23,1/31/30
2191,飲食店営業,その他,集団給食施設,メフォス東日本１０３０７,910-0029,福井市日光２丁目９－７,0776-21-2041,福井市指令生衛第24-4-293号,12/12/24,2/28/31
2192,飲食店,食堂,,メフォス東日本１０３６６号店,918-8057,福井市加茂河原３丁目１２―９,0776-97-8663,福井県指令福保第1910061号,3/18/19,5/31/25
2193,飲食店,軽食,,メルサ,918-8231,福井市問屋町３丁目410福井テレビジョン放送㈱　１Ｆ,0776-25-6296,福井市指令生衛第20-2-247号,6/26/20,7/31/25
2194,乳製品製造業,一般,,めれんげ　ＦＡＣＴＯＲＹ,910-0804,福井市高木中央２丁目４００７,0776-58-2282,福井市指令生衛第20-1-97号,6/5/20,12/31/26
2195,菓子製造業,一般,,めれんげ　ＦＡＣＴＯＲＹ,910-0804,福井市高木中央２丁目４００７,0776-58-2282,福井市指令生衛第21-1-56号,5/21/21,12/31/26
2196,アイスクリーム類製造業,アイスクリーム類製造業,,めれんげ　ＦＡＣＴＯＲＹ,910-0804,福井市高木中央２丁目４００７,0776-58-2282,福井市指令生衛第22-3-6号,4/22/22,12/31/28
2197,飲食店営業,一般食堂・レストラン等,そば屋,めん茶房　さえずり,910-3622,福井市風巻町２７－２,0776-98-4385,福井市指令生衛第23-4-537号,3/26/24,6/30/29
2198,麺類製造業,麺類製造業,,めん茶房　さえずり,910-3622,福井市風巻町２７－２,0776-98-4385,福井市指令生衛第23-4-538号,3/26/24,6/30/29
2199,菓子製造業,菓子製造業,,めん茶房　さえずり,910-3622,福井市風巻町２７－２,0776-98-4385,福井市指令生衛第24-3-40号,4/16/24,6/30/29
2200,飲食店営業,一般食堂・レストラン等,麺類,めん房つるつる　開発店,910-0843,福井市西開発３丁目３１８,0776-54-3332,福井市指令生衛第23-4-267号,10/6/23,12/31/28
2201,飲食店営業,一般食堂・レストラン等,麺類屋,めん房つるつる　江戸店,910-0854,福井市御幸４丁目１９－１,0776-23-6045,福井市指令生衛第24-4-9号,5/1/24,7/31/29
2202,飲食店営業,一般食堂・レストラン等,そば屋,めん房つるつる　明治店,918-8054,福井市加茂河原町３０－１－４,0776-35-0880,福井市指令生衛第22-4-456号,3/9/23,5/31/28
2203,飲食店営業,一般食堂・レストラン等,麵類,めん房つるつる　明新館,910-0015,福井市二の宮５丁目１４－１１,0776-21-6022,福井市指令生衛第23-4-266号,10/6/23,1/31/29
2204,飲食店営業,その他,喫茶店,モーニングトマト,910-0006,福井市中央１丁目９－３０大岡越前ビル　２Ｆ,0776-23-5571,福井市指令生衛第21-4-375号,9/30/21,11/30/26
2205,飲食店営業,その他,ハンバーガー類販売,モスバーガー　福井エルパ店,910-0836,福井市大和田２丁目１２１２エルパ１Ｆ,0776-57-2530,福井市指令生衛第21-4-406号,10/26/21,12/31/26
2206,飲食店営業,その他,ファーストフード,モスバーガー　福井やしろ店,918-8026,福井市渕４丁目１２０１,0776-34-4810,福井市指令生衛第21-4-753号,3/15/22,5/31/27
2207,菓子製造業,一般,,もち吉　福井店,910-0837,福井市高柳１丁目１０３,0776-57-1022,福井市指令生衛第19-1-500号,3/13/20,12/31/25
2208,飲食店営業,その他,居酒屋,もてなし居酒屋　みけそん,910-0001,福井市大願寺１丁目５－１９,0776-89-1019,福井市指令生衛第22-4-315号,11/24/22,1/31/28
2209,飲食店,軽食,,モナーク,910-0028,福井市学園２丁目８―４,0776-27-5558,福井市指令生衛第20-2-714号,1/21/21,2/28/26
2210,飲食店営業,その他,スナック,もみじ,910-0023,福井市順化１丁目１２－４福ビル１Ｆ,,福井市指令生衛第23-3-283号,12/19/23,3/31/29
2211,飲食店営業,その他,居酒屋,もみじ,910-0006,福井市中央１丁目３－５ＦＵＫＵＭＡＣＨＩ　ＢＬＯＣＫ　１Ｆ　ＭＩＮＩＥ　横丁７,,福井市指令生衛第24-3-366号,1/31/25,11/30/30
2212,飲食店営業,一般食堂・レストラン等,中華料理店,もりた,910-0017,福井市文京１丁目５－１０,0776-22-5813,福井市指令生衛第22-4-313号,11/22/22,1/31/29
2213,菓子製造業,一般,,モルフォパン教室,910-0842,福井市開発３丁目701,0776-54-0989,福井市指令生衛第20-2-544号,12/17/20,12/31/25
2214,飲食店営業,一般食堂・レストラン等,洋食店,モンシェルトントンカトー,910-0006,福井市中央３丁目１４－１０,0776-23-5031,福井市指令生衛第23-4-198号,9/7/23,11/30/28
2215,飲食店,社交飲食,,もんぜん,918-8021,福井市門前２丁目４２３―２,0776-33-6052,福井市指令生衛第20-2-79号,4/23/20,5/31/25
2216,菓子製造業,一般,,モントリオール　成和店,918-8239,福井市成和１丁目3109,0776-27-2566,福井市指令生衛第20-2-184号,7/6/20,7/31/25
2217,飲食店,軽食,,モントリオール　成和店,918-8239,福井市成和１丁目3109,0776-27-2566,福井市指令生衛第20-2-185号,7/6/20,7/31/25
2218,菓子製造業,一般,,モンモランシー,918-8057,福井市加茂河原３丁目１３―１６,0776-36-2003,福井市指令生衛第19-2-98号,4/24/19,5/31/25
2219,飲食店営業,一般食堂・レストラン等,焼き鳥店,やきとり　あきお,910-0017,福井市文京２丁目２－１５,0776-25-3366,福井市指令生衛第23-4-370号,12/14/23,2/28/29
2220,飲食店営業,一般食堂・レストラン等,焼鳥屋,やきとり　ごとう,910-0023,福井市順化１丁目１４－３ＮＯＶＡビル１Ｆ,0776-21-0510,福井市指令生衛第21-4-655号,1/20/22,3/31/27
2221,飲食店営業,その他,焼き鳥屋,やきとり　やすぎ家,910-0006,福井市中央１丁目２２－６松浦ビル１Ｆ－Ａ,0776-28-6650,福井市指令生衛第23-4-287号,10/17/23,11/30/28
2222,飲食店営業,その他,焼き鳥テイクアウト店,やきとり　吉田,918-8046,福井市運動公園１丁目６０２,0776-36-8687,福井市指令生衛第23-4-484号,3/27/24,5/31/29
2223,飲食店営業,その他,焼鳥店,やきとり　治郎吉,910-0019,福井市春山２丁目２２－１２,0776-23-8903,福井市指令生衛第22-4-400号,1/31/23,4/30/28
2224,飲食店営業,その他,焼きとり屋,やきとりのやまもと,910-0015,福井市二の宮１丁目１－１３,0776-25-5226,福井市指令生衛第21-4-466号,11/18/21,1/31/27
2225,飲食店営業,その他,やきとり店,やきとりの名門　秋吉　福井駅前店,910-0005,福井市大手２丁目５－１６,0776-21-3572,福井市指令生衛第21-4-326号,9/15/21,11/30/26
2226,飲食店営業,その他,焼き鳥店,やきとりの名門　秋吉　福井片町店,910-0023,福井市順化２丁目７－１,0776-21-3573,福井市指令生衛第24-4-439号,2/20/25,4/30/30
2227,飲食店,社交飲食,,やきとりの名門　秋𠮷　種池店,918-8031,福井市種池２丁目７１２,0776-35-7020,福井市指令生衛第19-1-315号,12/6/19,5/31/25
2228,飲食店,社交飲食,,やきとり千吉,910-0001,福井市大願寺３丁目９－１３,0776-24-2548,福井市指令生衛第20-2-760号,1/21/21,1/31/26
2229,飲食店営業,その他,焼き鳥店,やきとり千吉,910-0833,福井市新保１丁目１５１０－２,0776-52-1646,福井市指令生衛第23-4-275号,10/26/23,12/31/28
2230,飲食店,社交飲食,,やきとり大将,910-0023,福井市順化１丁目１８―８開明ビル１Ｆ,0776-25-5094,福井市指令生衛第21-1-27号,4/28/21,3/31/27
2231,飲食店営業,その他,焼鳥居酒屋,やきとり雷禅,910-0023,福井市順化１丁目９－８滝の街ビル１階,0776-63-6094,福井市指令生衛第23-4-413号,1/11/24,3/31/29
2232,飲食店営業,その他,焼き肉店,やきにく　なな楽,910-0015,福井市二の宮４丁目２６－２４,0776-50-2861,福井市指令生衛第24-3-92号,5/24/24,1/31/31
2233,飲食店営業,一般食堂・レストラン等,焼肉店,やきにく居酒屋　陽炎,910-0023,福井市順化２丁目２２－２１片町きはちビル　１Ｆ,,福井市指令生衛第22-3-280号,12/5/22,4/30/28
2234,飲食店営業,その他,焼肉,やきにく尋,918-8114,福井市羽水２丁目８０２,,福井市指令生衛第22-3-149号,8/22/22,10/31/27
2235,そうざい製造業,そうざい製造業,,やきにく尋,918-8114,福井市羽水２丁目８０２,0776-77-3308,福井市指令生衛第22-3-314号,1/16/23,10/31/28
2236,食肉販売業,食肉販売業,,やきにく尋,918-8114,福井市羽水２丁目８０２,0776-77-3308,福井市指令生衛第22-3-315号,2/17/23,10/31/29
2237,飲食店営業,その他,和食店,やき処　志喜,918-8073,福井市安田町西上田８２―１,0776-37-1666,福井市指令生衛第21-4-1号,6/1/21,5/31/27
2238,飲食店営業,一般食堂・レストラン等,焼肉店,やすきち,910-0804,福井市高木中央２丁目３５０６－２,0776-52-5455,福井市指令生衛第22-4-225号,10/25/22,12/31/27
2239,魚介類販売業,魚介類販売業,,ヤスサキ　ワイプラザグルメ館　松本店,910-0003,福井市松本３丁目１６－５７,0776-28-2001,福井市指令生衛第23-4-366号,11/29/23,1/31/30
2240,飲食店営業,仕出し屋・弁当屋,スーパーマーケット,ヤスサキ　ワイプラザグルメ館　松本店,910-0003,福井市松本３丁目１６－５７,0776-28-2001,福井市指令生衛第23-4-367号,11/29/23,1/31/30
2241,食肉販売業,食肉販売業,,ヤスサキ　ワイプラザグルメ館　松本店,910-0003,福井市松本３丁目１６－５７,0776-28-2001,福井市指令生衛第23-4-368号,11/29/23,1/31/30
2242,飲食店営業,仕出し屋・弁当屋,スーパーマーケット,ヤスサキ　ワイプラザグルメ館　松本店,910-0003,福井市松本３丁目１６－５７,0776-28-2001,福井市指令生衛第23-4-359号,11/29/23,1/31/30
2243,菓子製造業,菓子製造業,,ヤスサキ　ワイプラザグルメ館　松本店,910-0003,福井市松本３丁目１６－５７,0776-28-2001,福井市指令生衛第23-4-358号,11/29/23,1/31/30
2244,飲食店営業,一般食堂・レストラン等,和食店,やっこ,918-8007,福井市足羽１丁目１４―２１,0776-36-3730,福井市指令生衛第21-4-301号,8/31/21,10/31/26
2245,菓子製造業,菓子製造業,,やつどき,910-0856,福井市勝見３丁目６―２５,,福井市指令生衛第21-4-75号,6/15/21,7/31/26
2246,飲食店営業,一般食堂・レストラン等,和食店,やなぎ町,910-0023,福井市順化２丁目１２－１２,0776-21-3087,福井市指令生衛第22-4-388号,1/26/23,4/30/28
2247,麺類製造業,麺類製造業,,ヤマサ製麺,918-8116,福井市大町２丁目１０１２,0776-36-1468,福井市指令生衛第23-4-139号,8/31/23,10/31/29
2248,飲食店営業,一般食堂・レストラン等,食堂,やまだ食堂,918-8045,福井市福新町701,0776-36-0740,福井市指令生衛第21-4-31号,6/1/21,5/31/27
2249,魚介類販売業,一般,,やまちょう,910-3135,福井市両橋屋町２３－４０,0776-86-1234,福井市指令生衛第20-1-134号,7/10/20,7/31/25
2250,そうざい製造業,一般,,やまちょう,910-3135,福井市両橋屋町２３－４０,0776-86-1234,福井市指令生衛第20-1-209号,8/25/20,7/31/26
2251,飲食店営業,旅館,旅館,やまちょう,910-3135,福井市両橋屋町２３－４０,0776-86-1234,福井市指令生衛第24-4-107号,6/12/24,7/31/29
2252,飲食店,仕出し弁当,,やまに,910-0017,福井市文京３丁目６―２４,0776-22-3600,福井市指令生衛第20-2-797号,12/17/20,2/28/26
2253,魚介類販売業,一般,,やまに,910-0017,福井市文京３丁目６―２４,0776-22-3600,福井市指令生衛第20-2-798号,12/17/20,2/28/26
2254,飲食店営業,一般食堂・レストラン等,喫茶店,やまぼうし,910-0138,福井市東森田２丁目４０８,0776-58-2108,福井市指令生衛第21-4-201号,7/14/21,9/30/26
2255,飲食店営業,一般食堂・レストラン等,食堂,やまよし,918-8023,福井市西谷１丁目１７０２,0776-34-4117,福井市指令生衛第21-4-750号,3/17/22,5/31/27
2256,飲食店営業,その他,居酒屋,やま三,910-0015,福井市二の宮１丁目１－１７,,福井市指令生衛第24-4-295号,12/5/24,1/31/30
2257,飲食店営業,一般食堂・レストラン等,お好み焼店,やま膳,910-0017,福井市文京５丁目１４－３３,0776-24-4111,福井市指令生衛第21-3-201号,12/7/21,1/31/27
2258,飲食店営業,一般食堂・レストラン等,和食店,やま田,910-0006,福井市中央３丁目１１－１８,0776-21-3440,福井市指令生衛第23-4-202号,9/8/23,11/30/28
2259,飲食店,食堂,,やよい軒　福井種池店,918-8031,福井市種池１丁目1701,0776-32-6500,福井市指令生衛第20-2-36号,4/23/20,5/31/25
2260,飲食店営業,一般食堂・レストラン等,食堂,やよい軒　福井大和田店,910-0836,福井市大和田１丁目１１０３,0776-57-8005,福井市指令生衛第23-4-300号,10/19/23,12/31/28
2261,飲食店営業,その他,カラオケ喫茶,ゆうせん,910-0138,福井市東森田３丁目２１２,0776-56-3635,福井市指令生衛第22-4-117号,6/29/22,9/30/27
2262,麺類製造業,一般,,ゆうたろう,910-0023,福井市順化１丁目１６－１４　２Ｆ,,福井市指令生衛第21-1-31号,5/19/21,3/31/27
2263,飲食店,社交飲食,,ユーミ,910-0023,福井市順化１丁目１７―１２ベルトピア片町ビル３Ｆ,0776-24-9299,福井市指令生衛第20-2-876号,3/24/21,3/31/26
2264,飲食店営業,一般食堂・レストラン等,和食料理店,ゆずりは,910-0023,福井市順化２丁目１９－１３ウエルカムビル１Ｆ,0776-27-6798,福井市指令生衛第21-4-721号,4/25/22,4/30/27
2265,飲食店営業,一般食堂・レストラン等,しゃぶしゃぶ店,ゆず庵　福井城東店,910-0853,福井市城東４丁目２９－１５,0776-50-3735,福井市指令生衛第21-3-178号,11/8/21,7/31/27
2266,飲食店営業,その他,蕎麦屋,ゆで太郎もつ次郎　福井種池店,918-8031,福井市種池１丁目２１０７,0776-50-2229,福井市指令生衛第22-3-35号,5/9/22,5/31/27
2267,飲食店,軽食,,ユトリ珈琲店,910-0843,福井市西開発２丁目102,0776-52-5557,福井市指令生衛第20-2-618号,11/26/20,12/31/25
2268,飲食店営業,その他,喫茶店,ユトリ珈琲店　アオッサ店,910-0858,福井市手寄１丁目４－１ＡＯＳＳＡ１Ｆ,0776-20-2122,福井市指令生衛第22-4-51号,5/19/22,7/31/27
2269,飲食店営業,その他,喫茶店,ユトリ珈琲店　福井南８号バイパス店,919-0321,福井市下河北町４字蓼野２－１,0776-50-6650,福井市指令生衛第21-3-167号,10/25/21,8/31/27
2270,飲食店営業,その他,喫茶店,ユトリ珈琲店　本店,910-0122,福井市石盛町８１７,0776-56-8531,福井市指令生衛第22-4-123号,7/7/22,9/30/27
2271,飲食店営業,その他,喫茶店,ユトリ珈琲店　和田店,918-8238,福井市和田２丁目１０１,0776-29-0333,福井市指令生衛第24-4-25号,4/30/24,7/31/29
2272,飲食店営業,その他,喫茶店,ユトリ珈琲店アオッサ店,910-0858,福井市手寄１丁目４－１アオッサビル１階,0776-20-2122,福井市指令生衛第24-3-362号,1/24/25,7/31/30
2273,飲食店営業,その他,バー,ゆる八,910-0023,福井市順化２丁目１２－１４プリンスビル１Ｆ　１０３,0776-25-3040,福井市指令生衛第24-4-424号,2/18/25,4/30/30
2274,飲食店営業,その他,居酒屋,ユレトロ,910-0005,福井市大手２丁目３４１１屋台村Ｆ,,福井市指令生衛第23-3-333号,2/5/24,11/30/29
2275,飲食店営業,その他,お好み焼き,ようき,918-8027,福井市福町３１－１－５３,0776-34-3810,福井市指令生衛第21-4-782号,3/17/22,5/31/27
2276,飲食店営業,一般食堂・レストラン等,食堂,ヨーロッパ軒　みゆき分店,910-0853,福井市城東２丁目１３－１５,0776-21-4683,福井市指令生衛第23-4-30号,5/16/23,7/31/28
2277,密封包装食品製造業,密封包装食品製造業,,ヨーロッパ軒　やしろ支店,918-8026,福井市渕４丁目１１０８,0776-35-0466,福井市指令生衛第22-4-459号,3/16/23,5/31/28
2278,飲食店営業,一般食堂・レストラン等,洋食店,ヨーロッパ軒　やしろ支店,918-8026,福井市渕４丁目１１０８,0776-35-0466,福井市指令生衛第23-4-536号,4/4/24,5/31/29
2279,飲食店,食堂,,ヨーロッパ軒　花月分店,910-0022,福井市花月２丁目３―１８,0776-21-4684,福井市指令生衛第20-2-1021号,3/24/21,4/30/26
2280,密封包装食品製造業,密封包装食品製造業,,ヨーロッパ軒　花月分店,910-0022,福井市花月２丁目３－１８,0776-21-4684,福井市指令生衛第22-4-421号,2/21/23,4/30/28
2281,飲食店営業,一般食堂・レストラン等,洋食店,ヨーロッパ軒　花堂分店,918-8023,福井市西谷１丁目１６０３,0776-35-4500,福井市指令生衛第21-4-758号,3/9/22,5/31/27
2282,飲食店営業,仕出し屋・弁当屋,洋食店,ヨーロッパ軒　幾久店,910-0017,福井市文京１丁目４４－１１内田ビル１Ｆ,0776-21-4682,福井市指令生衛第23-4-346号,11/28/23,1/31/29
2283,飲食店営業,一般食堂・レストラン等,洋食店,ヨーロッパ軒　三郎丸分店,910-0033,福井市三郎丸１丁目１３１５,0776-27-0230,福井市指令生衛第21-4-587号,12/8/21,2/28/27
2284,密封包装食品製造業,密封包装食品製造業,,ヨーロッパ軒　総本店,910-0023,福井市順化１丁目７－４,0776-21-4681,福井市指令生衛第22-4-387号,1/25/23,3/31/28
2285,飲食店営業,一般食堂・レストラン等,食堂,ヨーロッパ軒　総本店,910-0023,福井市順化１丁目７－４,0776-21-4681,福井市指令生衛第24-4-348号,1/16/25,3/31/30
2286,飲食店営業,一般食堂・レストラン等,大衆食堂,ヨーロッパ軒　大宮分店,910-0016,福井市大宮３丁目１４－１１,0776-23-3888,福井市指令生衛第24-4-311号,12/5/24,2/28/30
2287,飲食店営業,一般食堂・レストラン等,洋食屋,ヨーロッパ軒　大和田分店,910-0836,福井市大和田２丁目４０２,0776-52-1468,福井市指令生衛第21-4-452号,10/26/21,12/31/26
2288,飲食店,食堂,,ヨーロッパ軒　豊島分店,910-0857,福井市豊島２丁目３－３,0776-21-4608,福井市指令生衛第20-2-238号,6/26/20,7/31/25
2289,飲食店営業,一般食堂・レストラン等,洋食レストラン,ヨーロッパ軒　木田分店,918-8106,福井市木田町１７１３,0776-35-4688,福井市指令生衛第22-4-151号,7/27/22,10/31/28
2290,密封包装食品製造業,密封包装食品製造業,,ヨーロッパ軒　木田分店,918-8106,福井市木田町１７１３,0776-35-4688,福井市指令生衛第24-4-137号,7/25/24,10/31/29
2291,飲食店営業,一般食堂・レストラン等,お食事処（飲食）,よし,910-0026,福井市光陽４丁目８－２７,0776-22-7794,福井市指令生衛第21-4-609号,12/22/21,2/28/27
2292,飲食店営業,その他,からあげ専門店,よしおのからあげ　運動公園店,918-8027,福井市福１丁目２８０１花の湯駐車場内店舗,0776-50-2616,福井市指令生衛第22-3-268号,11/28/22,5/31/28
2293,飲食店営業,一般食堂・レストラン等,食堂,よしおの唐揚げ,910-0016,福井市大宮２丁目２０－２０八木トシ２ビル　１０２号室,0776-25-5280,福井市指令生衛第21-3-111号,9/24/21,2/28/27
2294,飲食店営業,その他,鉄板焼屋,よしな,910-0005,福井市大手２丁目５－３,0776-28-3778,福井市指令生衛第24-4-275号,11/7/24,11/30/29
2295,そうざい製造業,そうざい製造業,,よしな,910-0005,福井市大手２丁目５－３,0776-28-3778,福井市指令生衛第24-3-294号,11/7/24,11/30/29
2296,飲食店営業,一般食堂・レストラン等,レストラン,よつば,910-0006,福井市中央３丁目４－２０アズイン福井　１Ｆ,,福井市指令生衛第24-3-105号,6/7/24,11/30/29
2297,そうざい製造業,そうざい製造業,,よつば,910-0006,福井市中央３丁目４－２０アズイン福井　１Ｆ,,福井市指令生衛第24-3-106号,6/7/24,11/30/29
2298,飲食店営業,その他,カフェ,ヨリバ（ＹＯＲＩＶＥＲ）,910-0006,福井市中央２丁目５－２７,0776-76-7021,福井市指令生衛第23-3-319号,3/11/24,11/30/30
2299,菓子製造業,菓子製造業,,よ感,910-0134,福井市上野本町２丁目８０５,,福井市指令生衛第24-3-186号,8/19/24,9/30/30
2300,飲食店営業,一般食堂・レストラン等,イタリア料理,ラ・ガジガジ,910-0804,福井市高木中央１丁目２４０１－１,0776-54-7460,福井市指令生衛第24-4-274号,11/21/24,12/31/29
2301,飲食店営業,一般食堂・レストラン等,食堂,ラートハウス,910-0005,福井市大手３丁目１０－１福井市役所　本館地下１Ｆ,0776-97-9928,福井市指令生衛第24-4-203号,10/1/24,11/30/29
2302,飲食店営業,一般食堂・レストラン等,ラーメン屋,ラーメン　ガボる,918-8204,福井市南四ツ居１丁目１１－２,,福井市指令生衛第24-3-353号,1/16/25,7/31/30
2303,飲食店営業,一般食堂・レストラン等,ラーメン屋,ラーメン　池田屋,910-0028,福井市学園２丁目６－１,,福井市指令生衛第22-4-462号,3/22/23,5/31/28
2304,飲食店,めん類,,ラーメンａｎｄＢａｒ　Ｄ．Ｄ,918-8014,福井市花堂中２丁目２０－１０,,福井市指令生衛第20-1-110号,6/19/20,10/31/25
2305,飲食店営業,一般食堂・レストラン等,中華ラーメン店,ラーメンギョーザ寿楽,910-0017,福井市文京３丁目１４－１明春コーポ１０５　１Ｆ,0776-26-3988,福井市指令生衛第21-4-613号,12/22/21,2/28/27
2306,飲食店営業,一般食堂・レストラン等,ラーメン店,ラーメンまこと屋　８号線福井開発店,910-0842,福井市開発３丁目３３０７－１,0776-43-3389,福井市指令生衛第24-3-271号,10/8/24,12/31/29
2307,飲食店営業,一般食堂・レストラン等,ラーメン屋,ラーメンムラナカ,910-0017,福井市文京５丁目１３－３８ハイシティ文京,,福井市指令生衛第21-3-20号,6/25/21,1/31/27
2308,飲食店営業,一般食堂・レストラン等,ラーメン店,らーめん岩本屋　やしろ店,918-8026,福井市渕１丁目４２１４,0776-43-0039,福井市指令生衛第22-4-452号,3/7/23,5/31/28
2309,飲食店,めん類,,ラーメン山岡家　福井大和田店,910-0836,福井市大和田１丁目１５０５,0776-97-6596,福井市指令生衛第20-1-309号,11/25/20,12/31/25
2310,飲食店営業,一般食堂・レストラン等,ラーメン店,ラーメン多弐家,910-0023,福井市順化１丁目１３－１７南ビル　１Ｆ　１０１,0776-27-1320,福井市指令生衛第24-4-386号,1/21/25,3/31/30
2311,飲食店,食堂,,ラーメン店　とりで,910-0859,福井市日之出１丁目１９―３,0776-25-1635,福井市指令生衛第19-2-236号,6/20/19,7/31/25
2312,飲食店,めん類,,らーめん麦わら屋,910-0842,福井市開発２丁目614,0776-43-1020,福井市指令生衛第20-2-540号,10/20/20,12/31/26
2313,飲食店,めん類,,らーめん福の神　学園店,910-0026,福井市光陽２丁目２－３１,0776-97-8239,福井市指令生衛第20-1-482号,3/31/21,2/29/28
2314,飲食店,めん類,,らーめん門,910-0851,福井市米松２丁目１－１８１Ｆ,0776-54-0737,福井市指令生衛第20-2-230号,6/26/20,7/31/25
2315,麺類製造業,麺類製造業,,らーめん門,910-0851,福井市米松２丁目１－１８１Ｆ,0776-54-0737,福井市指令生衛第22-3-317号,1/25/23,7/31/28
2316,飲食店,軽食,,ラァンブル,910-0033,福井市三郎丸１丁目101,0776-21-7105,福井市指令生衛第20-2-734号,1/21/21,2/28/26
2317,飲食店営業,一般食堂・レストラン等,ラーメン店,ラー麺ずんどう屋　福井大和田店,910-0802,福井市大和田町２０－４７,,福井市指令生衛第23-3-189号,10/13/23,12/31/28
2318,飲食店営業,一般食堂・レストラン等,ラーメン屋,らぁ麺まほろば福大前西福井店,910-0017,福井市文京４丁目３０２クルサ１Ｆ,,福井市指令生衛第23-3-243号,11/14/23,2/28/29
2319,飲食店営業,その他,ラーメン屋,らぁ麺食堂　Ｗ,910-0851,福井市米松１丁目１５－２８,0776-97-9720,福井市指令生衛第22-3-152号,9/9/22,7/31/29
2320,麺類製造業,麺類製造業,ラーメン屋,らぁ麺食堂　Ｗ,910-0851,福井市米松１丁目１５－２８,0776-97-9720,福井市指令生衛第22-3-153号,9/9/22,7/31/29
2321,そうざい製造業,そうざい製造業,ラーメン屋,らぁ麺食堂　Ｗ,910-0851,福井市米松１丁目１５－２８,0776-97-9720,福井市指令生衛第22-3-154号,9/9/22,7/31/29
2322,飲食店営業,その他,飲食店（和洋食）,らいじんぐ,910-0002,福井市町屋１丁目３－５マルタケビル１階１０２,,福井市指令生衛第21-3-65号,7/29/21,1/31/27
2323,そうざい製造業,そうざい製造業,,らいじんぐ,910-0002,福井市町屋１丁目３－５マルタケビル１階１０２,,福井市指令生衛第24-3-303号,10/31/24,1/31/30
2324,飲食店営業,仕出し屋・弁当屋,配食業,ライフデリ　福井店,918-8026,福井市渕２丁目１５０６山一ビル　２０２号,0776-97-6835,福井市指令生衛第22-3-287号,1/6/23,5/31/28
2325,飲食店営業,その他,スナック,ラウンジ　ｅｍｂｅｌｌｉｒ,910-0023,福井市順化２丁目１９－１３ウエルカムビル２Ｆ,,福井市指令生衛第23-4-566号,4/16/24,4/30/29
2326,飲食店営業,その他,ラウンジ,ラウンジ　ＴＳＵＢＡＫＩ,910-0023,福井市順化１丁目７－８エドモンド片町　１Ｆ,0776-97-6706,福井市指令生衛第22-3-255号,11/21/22,3/31/28
2327,飲食店,社交飲食,,ラウンジ　サオマイ,910-0023,福井市順化１丁目１７－１５オリエンタル５ビル４Ｆ４０１号,0776-25-0234,福井市指令生衛第20-1-370号,12/16/20,3/31/26
2328,飲食店,社交飲食,,ラウンジ　ひまり,910-0023,福井市順化１丁目２１ー５エレガンテ片町２０２,,福井市指令生衛第20-1-371号,12/14/20,3/31/26
2329,飲食店営業,その他,ラウンジ,ラウンジ　リアン,910-0023,福井市順化１丁目１５－９スカイパレスビル３階３０２　３０３,0776-21-5388,福井市指令生衛第22-4-357号,1/19/23,3/31/28
2330,飲食店営業,その他,ラウンジ,ラウンジ　リアン,910-3121,福井市佐野町１４－８,0776-83-1929,福井市指令生衛第23-4-25号,5/18/23,7/31/28
2331,飲食店営業,その他,ラウンジ,ラウンジ　リアン,910-0023,福井市順化２丁目１２－１ＫＴ９ビル１Ａ,0776-21-5388,福井市指令生衛第23-3-278号,12/26/23,4/30/29
2332,飲食店営業,その他,ラウンジ,ラウンジ　阿吽,910-0023,福井市順化１丁目２４－１９こおりビルＢ１,0776-89-1277,福井市指令生衛第22-3-367号,3/13/23,3/31/28
2333,飲食店営業,その他,ラウンジ,ラウンジ　雪ほたる,910-0023,福井市順化１丁目１７－８勝ビル　１Ｆ　１号室,0776-26-0195,福井市指令生衛第21-3-80号,9/10/21,3/31/27
2334,飲食店営業,その他,ラウンジ,ラウンジ　美麗,910-0023,福井市順化２丁目１２－１４プリンスビル１階１０２,0776-29-2285,福井市指令生衛第23-4-475号,2/2/24,4/30/29
2335,飲食店,社交飲食,,ラウンジ　姫,910-0023,福井市順化１丁目１７―２０アミール片町２Ｆ,0776-22-1117,福井市指令生衛第20-2-878号,2/18/21,3/31/26
2336,飲食店営業,その他,ラウンジ,ラウンジ　凛,910-0023,福井市順化１丁目１７－９ビックラウンドビル２Ｆ,0776-27-3055,福井市指令生衛第24-4-329号,1/16/25,3/31/30
2337,飲食店営業,その他,ラウンジ,ラウンジ縁,910-0023,福井市順化１丁目１７－２０アミール片町ビル　２－Ａ,,福井市指令生衛第24-3-296号,11/29/24,3/31/30
2338,飲食店営業,その他,ラウンジ,ラウンヂ　Ｓｏｒａ,910-0023,福井市順化１丁目７－９片町バレービル３階　３－Ａ,,福井市指令生衛第23-4-568号,3/19/24,3/31/29
2339,飲食店,社交飲食,,ラタフィア,910-0019,福井市春山２丁目４―８松井ビル１Ｆ,0776-43-1217,福井市指令生衛第21-2-35号,4/20/21,4/30/26
2340,飲食店営業,一般食堂・レストラン等,喫茶店,ラビット,918-8217,福井市印田町１８―４印田ゴルフセンター,0776-53-5766,福井市指令生衛第21-4-87号,6/15/21,7/31/26
2341,飲食店営業,その他,スナック,ラブ,910-0023,福井市順化１丁目１８－８開明ビル１階１０５,0776-25-7057,福井市指令生衛第21-4-643号,1/27/22,3/31/27
2342,飲食店営業,その他,スナック,ラフィーネ,910-0023,福井市順化１丁目１４－１３亜米利館　４Ｆ４０１,0776-26-1801,福井市指令生衛第23-4-408号,12/26/23,3/31/29
2343,飲食店営業,その他,スナック,ラメール,910-0023,福井市順化１丁目１５－９片町スカイパレスビル１Ｆ,0776-28-7066,福井市指令生衛第23-3-233号,10/19/23,3/31/29
2344,飲食店営業,一般食堂・レストラン等,結婚式場,ララシャンス　ベルアミー,910-0837,福井市高柳２丁目１００７,0776-52-0155,福井市指令生衛第21-4-433号,11/4/21,12/31/26
2345,飲食店,社交飲食,,ららら,910-0029,福井市日光２丁目１６―９,0776-28-1669,福井市指令生衛第20-2-787号,1/21/21,2/28/26
2346,飲食店営業,その他,スナック,りいな,910-0023,福井市順化１丁目７－５アルファ１ビル　５Ｆ,,福井市指令生衛第22-3-202号,10/7/22,3/31/28
2347,乳製品製造業,一般,,リカーワールド華　江守店,918-8025,福井市江守中２丁目１５１７,0776-34-3111,福井市指令生衛第20-2-16号,4/23/20,5/31/25
2348,酒類製造業,酒類製造業,,リカーワールド華　二の宮店,910-0011,福井市経田２丁目３０５,0776-25-0086,福井市指令生衛第21-3-309号,3/18/22,1/31/29
2349,食品の小分け業,食品の小分け業,,リカーワールド華　二の宮店,910-0011,福井市経田２丁目３０５,0776-25-0086,福井市指令生衛第22-4-295号,11/15/22,1/31/29
2350,菓子製造業,パン,,リカレパ,918-8106,福井市木田町９－２０,0776-35-0191,福井市指令生衛第21-4-293号,9/14/21,10/31/26
2351,そうざい製造業,そうざい製造業,,リカレパ,918-8106,福井市木田町９－２０,0776-35-0191,福井市指令生衛第22-4-141号,8/5/22,10/31/27
2352,飲食店営業,一般食堂・レストラン等,レストラン,リストランテ　Ａｇｇｉ,918-8231,福井市問屋町４丁目７０１,0776-26-6003,福井市指令生衛第24-4-11号,4/30/24,7/31/29
2353,飲食店営業,その他,喫茶店,リップル,910-0028,福井市学園２丁目１２－２５レジデンス大坂１Ｆ,0776-25-3966,福井市指令生衛第22-4-317号,11/24/22,2/29/28
2354,飲食店営業,その他,喫茶店,リド,910-0061,福井市舟橋新１丁目２０５,0776-23-0632,福井市指令生衛第21-4-484号,10/25/21,12/31/26
2355,飲食店営業,その他,ベーカリーカフェ,リトルマーメイドくるふ福井駅,910-0006,福井市中央１丁目１－２５くるふ福井駅㉖,0776-37-3165,福井市指令生衛第23-3-323号,2/21/24,11/30/29
2356,菓子製造業,菓子製造業,ベーカリーカフェ,リトルマーメイドくるふ福井駅,910-0006,福井市中央１丁目１－２５くるふ福井駅㉖,0776-37-3165,福井市指令生衛第23-3-324号,2/21/24,11/30/29
2357,飲食店営業,その他,スナック,リトル佐渡,910-0023,福井市順化１丁目１０－１５サエラビル　３Ｆ　３０１号室,0776-21-7435,福井市指令生衛第24-4-387号,1/17/25,3/31/30
2358,飲食店,軽食,,リビンフォー　グリーン,910-0006,福井市中央１丁目１７―１ビッグアップル２Ｆ,0776-25-5005,福井市指令生衛第20-2-477号,10/19/20,11/30/25
2359,飲食店営業,その他,給食施設,リベルテ竜郷　大宮,910-0016,福井市大宮６丁目１７－２４,0776-22-1165,福井市指令生衛第24-4-400号,1/17/25,1/31/31
2360,そうざい製造業,そうざい製造業,,リベルテ竜郷　大宮,910-0016,福井市大宮６丁目１７－２４,0776-22-1165,福井市指令生衛第24-4-401号,1/17/25,1/31/31
2361,飲食店営業,その他,喫茶（飲食・軽食）,リマリ,918-8239,福井市成和２丁目１１０３成和ビル１Ｆ,0776-25-3070,福井市指令生衛第21-4-106号,6/10/21,7/31/26
2362,飲食店営業,仕出し屋・弁当屋,仕出し料理,りゅう善,910-0818,福井市堂島町１３－１４,0776-53-5366,福井市指令生衛第21-4-413号,10/27/21,12/31/27
2363,魚介類販売業,魚介類販売業,仕出し料理,りゅう善,910-0818,福井市堂島町１３－１４,0776-53-5366,福井市指令生衛第21-4-414号,10/27/21,12/31/27
2364,飲食店,社交飲食,,リライム,910-0842,福井市開発５丁目１２０７コミュニティリゾートリライム,0776-52-3233,福井市指令生衛第20-2-546号,11/26/20,12/31/25
2365,飲食店営業,一般食堂・レストラン等,和風レストラン,リライム,910-0842,福井市開発５丁目１２０７コミュニティリゾートリライム,0776-52-5400,福井市指令生衛第21-4-528号,11/12/21,12/31/26
2366,飲食店営業,その他,バー,リラクゼーション　バー　Ｓ,910-0023,福井市順化１丁目８－１２片町プラザ３－ＪＫ,,福井市指令生衛第21-4-812号,3/23/22,3/31/27
2367,菓子製造業,菓子製造業,,ル・タニ,910-0134,福井市上野本町３丁目２１０１,0776-97-9123,福井市指令生衛第23-4-94号,6/13/23,9/30/28
2368,飲食店営業,その他,カフェ,ル・タニ,910-0134,福井市上野本町３丁目２１０１,0776-97-9123,福井市指令生衛第24-4-84号,6/18/24,9/30/29
2369,菓子製造業,菓子製造業,パン屋,ル・ピュイ,910-0858,福井市手寄１丁目１９―２１,0776-26-8426,福井市指令生衛第21-4-89号,7/13/21,7/31/26
2370,飲食店営業,その他,ドックカフェ,ル・ブル,918-8004,福井市西木田１丁目１７－２４,0776-58-2951,福井市指令生衛第24-3-212号,9/3/24,10/31/29
2371,飲食店営業,その他,スナック,ルーチェ,910-0023,福井市順化２丁目１３－１４コパビル　２Ｆ,0776-22-8882,福井市指令生衛第23-4-556号,4/2/24,4/30/29
2372,菓子製造業,菓子製造業,,ルオント,910-0851,福井市米松１丁目９－７パークサイド吉川１０２,0776-97-6362,福井市指令生衛第23-4-17号,5/15/23,7/31/28
2373,菓子製造業,菓子製造業,,レ・プレジュール,918-8016,福井市江端町３－４－２,0776-43-6063,福井市指令生衛第21-4-316号,9/7/21,10/31/27
2374,飲食店営業,一般食堂・レストラン等,食堂,れいちゃん,910-3552,福井市茱崎町１３－２３－１９,0776-89-2179,福井市指令生衛第23-4-128号,7/5/23,7/31/28
2375,飲食店営業,その他,ダイニングバー,レキシントン,910-0006,福井市中央３丁目１０－１２ホテルリバージュアケボノ　１Ｆ,0776-22-1000,福井市指令生衛第24-3-101号,5/28/24,11/30/29
2376,菓子製造業,パン,,レサンシエル,918-8105,福井市木田３丁目３１０７メゾンドオブジェ１Ｆ,0776-89-1816,福井市指令生衛第21-3-294号,3/7/22,10/31/28
2377,飲食店営業,その他,テイクアウト,レサンシエル,918-8105,福井市木田３丁目３１０７メゾンドオブジェ１Ｆ,0776-89-1816,福井市指令生衛第22-3-248号,11/8/22,10/31/29
2378,飲食店営業,その他,カラオケ喫茶,レスト＆喫茶　希林館,910-0016,福井市大宮１丁目７－２,0776-23-3340,福井市指令生衛第22-4-331号,11/29/22,1/31/28
2379,飲食店営業,一般食堂・レストラン等,フレンチレストラン,レストラン　アルケミスト,918-8021,福井市門前１丁目２０１,0776-63-5613,福井市指令生衛第21-4-792号,4/7/22,5/31/27
2380,飲食店,食堂,,レストラン　アルタ,918-8114,福井市羽水３丁目１０４,0776-34-1788,福井市指令生衛第20-1-248号,10/5/20,10/31/25
2381,飲食店営業,一般食堂・レストラン等,洋食店,レストラン　オオツカ,910-0005,福井市大手３丁目５－１８油田ビル１Ｆ,0776-28-3234,福井市指令生衛第22-4-203号,9/27/22,11/30/28
2382,飲食店営業,一般食堂・レストラン等,レストラン,レストラン　クルール,918-8011,福井市月見２丁目４―１福井赤十字病院本館１Ｆ,0776-36-7706,福井市指令生衛第21-4-308号,8/17/21,10/31/26
2383,飲食店,食堂,,レストラン　さくら,910-0846,福井市四ツ井２丁目８―１福井県立病院２Ｆ,0776-54-5775,福井市指令生衛第20-2-155号,5/27/20,7/31/25
2384,飲食店営業,一般食堂・レストラン等,洋食店,レストラン　せりな,910-0804,福井市高木中央１丁目３０６,0776-54-7715,福井市指令生衛第23-4-274号,10/31/23,12/31/28
2385,飲食店,食堂,,レストラン　トミー,910-0004,福井市宝永３丁目１―１国際交流会館３Ｆ,0776-28-8800,福井市指令生衛第20-2-525号,10/19/20,11/30/26
2386,飲食店営業,一般食堂・レストラン等,レストラン,レストラン　ふくしん,910-0836,福井市大和田２丁目１２１２ラブリーパートナーエルパ２Ｆ　フードコート,,福井市指令生衛第24-3-95号,7/8/24,12/31/29
2387,飲食店営業,一般食堂・レストラン等,洋食店,レストラン　ブルドック,910-0845,福井市志比口２丁目２０－２２,0776-54-3438,福井市指令生衛第22-4-17号,5/17/22,7/31/27
2388,飲食店,食堂,,レストラン　粟樹楼,910-0006,福井市中央１丁目２１―３６サンロードビル　３Ｆ,0776-22-3824,福井市指令生衛第20-2-483号,10/19/20,11/30/25
2389,飲食店営業,旅館,ホテル,レストラン　花茶屋,910-0836,福井市大和田２丁目３０６ホテルルートイン福井大和田１階,0776-52-7711,福井市指令生衛第22-4-281号,11/1/22,12/31/28
2390,飲食店,軽食,,レスポール,910-0017,福井市文京４丁目４―２１,0776-27-7806,福井市指令生衛第20-2-802号,1/14/21,2/28/26
2391,飲食店,軽食,,レモンストリート,910-0016,福井市大宮２丁目２１－３,0776-27-5248,福井市指令生衛第20-2-761号,1/21/21,2/28/26
2392,飲食店営業,その他,パンケーキ専門店,ロイハ　パンケーキハウス,910-0836,福井市大和田２丁目２０２　ｏｐｍ１０２,0776-53-6181,福井市指令生衛第21-3-21号,6/18/21,12/31/26
2393,飲食店,食堂,,ロイヤルグレース大聖堂,910-0804,福井市高木中央３丁目６０８,0776-57-0008,福井市指令生衛第19-2-625号,11/25/19,12/31/25
2394,そうざい製造業,一般,,ロイヤルグレース大聖堂,910-0804,福井市高木中央３丁目６０８,0776-57-0008,福井市指令生衛第20-1-152号,7/16/20,12/31/25
2395,冷凍食品製造業,冷凍食品製造業,,ロイヤルグレース大聖堂,910-0804,福井市高木中央３丁目６０８,0776-57-0008,福井市指令生衛第22-3-342号,2/27/23,12/31/29
2396,飲食店営業,その他,コンビニエンスストア,ローソン　セーレン本社ビル,918-8003,福井市毛矢１丁目１０－１,0776-33-1315,福井市指令生衛第23-3-351号,3/8/24,10/31/29
2397,飲食店営業,その他,コンビニエンスストア,ローソン　清水竹生店,910-3602,福井市竹生町３２－５８－１,0776-98-2880,福井市指令生衛第21-4-57号,6/1/21,6/30/26
2398,飲食店営業,その他,コンビニエンスストア,ローソン　美山薬師店,910-2339,福井市薬師町１２－４－５,0776-90-1112,福井市指令生衛第22-3-306号,1/20/23,8/31/28
2399,飲食店営業,その他,コンビニエンスストア,ローソン　福井サン二の宮通店,910-0013,福井市幾代２丁目１５１３,0776-24-3833,福井市指令生衛第24-4-344号,12/19/24,1/31/31
2400,飲食店,仕出し弁当,,ローソン　福井みのり２丁目店,918-8005,福井市みのり２丁目２―２６,0776-35-5855,福井市指令生衛第20-2-363号,8/31/20,10/31/26
2401,飲食店営業,その他,コンビニエンスストア,ローソン　福井下河北町店,919-0321,福井市下河北町２－２５－６,0776-39-0239,福井市指令生衛第22-4-13号,5/11/22,8/31/27
2402,飲食店営業,その他,コンビニ,ローソン　福井下江守店,918-8037,福井市下江守町２６－２１,0776-33-5343,福井市指令生衛第21-4-801号,3/22/22,5/31/27
2403,飲食店,仕出し弁当,,ローソン　福井加茂河原店,918-8057,福井市加茂河原３丁目９－１３,0776-33-2165,福井市指令生衛第19-1-79号,6/26/19,5/31/26
2404,飲食店,仕出し弁当,,ローソン　福井河増店,918-8218,福井市河増町２９－３０－１,0776-52-3755,福井市指令生衛第19-1-173号,9/2/19,7/31/25
2405,飲食店営業,その他,コンビニエンスストア,ローソン　福井花月店,910-0022,福井市花月３丁目１－３,0776-22-0151,福井市指令生衛第24-4-448号,2/13/25,4/30/30
2406,飲食店営業,その他,コンビニエンスストア,ローソン　福井花堂東店,918-8013,福井市花堂東１丁目１５－２２,0776-33-7953,福井市指令生衛第23-3-422号,3/25/24,10/31/29
2407,飲食店,軽食,,ローソン　福井学園一丁目店,910-0028,福井市学園１丁目２－２２,0776-27-3585,福井市指令生衛第20-1-302号,10/30/20,2/28/27
2408,飲食店営業,その他,コンビニエンスストア,ローソン　福井県済生会病院店,918-8235,福井市和田中町舟橋７―１福井県済生会病院　１Ｆ,0776-28-6318,福井市指令生衛第21-4-99号,6/10/21,7/31/26
2409,飲食店営業,その他,コンビニエンスストア,ローソン　福井県立病院,910-0846,福井市四ツ井２丁目８－１,0776-52-0506,福井市指令生衛第24-3-348号,1/28/25,7/31/30
2410,飲食店営業,その他,コンビニエンスストア,ローソン　福井御幸３丁目店,910-0854,福井市御幸３丁目３－４５,0776-24-3535,福井市指令生衛第22-4-83号,6/21/22,7/31/28
2411,飲食店営業,その他,コンビニエンスストア,ローソン　福井光陽二丁目店,910-0026,福井市光陽２丁目１０－１０,0776-27-2662,福井市指令生衛第22-4-325号,12/1/22,2/28/28
2412,飲食店営業,その他,コンビニエンスストア,ローソン　福井高木中央１丁目店,910-0804,福井市高木中央１丁目３０２,0776-52-1613,福井市指令生衛第21-3-24号,6/29/21,12/31/26
2413,飲食店営業,その他,コンビニエンスストア,ローソン　福井今市町店,918-8152,福井市今市町１３－５,0776-38-5633,福井市指令生衛第22-4-176号,9/7/22,10/31/28
2414,飲食店営業,その他,コンビニエンスストア,ローソン　福井裁判所前店,910-0004,福井市宝永４丁目３－１４,0776-28-5210,福井市指令生衛第21-3-159号,10/22/21,11/30/26
2415,飲食店,仕出し弁当,,ローソン　福井四ツ井店,910-0846,福井市四ツ井１丁目４－８,0776-57-1660,福井市指令生衛第19-1-408号,1/8/20,7/31/26
2416,飲食店,仕出し弁当,,ローソン　福井成和二丁目店,918-8239,福井市成和２丁目１０１３,0776-28-2202,福井市指令生衛第19-1-219号,9/12/19,7/31/26
2417,飲食店営業,その他,コンビニエンスストアー,ローソン　福井石盛町店,910-0122,福井市石盛町１４―２０―１,0776-56-2323,福井市指令生衛第21-4-217号,7/20/21,9/30/26
2418,飲食店営業,その他,コンビニエンスストア,ローソン　福井赤十字病院店,918-8011,福井市月見２丁目４―１福井赤十字病院内,0776-43-0120,福井市指令生衛第21-4-268号,8/18/21,10/31/26
2419,飲食店営業,その他,コンビニエンスストア,ローソン　福井大安寺店,910-3114,福井市剣大谷町１－２２,0776-59-1880,福井市指令生衛第22-4-14号,5/12/22,7/31/27
2420,飲食店営業,その他,コンビニエンスストア,ローソン　福井大島町店,918-8018,福井市大島町中坪１１０－１,0776-97-5922,福井市指令生衛第24-4-174号,8/22/24,10/31/30
2421,飲食店営業,その他,コンビニエンスストア,ローソン　福井田原町店,910-0018,福井市田原２丁目１９－１２,0776-21-0085,福井市指令生衛第23-4-373号,12/5/23,2/28/29
2422,飲食店営業,その他,コンビニエンスストア,ローソン　福井二の宮店,910-0015,福井市二の宮４丁目４－１,0776-30-1222,福井市指令生衛第24-4-332号,12/12/24,1/31/31
2423,飲食店営業,その他,コンビニエンスストア,ローソン　福井日之出二丁目店,910-0859,福井市日之出２丁目９－２,0776-29-1230,福井市指令生衛第21-3-256号,12/27/21,7/31/27
2424,飲食店営業,その他,コンビニエンスストア,ローソン　福井北四ツ居店,918-8205,福井市北四ツ居１丁目８－２７,0776-53-1106,福井市指令生衛第24-4-65号,6/14/24,7/31/29
2425,飲食店営業,その他,コンビニエンスストア,ローソン　福井問屋町店,918-8231,福井市問屋町４丁目１０１,0776-22-4688,福井市指令生衛第24-4-63号,6/13/24,7/31/29
2426,飲食店営業,その他,コンビニエンスストア,ローソン　福井門前店,918-8021,福井市門前１丁目１６１８,0776-34-5234,福井市指令生衛第23-4-534号,3/28/24,5/31/29
2427,飲食店営業,その他,コンビニエンスストア,ローソン　福井和田中店,918-8236,福井市和田中２丁目９０４,0776-26-1488,福井市指令生衛第21-3-78号,8/2/21,7/31/28
2428,飲食店営業,その他,コンビニエンスストア,ローソン清水南店,910-3613,福井市甑谷町２４－８,0776-98-5501,福井市指令生衛第23-4-518号,3/28/24,6/30/29
2429,飲食店営業,その他,コンビニエンスストア,ローソン福井下森田店,910-0143,福井市下森田新町４１７,0776-56-3535,福井市指令生衛第22-3-307号,1/27/23,9/30/29
2430,飲食店営業,その他,コンビニエンスストア,ローソン福井開発二丁目店,910-0842,福井市開発２丁目２１１,0776-54-5525,福井市指令生衛第22-3-368号,3/27/23,12/31/28
2431,飲食店営業,その他,コンビニエンスストア,ローソン福井江守中店,918-8025,福井市江守中１丁目１１８,0776-34-2332,福井市指令生衛第23-4-65号,5/1/23,5/31/28
2432,飲食店営業,その他,コンビニエンスストア,ローソン福井今市町店,918-8152,福井市今市町１３－６,0776-38-5633,福井市指令生衛第23-3-282号,1/9/24,10/31/29
2433,飲食店営業,その他,コンビニエンスストア,ローソン福井篠尾店,910-2148,福井市篠尾町４５－３５,0776-41-3525,福井市指令生衛第23-3-49号,5/30/23,7/31/28
2434,飲食店営業,その他,コンビニエンスストア,ローソン福井上野本町店,910-0134,福井市上野本町３丁目１３０６,0776-56-0315,福井市指令生衛第23-3-256号,11/29/23,9/30/30
2435,飲食店,仕出し弁当,,ローソン福井成和二丁目店,918-8239,福井市成和２丁目１０１３,0776-28-2202,福井市指令生衛第19-1-85号,5/31/19,7/31/25
2436,飲食店営業,その他,コンビニエンスストア,ローソン福井町屋店,910-0002,福井市町屋２丁目７－１福銀,0776-27-7576,福井市指令生衛第23-3-64号,5/31/23,1/31/29
2437,飲食店営業,その他,コンビニエンスストア,ローソン福井板垣３丁目店,918-8104,福井市板垣３丁目１６２５,0776-33-1145,福井市指令生衛第24-3-174号,7/24/24,10/31/29
2438,飲食店営業,その他,コンビニエンスストア,ローソン福井渕３丁目店,918-8026,福井市渕３丁目５０５,0776-33-0118,福井市指令生衛第23-4-517号,3/12/24,5/31/29
2439,飲食店営業,一般食堂・レストラン等,洋食店,ログハウス　バロック,918-8239,福井市成和１丁目２４０２,0776-23-4445,福井市指令生衛第21-4-159号,6/30/21,7/31/26
2440,菓子製造業,菓子製造業,,ろじあるしょう天ん,910-0063,福井市灯明寺町２－３４－７,,福井市指令生衛第22-4-275号,10/20/22,1/31/28
2441,飲食店営業,その他,居酒屋,ろばた焼き　弥吉　片町店,910-0023,福井市順化１丁目２４－１６,0776-25-1237,福井市指令生衛第22-4-363号,1/5/23,3/31/28
2442,飲食店営業,その他,テイクアウト,ロマンドーロール,910-0001,福井市大願寺１丁目５－４１３,0776-50-7127,福井市指令生衛第21-3-203号,12/6/21,1/31/27
2443,飲食店営業,その他,バー,ろわ,910-0023,福井市順化１丁目１７－２０アミール片町３Ｆ　Ｂ.Ｃ,0776-31-5494,福井市指令生衛第23-3-268号,12/6/23,3/31/29
2444,飲食店営業,その他,居酒屋,ろ組　駅前店,910-0006,福井市中央１丁目９－１ユニオンスクエアビル２Ｆ,0776-97-6093,福井市指令生衛第22-4-184号,9/27/22,11/30/27
2445,飲食店営業,その他,居酒屋,ろ組　高木店,910-0804,福井市高木中央１丁目１０８,0776-97-8835,福井市指令生衛第22-4-274号,11/17/22,12/31/27
2446,魚介類販売業,魚介類販売業,,ワイプラザ　グルメ館　森田店,910-0132,福井市河合寄安町１０１,0776-56-0611,福井市指令生衛第22-3-330号,3/3/23,9/30/29
2447,飲食店営業,その他,総合スーパー,ワイプラザ　グルメ館　森田店,910-0132,福井市河合寄安町１０１,0776-56-0611,福井市指令生衛第22-3-331号,3/3/23,9/30/29
2448,食肉販売業,食肉販売業,,ワイプラザ　グルメ館　森田店,910-0132,福井市河合寄安町１０１,0776-56-0611,福井市指令生衛第22-3-332号,3/3/23,9/30/29
2449,飲食店営業,その他,総合スーパー,ワイプラザ　グルメ館　森田店,910-0132,福井市河合寄安町１０１,0776-56-0611,福井市指令生衛第22-3-333号,3/3/23,9/30/29
2450,魚介類販売業,一般,,ワイプラザグルメ館　江守店,918-8024,福井市舞屋町７－１０９,0776-35-0670,福井市指令生衛第20-2-67号,4/23/20,5/31/26
2451,飲食店,仕出し弁当,,ワイプラザグルメ館　江守店,918-8024,福井市舞屋町７－１０９,0776-35-0670,福井市指令生衛第20-2-68号,4/23/20,5/31/26
2452,飲食店,そうざい,,ワイプラザグルメ館　江守店,918-8024,福井市舞屋町７－１０９,0776-35-0670,福井市指令生衛第20-2-66号,4/23/20,5/31/26
2453,食肉販売業,一般,,ワイプラザグルメ館　江守店,918-8024,福井市舞屋町７－１０９,0776-35-0670,福井市指令生衛第20-2-71号,4/23/20,5/31/26
2454,飲食店,仕出し弁当,,ワイプラザグルメ館　江守店,918-8024,福井市舞屋町７－１０９,0776-35-0670,福井市指令生衛第20-2-69号,4/23/20,5/31/26
2455,飲食店,仕出し弁当,,ワイプラザグルメ館　江守店,918-8024,福井市舞屋町７－１０９,0776-35-0670,福井市指令生衛第20-2-65号,4/23/20,5/31/26
2456,菓子製造業,一般,,ワイプラザグルメ館　江守店,918-8024,福井市舞屋町７－１０９,0776-35-0670,福井市指令生衛第20-2-64号,4/23/20,5/31/26
2457,魚介類販売業,魚介類販売業,,ワイプラザグルメ館　新保店,910-0838,福井市新保北１丁目３０３,0776-52-6711,福井市指令生衛第21-4-468号,10/21/21,12/31/27
2458,飲食店営業,仕出し屋・弁当屋,スーパーマーケット,ワイプラザグルメ館　新保店,910-0838,福井市新保北１丁目３０３,0776-52-6711,福井市指令生衛第21-4-469号,10/21/21,12/31/27
2459,食肉販売業,食肉販売業,スーパーマーケット,ワイプラザグルメ館　新保店,910-0838,福井市新保北１丁目３０３,0776-52-6711,福井市指令生衛第21-4-470号,10/21/21,12/31/27
2460,菓子製造業,菓子製造業,,ワイプラザグルメ館　新保店,910-0838,福井市新保北１丁目３０３,0776-52-6711,福井市指令生衛第21-4-467号,10/21/21,12/31/26
2461,飲食店営業,その他,スーパーマーケット,ワイプラザグルメ館　新保店,910-0838,福井市新保北１丁目３０３,0776-52-6711,福井市指令生衛第24-4-255号,11/21/24,12/31/29
2462,飲食店,仕出し弁当,,ワイプラザグルメ館　福井南店,918-8114,福井市羽水２丁目８０２,0776-33-8130,福井市指令生衛第20-1-272号,11/10/20,10/31/27
2463,食肉販売業,食肉販売業,,ワイプラザグルメ館　福井南店,918-8114,福井市羽水２丁目８０２,0776-33-8130,福井市指令生衛第23-4-148号,8/1/23,10/31/29
2464,魚介類販売業,魚介類販売業,,ワイプラザグルメ館　福井南店,918-8114,福井市羽水２丁目８０２,0776-33-8130,福井市指令生衛第23-4-157号,8/1/23,10/31/29
2465,菓子製造業,菓子製造業,,わいわいポケット　お菓子工房　すまいる,918-8027,福井市福町２８－４５,0776-34-8112,福井市指令生衛第22-3-29号,5/16/22,5/31/27
2466,飲食店営業,その他,喫茶店,わいわいポケット　お菓子工房　すまいる,918-8027,福井市福町２８－４５,0776-34-8112,福井市指令生衛第22-3-30号,5/16/22,5/31/27
2467,そうざい製造業,一般,,ワインと熟成牛タン　刻　Ｔｏｋｉ,918-8055,福井市若杉１丁目2921エリジオン若杉１０１,0776-33-3010,福井市指令生衛第20-1-165号,7/27/20,5/31/26
2468,食肉販売業,一般,,ワインと熟成牛タン　刻　Ｔｏｋｉ,918-8055,福井市若杉１丁目2921エリジオン若杉１０１,0776-33-3010,福井市指令生衛第20-1-166号,7/27/20,5/31/26
2469,飲食店営業,一般食堂・レストラン等,牛タン料理店,ワインと熟成牛タン　刻　Ｔｏｋｉ,918-8055,福井市若杉１丁目２９２１エリジオン若杉１０１,0776-33-3010,福井市指令生衛第23-4-73号,5/16/23,5/31/28
2470,飲食店営業,その他,ワインバー,ワインバル　ヴェレゾン,910-0005,福井市大手２丁目３４１１屋台村Ｈ,,福井市指令生衛第23-3-322号,1/30/24,11/30/29
2471,飲食店営業,その他,カフェ,わおん書房,910-0006,福井市中央１丁目１４－９堀江ビル１階,0776-43-6117,福井市指令生衛第24-4-183号,10/1/24,11/30/29
2472,飲食店営業,その他,居酒屋,わかすぎ,918-8055,福井市若杉１丁目１２１７,0776-35-8172,福井市指令生衛第22-4-436号,3/16/23,5/31/28
2473,飲食店営業,その他,喫茶店,ワカミ,918-8056,福井市若杉浜２丁目１０３,0776-35-2236,福井市指令生衛第21-4-49号,6/1/21,5/31/27
2474,飲食店,仕出し弁当,,わきだ,918-8239,福井市成和１丁目１３０９,0776-22-8317,福井市指令生衛第20-2-180号,6/26/20,7/31/25
2475,魚介類販売業,一般,,わきだ,918-8239,福井市成和１丁目１３０９,0776-22-8317,福井市指令生衛第20-2-181号,6/26/20,7/31/25
2476,飲食店営業,その他,キャンプ場施設,わくわくキッチン,910-2161,福井市脇三ケ町６６－２－１０福井市少年自然の家内,0776-41-3660,福井市指令生衛第22-3-134号,8/2/22,8/31/27
2477,飲食店営業,仕出し屋・弁当屋,弁当,わてら,910-3552,福井市茱崎町１－３－１,,福井市指令生衛第24-4-117号,7/3/24,7/31/29
2478,そうざい製造業,そうざい製造業,,わてら,910-3552,福井市茱崎町１－３－１,,福井市指令生衛第24-4-118号,7/3/24,7/31/29
2479,そうざい製造業,そうざい製造業,,ワトム,910-0015,福井市二の宮３丁目４－３２,0776-21-1124,福井市指令生衛第24-4-302号,12/12/24,1/31/30
2480,冷凍食品製造業,冷凍食品製造業,,ワトム,910-0015,福井市二の宮３丁目４－３２,0776-21-1124,福井市指令生衛第24-4-303号,12/12/24,1/31/30
2481,飲食店営業,その他,居酒屋,わらび　花堂本店,918-8015,福井市花堂南２丁目１－６種田ビル１Ｆ,0776-35-9080,福井市指令生衛第22-4-206号,10/6/22,10/31/27
2482,飲食店,食堂,,わらび　高木店,910-0806,福井市高木町５２－２８－１,0776-57-7090,福井市指令生衛第20-2-576号,12/21/20,12/31/25
2483,そうざい製造業,一般,,わらび　高木店,910-0806,福井市高木町５２－２８－１,0776-57-7090,福井市指令生衛第20-1-210号,9/2/20,12/31/25
2484,飲食店,食堂,,わらび　福井駅前店,910-0006,福井市中央１丁目１１―１１エリアス１Ｆ,0776-25-3800,福井市指令生衛第20-2-458号,10/19/20,11/30/25
2485,飲食店,社交飲食,,わらび　片町店,910-0023,福井市順化２丁目２１―１明石ビル　２Ｆ,0776-27-1118,福井市指令生衛第20-2-989号,2/18/21,4/30/26
2486,飲食店営業,その他,スナック,亜番忠～瑠,910-0023,福井市順化１丁目１７－１５,0776-22-4371,福井市指令生衛第23-4-410号,12/26/23,3/31/29
2487,菓子製造業,菓子製造業,,愛菜夢工房,910-3104,福井市布施田町８－３９－１,0776-83-1100,福井市指令生衛第23-3-35号,5/8/23,7/31/29
2488,密封包装食品製造業,密封包装食品製造業,,愛菜夢工房,910-3104,福井市布施田町８－３９－１,0776-83-1100,福井市指令生衛第23-3-36号,5/8/23,7/31/29
2489,飲食店営業,その他,喫茶店,逢園,910-0005,福井市大手３丁目４－１福井放送会館　ＢＦ,0776-21-3368,福井市指令生衛第21-4-451号,10/27/21,11/30/26
2490,納豆製造業,納豆製造業,,葵食品,910-0026,福井市光陽１丁目２６－２１,0776-23-1170,福井市指令生衛第21-4-556号,12/8/21,2/28/27
2491,飲食店営業,その他,焼肉店,旭苑,910-0017,福井市文京１丁目３５－１１,0776-23-7798,福井市指令生衛第23-4-369号,11/30/23,1/31/29
2492,飲食店営業,その他,かき氷屋,鮎川園地キャンプ場管理棟,910-3402,福井市鮎川町１３２－小浜４,0776-88-2624,福井市指令生衛第21-4-146号,6/16/21,7/31/26
2493,菓子製造業,菓子製造業,,安田蒲鉾株式会社,910-0837,福井市高柳１丁目２５１２,0776-53-2251,福井市指令生衛第22-3-380号,5/19/23,12/31/28
2494,水産製品製造業,水産製品製造業,,安田蒲鉾株式会社,910-0837,福井市高柳１丁目２５１２,0776-53-2251,福井市指令生衛第24-4-219号,10/22/24,12/31/30
2495,酒類製造業,酒類製造業,,安本酒造,910-2167,福井市安原町７―４,0776-41-0011,福井市指令生衛第21-4-215号,7/27/21,8/31/26
2496,飲食店,食堂,,以満達,919-0313,福井市西大味町２５―２,0776-41-1592,福井市指令生衛第20-2-189号,6/26/20,8/31/25
2497,菓子製造業,菓子製造業,,伊井餅,918-8067,福井市飯塚町１１－１１１ＭＥＧＡドン・キホーテＵＮＹ福井店　１Ｆ,0776-33-6603,福井市指令生衛第21-4-23号,6/1/21,5/31/27
2498,菓子製造業,菓子製造業,,伊井餅,918-8203,福井市上北野１丁目６―２０,0776-54-4022,福井市指令生衛第21-4-135号,6/15/21,7/31/27
2499,菓子製造業,菓子製造業,,伊井餅株式会社,918-8015,福井市花堂南２丁目１６―１ベル店内（１Ｆ）,0776-33-1568,福井市指令生衛第21-4-295号,8/11/21,10/31/26
2500,菓子製造業,一般,,伊自良の里資料館,910-2464,福井市中手町第３０号１番地,0776-93-2040,福井市指令生衛第20-2-922号,2/18/21,8/31/26
2501,飲食店営業,一般食堂・レストラン等,イタリアン,伊食堂　Ａｒａｎｃｉａ,910-0023,福井市順化１丁目１６－２０アパホテル福井片町アネックス１Ｆ,0776-30-1270,福井市指令生衛第24-4-399号,1/14/25,3/31/30
2502,酒類製造業,酒類製造業,,伊藤酒造,910-3113,福井市江上町４４－６５,0776-59-1018,福井市指令生衛第24-4-106号,6/12/24,7/31/29
2503,飲食店営業,一般食堂・レストラン等,和食の飲食店,伊呂波,918-8116,福井市大町１６古川２１０－１,0776-34-0566,福井市指令生衛第23-4-164号,8/24/23,10/31/29
2504,飲食店営業,その他,スナック,衣　ｋｏｒｏｍｏ,910-0023,福井市順化１丁目１５－１ＫＩＨＡＣＨＩ　Ｉビル　３Ｆ－Ｃ,,福井市指令生衛第24-4-347号,12/24/24,3/31/30
2505,飲食店,食堂,,医療法人　健康会　嶋田病院,910-0855,福井市西方１丁目２－１１,0776-43-0778,福井市指令生衛第20-1-135号,7/7/20,7/31/26
2506,飲食店営業,一般食堂・レストラン等,魚料理,磯乃華,918-8063,福井市大瀬町２９－１１－１,0776-43-3455,福井市指令生衛第24-3-239号,9/20/24,5/31/30
2507,飲食店営業,その他,居酒屋,一ｋｅｎ家,910-0023,福井市順化２丁目２１－１２福井県興行ビル１６号テナント,0776-27-2829,福井市指令生衛第21-4-718号,2/17/22,4/30/27
2508,飲食店営業,仕出し屋・弁当屋,和食店,一えい,910-0023,福井市順化１丁目１７－２８,0776-22-3421,福井市指令生衛第23-4-409号,12/26/23,3/31/29
2509,飲食店,社交飲食,,一ふじ,910-0023,福井市順化１丁目２３－１５メゾン高野１Ｆ,,福井市指令生衛第21-1-66号,5/31/21,3/31/27
2510,飲食店営業,一般食堂・レストラン等,お好み焼屋,一期一会,910-0859,福井市日之出５丁目８―３黒川コ－ポ１階,0776-54-4512,福井市指令生衛第21-4-169号,7/8/21,7/31/26
2511,飲食店営業,その他,居酒屋,一季,910-0833,福井市新保１丁目１６１３,0776-52-5111,福井市指令生衛第22-4-210号,10/20/22,12/31/27
2512,飲食店営業,その他,Ｆｕｓｉｏｎ　Ｄｉｓｈ,一五,910-0023,福井市順化１丁目１８－３吉川ビル１階　１０２号室,,福井市指令生衛第24-3-213号,9/27/24,3/31/30
2513,魚介類販売業,一般,,一乗,910-2152,福井市安波賀町１４―５,0776-41-2313,福井市指令生衛第20-2-128号,6/26/20,8/31/25
2514,飲食店,仕出し弁当,,一乗,910-2152,福井市安波賀町１４―５,0776-41-2313,福井市指令生衛第20-2-127号,6/26/20,8/31/25
2515,飲食店,食堂,,一乗谷あさくら水の駅,910-2151,福井市安波賀中島町１－１－１,0776-41-2777,福井市指令生衛第19-1-465号,4/6/20,8/31/26
2516,菓子製造業,菓子製造業,,一乗谷あさくら水の駅,910-2151,福井市安波賀中島町１－１－１,0776-41-2777,福井市指令生衛第22-3-97号,7/8/22,8/31/27
2517,そうざい製造業,そうざい製造業,,一乗谷あさくら水の駅,910-2151,福井市安波賀中島町１－１－１,0776-41-2777,福井市指令生衛第23-3-185号,9/28/23,8/31/29
2518,飲食店営業,仕出し屋・弁当屋,和食店,一乗谷レストラント,910-2153,福井市城戸ノ内町１０－４８,0776-97-5335,福井市指令生衛第21-4-202号,7/15/21,8/31/26
2519,菓子製造業,菓子製造業,,一乗谷レストラント,910-2153,福井市城戸ノ内町１０－４８,0776-97-5335,福井市指令生衛第24-4-43号,7/4/24,8/31/29
2520,そうざい製造業,そうざい製造業,,一乗谷レストラント,910-2153,福井市城戸ノ内町１０－４８,0776-97-5335,福井市指令生衛第24-4-44号,7/4/24,8/31/29
2521,飲食店営業,その他,居酒屋,一心亭,910-0018,福井市田原２丁目２０－１２,0776-23-0364,福井市指令生衛第23-4-357号,12/12/23,2/28/29
2522,飲食店,社交飲食,,一翠,910-0023,福井市順化２丁目１２―６パークサイドビル３階,,福井市指令生衛第20-2-958号,3/25/21,4/30/26
2523,飲食店,社交飲食,,一青,910-0034,福井市菅谷１丁目１―１５サンクレール玉川１Ｆ,0776-65-8843,福井市指令生衛第20-2-751号,12/17/20,2/28/26
2524,飲食店営業,その他,テイクアウト店,一張羅焼,910-0826,福井市上中町２６－１４－１,,福井市指令生衛第21-3-255号,1/13/22,7/31/27
2525,飲食店営業,一般食堂・レストラン等,日本料理,一燈,910-0019,福井市春山２丁目１－７,0776-22-1323,福井市指令生衛第24-4-436号,2/27/25,4/30/30
2526,飲食店営業,一般食堂・レストラン等,寿司店,一八寿し,918-8055,福井市若杉４丁目３０５,0776-36-8057,福井市指令生衛第21-4-771号,3/22/22,5/31/27
2527,飲食店,食堂,,一品料理　菊,910-0808,福井市舟橋１丁目４０１,0776-53-7672,福井市指令生衛第20-2-590号,12/25/20,12/31/25
2528,飲食店営業,その他,一品料理店,一品料理　新芽,910-0023,福井市順化２丁目２１－１８,0776-97-9790,福井市指令生衛第22-4-482号,4/12/23,4/30/28
2529,飲食店,食堂,,一冨士４７６９７事業所,910-0067,福井市新田塚２丁目４６－２６,077-510-2900,福井市指令生衛第20-1-462号,3/31/21,1/31/28
2530,添加物製造業,添加物製造業,,宇野酸素株式会社　福井営業所,910-0070,福井市高木西１丁目３０７,0776-25-3000,福井市指令生衛第22-4-259号,11/9/22,12/31/27
2531,飲食店,軽食,,羽二重餅総本舗　松岡軒,910-0006,福井市中央３丁目５－１９,0776-22-4400,福井市指令生衛第20-2-521号,10/19/20,11/30/25
2532,菓子製造業,一般,,羽二重餅総本舗　松岡軒,910-0006,福井市中央３丁目５－１９,0776-22-4400,福井市指令生衛第20-2-522号,10/19/20,11/30/25
2533,飲食店営業,その他,カフェ,雨のち晴レｃａｆｅ,918-8026,福井市渕４丁目１８１５アルバビル１Ｆ,0776-97-8303,福井市指令生衛第21-3-302号,3/4/22,5/31/27
2534,飲食店営業,その他,軽食店,臼井煙草倶楽部,910-0023,福井市順化２丁目２６－１７,0776-21-4533,福井市指令生衛第22-4-426号,3/7/23,4/30/28
2535,飲食店営業,その他,スナック,唄処　吞処　手毬,918-8027,福井市福町３１－１鷲田ビル　１Ｆ,,福井市指令生衛第24-4-60号,5/28/24,5/31/29
2536,飲食店営業,一般食堂・レストラン等,和食店,栄丸,910-0018,福井市田原２丁目１９－２７,0776-25-0105,福井市指令生衛第22-4-327号,12/14/22,2/29/28
2537,菓子製造業,菓子製造業,,栄山堂,910-0014,福井市幾久町２－１８,0776-22-1333,福井市指令生衛第21-4-571号,12/14/21,1/31/27
2538,菓子製造業,一般,,栄太楼,910-0015,福井市二の宮４丁目４―５,0776-22-1994,福井市指令生衛第19-2-486号,11/25/19,1/31/26
2539,飲食店,中華,,栄福祥,910-0023,福井市順化１丁目２４－３岩本ビル１Ｆ,,福井市指令生衛第20-1-241号,9/18/20,3/31/26
2540,飲食店営業,その他,テイクアウト（菓子）,永平寺だるまぷりん/恐竜菓子店,910-0006,福井市中央１丁目１－２５くるふ福井駅㉔,0776-37-3515,福井市指令生衛第23-3-385号,2/21/24,11/30/29
2541,菓子製造業,菓子製造業,,永平寺だるまぷりん/恐竜菓子店,910-0006,福井市中央１丁目１－２５くるふ福井駅㉔,0776-37-3515,福井市指令生衛第23-3-386号,2/21/24,11/30/29
2542,飲食店,食堂,ラーメン店,駅前中華そば　だるまや,910-0006,福井市中央１丁目１０－２２,0776-30-0567,福井市指令生衛第20-2-455号,11/26/20,11/30/25
2543,飲食店,軽食,,越のゆ　福井店,910-0804,福井市高木中央２丁目２６１３越のゆ　福井店,0776-53-0261,福井市指令生衛第20-2-562号,11/26/20,12/31/25
2544,酒類製造業,酒類製造業,,越の磯,910-0016,福井市大宮５丁目８－２５,0776-22-7711,福井市指令生衛第23-4-396号,12/14/23,1/31/29
2545,魚介類販売業,魚介類販売業,,越石亭,910-2165,福井市東郷二ケ町２７－１２,0776-41-0016,福井市指令生衛第22-4-38号,5/25/22,8/31/28
2546,飲食店営業,一般食堂・レストラン等,和食店,越石亭,910-2165,福井市東郷二ケ町２７－１２,0776-41-0016,福井市指令生衛第22-4-39号,5/25/22,8/31/28
2547,飲食店営業,その他,居酒屋,越前あて巻きデリアテール,910-0006,福井市中央１丁目３－５ＦＵＫＵＭＡＣＨＩ　ＢＬＯＣＫ　１Ｆ　ＭＩＮＩＥ　ＦＨ２０,,福井市指令生衛第23-3-334号,2/26/24,11/30/29
2548,食品の小分け業,食品の小分け業,,越前アリメントス株式会社,910-0837,福井市高柳１丁目２４０８中央市場関連団地２１４号,,福井市指令生衛第21-3-261号,1/24/22,12/31/27
2549,飲食店営業,一般食堂・レストラン等,和食屋,越前がに・旬のお料理　らでん,910-0006,福井市中央１丁目２－１ハピリン１階,0776-50-2901,福井市指令生衛第21-4-396号,10/6/21,11/30/26
2550,そうざい製造業,そうざい製造業,,越前かに漁火,910-0023,福井市順化２丁目１５－８吉川ビル１Ｆ,,福井市指令生衛第24-3-284号,10/22/24,4/30/30
2551,飲食店,めん類,,越前そば　大もり支店,918-8181,福井市浅水町１０４―６,0776-38-2386,福井市指令生衛第20-2-415号,9/23/20,10/31/25
2552,飲食店営業,一般食堂・レストラン等,そば屋,越前そば片桐,910-0023,福井市順化１丁目１７－１サンビル１Ｆ,0776-21-3147,福井市指令生衛第23-3-208号,10/13/23,3/31/29
2553,飲食店営業,一般食堂・レストラン等,和食店,越前つるきそば　ベル店,918-8015,福井市花堂南２丁目１６－１ベル１Ｆ,0776-34-1878,福井市指令生衛第21-4-306号,9/8/21,10/31/26
2554,飲食店営業,一般食堂・レストラン等,和食店,越前つるきそば　四ツ居店,918-8206,福井市北四ツ居町５１９,0776-53-0262,福井市指令生衛第21-4-105号,6/23/21,7/31/26
2555,飲食店営業,一般食堂・レストラン等,そば屋,越前つるきそば　板垣店,918-8114,福井市羽水１丁目６０７,0776-35-0720,福井市指令生衛第23-4-178号,8/1/23,10/31/28
2556,飲食店,めん類,,越前つるきそば　本店,910-0006,福井市中央２丁目４―３１,0776-24-1207,福井市指令生衛第20-2-515号,10/19/20,11/30/25
2557,麺類製造業,一般,,越前つるきそば　本店,910-0006,福井市中央２丁目４―３１,0776-24-1207,福井市指令生衛第20-2-516号,10/19/20,11/30/25
2558,食肉販売業,食肉販売業,,越前フーズ,918-8055,福井市若杉町１１－２１－３,0776-36-2526,福井市指令生衛第22-4-461号,3/14/23,5/31/28
2559,飲食店営業,一般食堂・レストラン等,そば屋,越前みやまそば,910-2211,福井市獺ケ口町２４－９０－１,,福井市指令生衛第24-3-305号,11/15/24,8/31/30
2560,麺類製造業,麺類製造業,,越前みやまそば,910-2211,福井市獺ケ口町２４－９０－１,,福井市指令生衛第24-3-306号,11/15/24,8/31/30
2561,飲食店営業,旅館,旅館、食堂,越前雲海,910-3385,福井市北菅生町１５－１０－１,0776-86-1221,福井市指令生衛第22-4-108号,6/15/22,7/31/27
2562,飲食店営業,その他,居酒屋,越前華丸　ワッセ店,918-8047,福井市久喜津町５２－３１,0776-34-8705,福井市指令生衛第24-4-61号,5/28/24,5/31/29
2563,麺類製造業,麺類製造業,,越前臥竜洞,910-0109,福井市二日市町３５－２９,,福井市指令生衛第24-4-85号,9/3/24,9/30/29
2564,飲食店,食堂,,越前丸,910-0063,福井市灯明寺２丁目710,0776-27-1022,福井市指令生衛第20-2-670号,11/26/20,1/31/26
2565,魚介類販売業,一般,,越前魚信,918-8014,福井市花堂中２丁目８－７－３メゾン花堂Ｂ号室,,福井市指令生衛第20-2-381号,10/19/20,10/31/25
2566,飲食店営業,その他,居酒屋,越前魚問屋　蟹エ門,910-0006,福井市中央１丁目３－５ＦＵＫＵＭＡＣＨＩ　ＢＬＯＣＫ　１Ｆ　ＭＩＮＩＥ　横丁８～11,0776-37-3707,福井市指令生衛第23-3-344号,2/26/24,11/30/29
2567,魚介類販売業,魚介類販売業,鮮魚店,越前魚問屋　蟹エ門,910-0006,福井市中央１丁目３－５ＦＵＫＵＭＡＣＨＩ　ＢＬＯＣＫ　１Ｆ　ＭＩＮＩＥ　横丁８～11,0776-37-3707,福井市指令生衛第23-3-345号,2/26/24,11/30/29
2568,そうざい製造業,そうざい製造業,,越前魚問屋　蟹エ門,910-0006,福井市中央１丁目３－５ＦＵＫＵＭＡＣＨＩ　ＢＬＯＣＫ　１Ｆ　ＭＩＮＩＥ　横丁８～11,0776-37-3707,福井市指令生衛第23-3-346号,2/26/24,11/30/29
2569,飲食店,めん類,,越前蕎麦dining 櫻庭,910-0023,福井市順化１丁目２３－３順化バレンシアビル１－Ａ,0776-22-7338,福井市指令生衛第20-1-194号,8/13/20,3/31/26
2570,麺類製造業,一般,,越前蕎麦dining 櫻庭,910-0023,福井市順化１丁目２３－３順化バレンシアビル１－Ａ,0776-22-7338,福井市指令生衛第20-1-195号,8/13/20,3/31/26
2571,飲食店営業,一般食堂・レストラン等,そば店,越前蕎麦倶楽部,910-0006,福井市中央１丁目１０－２１１階,,福井市指令生衛第22-4-179号,10/6/22,11/30/27
2572,麺類製造業,麺類製造業,,越前蕎麦倶楽部,910-0006,福井市中央１丁目１０－２１１階,,福井市指令生衛第22-4-180号,10/6/22,11/30/27
2573,麺類製造業,麺類製造業,,越前御蕎麦処　無双庵,910-0834,福井市丸山３丁目３０９,0776-54-4319,福井市指令生衛第22-4-218号,10/11/22,12/31/27
2574,菓子製造業,菓子製造業,,越前笹木餅,910-0843,福井市西開発１丁目１０１１－２,0776-54-5578,福井市指令生衛第21-4-493号,11/16/21,12/31/26
2575,飲食店,すし,,越前寿司処　丸松,918-8067,福井市光陽２丁目１８０８,0776-50-7556,福井市指令生衛第20-1-419号,2/19/21,2/28/26
2576,魚介類販売業,一般,,越前寿司処　丸松,918-8067,福井市光陽２丁目１８０８,0776-50-7556,福井市指令生衛第20-1-420号,2/19/21,2/28/27
2577,飲食店営業,一般食堂・レストラン等,和食店,越前食事処　やまと,910-3608,福井市三留町２１－４ＰＬＡＮＴ３内,0776-98-4529,福井市指令生衛第22-4-97号,5/31/22,5/31/27
2578,飲食店営業,一般食堂・レストラン等,食堂,越前赤坂,910-3556,福井市赤坂町３－３,0776-89-2001,福井市指令生衛第21-4-207号,7/8/21,7/31/26
2579,飲食店,社交飲食,,越前鮮魚店,910-0023,福井市順化１丁目２４―１３,0776-26-4137,福井市指令生衛第20-2-900号,2/19/21,3/31/26
2580,飲食店営業,一般食堂・レストラン等,中華料理店,越前中華,910-0021,福井市乾徳２丁目５－６,0776-27-5102,福井市指令生衛第22-4-339号,12/13/22,1/31/28
2581,飲食店営業,一般食堂・レストラン等,中華料理店,越前中華　花ひなたに咲く,910-0023,福井市順化１丁目２１－５エレガンテ片町２０１,,福井市指令生衛第24-3-242号,10/24/24,3/31/30
2582,飲食店,旅館,,越前満月,910-3136,福井市川尻町４１－４５－１,0776-85-1333,福井市指令生衛第20-2-195号,7/15/20,7/31/25
2583,飲食店営業,その他,居酒屋,越膳ダイニング　上々屋開発店,910-0841,福井市開発町８－２－１,0776-57-7788,福井市指令生衛第23-4-384号,12/6/23,12/31/28
2584,飲食店営業,その他,居酒屋,越膳ダイニング上々屋　舞屋店,918-8024,福井市舞屋町２－１３,0776-33-5388,福井市指令生衛第23-4-555号,3/21/24,5/31/29
2585,水産製品製造業,水産製品製造業,,越廼漁業協同組合,910-3552,福井市茱崎町１４－３２,0776-89-2316,福井市指令生衛第22-4-147号,7/6/22,7/31/27
2586,そうざい製造業,そうざい製造業,,越廼漁業協同組合,910-3552,福井市茱崎町１４－３２,0776-89-2316,福井市指令生衛第24-4-119号,7/3/24,7/31/29
2587,魚介類販売業,魚介類販売業,,越廼漁業協同組合,910-3552,福井市茱崎町地係中間育生施設敷地内,0776-89-2316,福井市指令生衛第24-4-121号,7/3/24,7/31/29
2588,飲食店営業,一般食堂・レストラン等,食堂,越廼漁村センター,910-3552,福井市茱崎町１４－３２越廼漁村センター　１階,0776-89-2316,福井市指令生衛第24-4-120号,7/3/24,7/31/29
2589,水産製品製造業,水産製品製造業,,越廼地区漁業士会,910-3552,福井市茱崎町地係,0776-89-2708,福井市指令生衛第23-4-126号,7/5/23,7/31/28
2590,菓子製造業,一般,,越麺屋,910-0052,福井市黒丸町１４－４８－１,0776-29-7687,福井市指令生衛第19-1-394号,12/27/19,1/31/26
2591,食品の冷凍又は冷蔵業,一般,,越麺屋,910-0052,福井市黒丸町１４－４８－１,0776-29-7687,福井市指令生衛第19-1-395号,12/27/19,1/31/26
2592,漬物製造業,漬物製造業,,越麺屋,910-0052,福井市黒丸町１４－４８－１,0776-29-7686,福井市指令生衛第23-4-407号,2/15/24,1/31/31
2593,飲食店営業,一般食堂・レストラン等,レストラン,越麺屋,910-0052,福井市黒丸町１４－４８－１,0776-29-7687,福井市指令生衛第24-4-230号,11/14/24,1/31/31
2594,そうざい製造業,そうざい製造業,,越麺屋,910-0052,福井市黒丸町１４－４８－１,0776-29-7687,福井市指令生衛第24-4-231号,11/14/24,1/31/31
2595,飲食店営業,仕出し屋・弁当屋,居酒屋,煙や,910-0005,福井市大手２丁目７－２３,0776-25-0088,福井市指令生衛第23-4-236号,10/3/23,11/30/28
2596,そうざい製造業,そうざい製造業,,煙や,910-0005,福井市大手２丁目７－２３,0776-25-0088,福井市指令生衛第23-4-237号,10/3/23,11/30/28
2597,飲食店営業,その他,居酒屋,猿の盃,910-0023,福井市順化２丁目２１－１加賀ビル１Ｆ,0776-29-7205,福井市指令生衛第21-4-737号,3/2/22,4/30/27
2598,飲食店営業,その他,給食,奥村病院・ひかりケアホーム,918-8104,福井市板垣５丁目２０１,0776-33-1600,福井市指令生衛第23-3-247号,11/1/23,10/31/30
2599,飲食店営業,その他,チョコレートショップ,横井チョコレート,910-0837,福井市高柳１丁目２１０１,0776-53-0776,福井市指令生衛第23-3-272号,12/15/23,12/31/28
2600,菓子製造業,菓子製造業,,横井チョコレート株式会社,910-0837,福井市高柳１丁目２１０１,0776-53-0776,福井市指令生衛第21-4-450号,11/18/21,12/31/27
2601,魚介類販売業,一般,,横山,918-8052,福井市明里町６―２１,0776-36-1944,福井市指令生衛第20-2-434号,9/17/20,10/31/25
2602,飲食店,仕出し弁当,,横山,918-8052,福井市明里町６―２１,0776-36-1944,福井市指令生衛第20-2-435号,9/17/20,10/31/25
2603,豆腐製造業,一般,,横須賀屋食品,910-0016,福井市大宮３丁目３０―１５,0776-23-4722,福井市指令生衛第20-2-768号,1/21/21,2/28/26
2604,飲食店営業,その他,居酒屋,横丁酒場,910-0023,福井市順化２丁目２１－１２福井県興行１６号,,福井市指令生衛第22-3-353号,2/21/23,4/30/28
2605,飲食店,社交飲食,,横笛,910-0023,福井市順化２丁目８－１４パークサイドタワービル　6階-A,0776-21-3138,福井市指令生衛第19-1-513号,4/6/20,4/30/25
2606,飲食店,めん類,,横浜家系らーめん　英,910-0026,福井市光陽２丁目５－５,0776-43-6804,福井市指令生衛第20-1-54号,5/8/20,2/28/26
2607,菓子製造業,菓子製造業,,欧風食堂サラマンジェＦ,910-0006,福井市中央１丁目１９－１玉村第１ビル　２Ｆ,0776-25-0151,福井市指令生衛第21-3-97号,8/30/21,11/30/27
2608,アイスクリーム類製造業,アイスクリーム類製造業,,欧風食堂サラマンジェＦ,910-0006,福井市中央１丁目１９－１玉村第１ビル　２Ｆ,0776-25-0151,福井市指令生衛第21-3-98号,8/30/21,11/30/27
2609,食用油脂製造業,食用油脂製造業,,欧風食堂サラマンジェＦ,910-0006,福井市中央１丁目１９－１玉村第１ビル　２Ｆ,0776-25-0151,福井市指令生衛第21-3-99号,8/30/21,11/30/27
2610,そうざい製造業,そうざい製造業,,欧風食堂サラマンジェＦ,910-0006,福井市中央１丁目１９－１玉村第１ビル　２Ｆ,0776-25-0151,福井市指令生衛第21-3-100号,8/30/21,11/30/27
2611,飲食店営業,一般食堂・レストラン等,洋食店,欧風食堂サラマンジェＦ,910-0006,福井市中央１丁目１９－１玉村第一ビル　１Ｆ,0776-25-0151,福井市指令生衛第22-4-177号,9/20/22,11/30/27
2612,飲食店営業,一般食堂・レストラン等,焼肉店,黄金屋,918-8004,福井市西木田５丁目１０－７,0776-34-0014,福井市指令生衛第22-4-166号,7/26/22,10/31/27
2613,飲食店,社交飲食,,黄色いハンカチ,910-0023,福井市順化１丁目１７－１０プルミエビル２Ｆ,0776-24-9933,福井市指令生衛第20-1-422号,2/25/21,3/31/26
2614,飲食店営業,一般食堂・レストラン等,居酒屋,沖縄料理　南風,910-0006,福井市中央１丁目２１－４０北ノ庄ビル１Ｆ,0776-25-2345,福井市指令生衛第21-4-408号,10/21/21,11/30/26
2615,飲食店営業,その他,ラーメン屋,屋台中華まる,910-0028,福井市学園２丁目８－２２,,福井市指令生衛第22-3-316号,1/27/23,2/29/28
2616,飲食店営業,その他,牡蠣小屋,牡蠣小屋　かきくけこ,918-8026,福井市渕２丁目９１７,0776-37-4578,福井市指令生衛第24-3-314号,11/13/24,5/31/30
2617,飲食店営業,仕出し屋・弁当屋,鮮魚店,下中屋,910-0826,福井市上中町２４－１４,0776-54-5328,福井市指令生衛第22-4-69号,6/1/22,7/31/27
2618,魚介類販売業,魚介類販売業,,下中屋,910-0826,福井市上中町２４－１４,0776-54-5328,福井市指令生衛第22-4-70号,6/1/22,7/31/27
2619,水産製品製造業,水産製品製造業,,加藤水産,910-3402,福井市鮎川町１０９－４,0776-88-2111,福井市指令生衛第21-4-183号,6/25/21,7/31/26
2620,飲食店営業,その他,スナック,夏希,910-0023,福井市順化１丁目１４－２１順化アルバビル３Ｆ３０２,0776-23-5552,福井市指令生衛第21-4-673号,1/26/22,3/31/27
2621,飲食店営業,その他,カフェ,果樹園,910-0006,福井市中央１丁目９－２３フルーツのウメダ　２Ｆ,0776-23-2624,福井市指令生衛第23-4-191号,11/14/23,11/30/28
2622,飲食店営業,その他,ジュースバー,果汁工房果琳　アピタ福井大和田店,910-0836,福井市大和田２丁目１２３０アピタ福井大和田１階,0776-53-1293,福井市指令生衛第23-4-280号,10/31/23,12/31/28
2623,飲食店営業,その他,カラオケ喫茶,歌広場　えびちゃん,918-8044,福井市高塚町１０１,0776-97-6679,福井市指令生衛第22-3-89号,7/1/22,5/31/28
2624,飲食店営業,一般食堂・レストラン等,ラーメン店,歌志軒　福井店,910-0022,福井市花月５丁目１－３７サンピア花月１０１,0776-97-5618,福井市指令生衛第24-4-431号,2/25/25,4/30/30
2625,飲食店営業,その他,カラオケ喫茶,歌謡喫茶　ユミ,910-0006,福井市中央１丁目２０－２１林ビル２Ｆ　後室,,福井市指令生衛第23-3-117号,9/21/23,11/30/28
2626,飲食店,社交飲食,,歌謡喫茶　ロードショー,910-0804,福井市高木中央１丁目3102コーポホワイト内　１Ｆ,0776-53-7747,福井市指令生衛第20-2-560号,11/26/20,12/31/25
2627,飲食店営業,その他,カラオケ喫茶,歌謡喫茶秀,910-0851,福井市米松１丁目８－２１,0776-97-8683,福井市指令生衛第22-4-16号,5/11/22,7/31/27
2628,飲食店営業,旅館,旅館,河甚旅館,918-8007,福井市足羽１丁目７－１６,0776-36-3850,福井市指令生衛第21-4-289号,8/5/21,10/31/26
2629,飲食店営業,その他,喫茶店,河童,910-0854,福井市御幸３丁目１１－２１,0776-26-5814,福井市指令生衛第22-4-12号,5/11/22,7/31/27
2630,飲食店営業,その他,韓国料理店,火山,910-0804,福井市高木中央１丁目２６０６－１,0776-52-1004,福井市指令生衛第24-4-261号,11/12/24,12/31/29
2631,飲食店営業,その他,スナック,花いち,910-0023,福井市順化１丁目１７－２５第２津々美ビル１－１０２,0776-25-0871,福井市指令生衛第24-4-391号,2/14/25,3/31/30
2632,菓子製造業,一般,,花えちぜん　エルパ店,910-0836,福井市大和田２丁目１２１２エルパ１Ｆ,0776-57-2516,福井市指令生衛第20-2-650号,11/26/20,12/31/25
2633,菓子製造業,菓子製造業,,花えちぜん　ベル店,918-8015,福井市花堂南２丁目１６―１ショッピンシティベル１Ｆ,0776-33-8066,福井市指令生衛第21-4-277号,8/10/21,10/31/26
2634,飲食店営業,その他,喫茶店,花ことば,918-8181,福井市浅水町１３４－３－２,0776-38-3515,福井市指令生衛第21-4-261号,8/31/21,10/31/26
2635,飲食店営業,その他,デリバリー、テイクアウト,花てんべんとうワークス,910-0023,福井市順化２丁目２２－５,,福井市指令生衛第21-3-281号,2/2/22,4/30/28
2636,飲食店営業,その他,喫茶店,花とてんとう虫　二の宮店,910-0015,福井市二の宮３丁目４１－３,0776-27-6578,福井市指令生衛第23-4-244号,10/19/23,1/31/29
2637,飲食店営業,その他,カラオケ喫茶,花音,910-0852,福井市松城町５－９徳山ビル１Ｆ,,福井市指令生衛第22-4-33号,5/25/22,7/31/27
2638,飲食店営業,その他,スナック,花音,910-0023,福井市順化１丁目１７－２８ジョイフル片町４階Ｂ号室,,福井市指令生衛第24-3-123号,7/25/24,3/31/30
2639,飲食店営業,一般食堂・レストラン等,レストラン,花々亭,910-0005,福井市大手２丁目１－１４ホテルルートイン福井駅前　１Ｆ,0776-30-2130,福井市指令生衛第24-4-195号,9/17/24,11/30/29
2640,魚介類販売業,一般,,花口屋,910-0003,福井市松本３丁目２０－１８,0776-22-3294,福井市指令生衛第20-2-740号,1/21/21,1/31/26
2641,飲食店営業,仕出し屋・弁当屋,仕出し弁当,花口屋,910-0003,福井市松本３丁目２０－１８,0776-22-3294,福井市指令生衛第24-4-298号,12/3/24,1/31/30
2642,飲食店営業,その他,喫茶,花水木,910-0027,福井市豊岡１丁目８－８,0776-26-8466,福井市指令生衛第24-4-317号,1/28/25,2/28/30
2643,飲食店,社交飲食,,花菱,910-0023,福井市順化２丁目１２－１４プリンスビル　３Ｆ　３０３,0776-28-3939,福井市指令生衛第19-1-97号,6/14/19,4/30/25
2644,飲食店,食堂,,華づな,918-8023,福井市西谷１丁目１２０１,0776-33-2880,福井市指令生衛第19-1-324号,11/15/19,5/31/26
2645,そうざい製造業,そうざい製造業,,華づな,918-8023,福井市西谷１丁目１２０１,0776-33-2880,福井市指令生衛第21-3-193号,11/26/21,5/31/28
2646,飲食店,社交飲食,,華苑,910-0023,福井市順化１丁目１７―１サンビル　１０２,0776-25-2633,福井市指令生衛第20-2-871号,2/18/21,3/31/26
2647,食肉販売業,一般,,華楽,918-8237,福井市和田東１丁目１０１,0776-26-5778,福井市指令生衛第20-1-25号,4/22/20,7/31/26
2648,飲食店営業,一般食堂・レストラン等,焼肉店,華楽,918-8237,福井市和田東１丁目１０１,0776-26-5778,福井市指令生衛第22-4-67号,5/19/22,7/31/28
2649,飲食店,軽食,,華匠,918-8026,福井市渕２丁目1917,0776-36-8032,福井市指令生衛第20-2-84号,4/23/20,5/31/25
2650,菓子製造業,菓子製造業,,華尼拉日和,910-0157,福井市八重巻東町３－１３片山ビル　１Ｆ　真ん中,,福井市指令生衛第22-3-364号,2/28/23,9/30/29
2651,菓子製造業,一般,,菓子の里,918-8055,福井市若杉町１１―２５―４,0776-36-9331,福井市指令生衛第20-2-33号,4/23/20,5/31/25
2652,菓子製造業,菓子製造業,,菓子工房　オルロージュ,918-8031,福井市種池２丁目４０４,0776-33-0008,福井市指令生衛第22-4-458号,4/6/23,5/31/28
2653,菓子製造業,一般,,菓心所　菓子の木,918-8135,福井市下六条町８－６,0776-41-2098,福井市指令生衛第20-1-158号,7/20/20,8/31/25
2654,アイスクリーム類製造業,一般,,菓心所　菓子の木,918-8135,福井市下六条町８－６,0776-41-2098,福井市指令生衛第20-1-159号,7/20/20,8/31/25
2655,飲食店営業,その他,老人介護施設,介護老人保健施設ヴィラ岩井（富士産業株式会社営業所）,910-0859,福井市日之出２丁目１３－２介護老人保健施設ヴィラ岩井内,0776-28-7671,福井市指令生衛第24-4-26号,5/1/24,7/31/30
2656,飲食店,軽食,,快活ＣＬＵＢ　福井駅前店,910-0005,福井市大手２丁目６－４マルダイビル２Ｆ・３Ｆ,0776-28-6588,福井市指令生衛第20-1-78号,5/29/20,11/30/25
2657,飲食店営業,その他,漫画喫茶,快活ＣＬＵＢ　福井米松店,910-0851,福井市米松２丁目２３－３３,0776-53-9488,福井市指令生衛第22-4-81号,6/1/22,7/31/27
2658,水産製品製造業,水産製品製造業,,海,910-3553,福井市蒲生町１５－４－１,0776-89-2221,福井市指令生衛第22-4-148号,7/6/22,7/31/27
2659,飲食店営業,旅館,旅館,海の宿　山根屋,910-3378,福井市免鳥町３５―１１１,0776-86-1727,福井市指令生衛第21-4-155号,6/16/21,7/31/26
2660,飲食店営業,一般食堂・レストラン等,寿司店,海座　福井開発店,910-0843,福井市西開発３丁目３２１－２,0776-54-1605,福井市指令生衛第21-4-474号,11/16/21,12/31/26
2661,飲食店,すし,,海鮮アトム　幾久店,910-0016,福井市大宮２丁目２２－２０,0776-25-2482,福井市指令生衛第20-2-763号,1/21/21,2/28/27
2662,飲食店,すし,,海鮮アトム　若杉店,918-8055,福井市若杉３丁目１７０３,0776-33-3824,福井市指令生衛第20-2-29号,4/23/20,5/31/25
2663,飲食店営業,一般食堂・レストラン等,寿司店,海鮮アトム　新保店,910-0838,福井市新保北１丁目１０２,0776-53-8300,福井市指令生衛第22-4-246号,10/20/22,12/31/27
2664,飲食店営業,一般食堂・レストラン等,寿司屋,海鮮アトム　大和田エルパ店,910-0836,福井市大和田２丁目１２１２エルパ１Ｆ,0776-57-2568,福井市指令生衛第24-4-280号,11/19/24,12/31/29
2665,飲食店営業,一般食堂・レストラン等,回転寿司店,海鮮アトム　和田店,918-8237,福井市和田東２丁目１１０２,0776-23-5464,福井市指令生衛第22-4-30号,5/11/22,7/31/27
2666,飲食店営業,その他,居酒屋,海鮮茶屋　えべっさん,910-0005,福井市大手３丁目１２－８江守ビル１階南室,,福井市指令生衛第24-4-313号,11/29/24,11/30/29
2667,魚介類販売業,一般,,海洋,910-0842,福井市開発５丁目1807,0776-54-8807,福井市指令生衛第20-2-547号,12/17/20,12/31/26
2668,飲食店営業,その他,居酒屋,蟹と海鮮　ぼんた,910-0006,福井市中央１丁目１－２５くるふ福井駅㊸,0776-37-3031,福井市指令生衛第23-3-397号,2/21/24,11/30/29
2669,飲食店営業,一般食堂・レストラン等,食堂,開花亭　Ｂｉｓ,910-0006,福井市中央１丁目８－１西武福井店　本館８Ｆ,0776-50-1071,福井市指令生衛第21-3-63号,7/27/21,11/30/26
2670,飲食店,食堂,,開花亭　ｓｏｕ－ａｎ,910-0006,福井市中央３丁目９―２１,0776-23-1009,福井市指令生衛第20-2-524号,10/19/20,11/30/26
2671,食品の冷凍又は冷蔵業,一般,,開花亭ｋｕｒｉ―ｙａ,910-0006,福井市中央３丁目５－１０,0776-89-1009,福井市指令生衛第20-1-81号,5/20/20,11/30/26
2672,そうざい製造業,そうざい製造業,和食店,開花亭ｋｕｒｉ－ｙａ,910-0006,福井市中央３丁目５－１０,0776-89-1009,福井市指令生衛第21-4-401号,10/13/21,11/30/26
2673,飲食店営業,その他,酒屋,角谷酒店,910-0845,福井市志比口３丁目１―８,0776-54-4235,福井市指令生衛第21-4-86号,6/9/21,7/31/26
2674,飲食店,仕出し弁当,,角桝屋,910-2167,福井市安原町１―３７,0776-41-0015,福井市指令生衛第20-2-126号,6/26/20,8/31/25
2675,飲食店営業,一般食堂・レストラン等,食堂,学校法人　北陸学園　１号館　カフェライフ,910-0017,福井市文京１丁目８－１北陸学園　１号館,0776-23-0321,福井市指令生衛第21-4-566号,12/16/21,1/31/28
2676,飲食店営業,一般食堂・レストラン等,集団給食,学校法人福井栄冠学園　認定こども園栄冠幼稚園,910-0005,福井市大手３丁目１５－１６,0776-22-4598,福井市指令生衛第22-3-379号,3/24/23,11/30/29
2677,飲食店,食堂,,楽ｔｅｉなか田゛,910-0006,福井市中央３丁目６－９浜町三谷ビル,0776-63-6698,福井市指令生衛第20-1-398号,2/3/21,11/30/26
2678,飲食店営業,一般食堂・レストラン等,中国料理,楽山麻婆店,910-0804,福井市高木中央２丁目３２１０－１,0776-76-3102,福井市指令生衛第24-3-155号,7/26/24,12/31/30
2679,飲食店,社交飲食,,割烹　やました,910-0023,福井市順化２丁目２４―１１,0776-23-8853,福井市指令生衛第20-2-1003号,3/24/21,4/30/26
2680,飲食店営業,一般食堂・レストラン等,和食店,割烹　磯膳,918-8017,福井市下荒井町４―７４―５,0776-39-0323,福井市指令生衛第21-4-298号,9/1/21,10/31/26
2681,そうざい製造業,一般,,割烹　間海,910-0023,福井市順化２丁目２１―８,0776-22-7660,福井市指令生衛第20-2-998号,3/31/21,4/30/26
2682,飲食店,仕出し弁当,,割烹　間海,910-0023,福井市順化２丁目２１―８,0776-22-7660,福井市指令生衛第20-2-999号,3/31/21,4/30/26
2683,飲食店営業,一般食堂・レストラン等,和食店,割烹　青とも,910-0023,福井市順化２丁目１９－１２森ビル２Ｆ　ＤＥ室,0776-65-0000,福井市指令生衛第22-4-423号,2/21/23,4/30/28
2684,菓子製造業,菓子製造業,,株式会社　ＫＩＭＵＲＡ,910-0017,福井市文京１丁目３０－９,0776-28-5030,福井市指令生衛第22-4-301号,11/25/22,1/31/28
2685,食肉処理業,食肉処理業,精肉加工,株式会社　ＮＫＯ,910-0843,福井市西開発２丁目５０６,0776-43-0129,福井市指令生衛第21-4-454号,11/16/21,12/31/27
2686,そうざい製造業,そうざい製造業,,株式会社　ｔｅａｍ　ｉｘｉ,918-8024,福井市舞屋町２－２２－２,0776-58-3833,福井市指令生衛第24-3-292号,11/1/24,5/31/31
2687,そうざい製造業,そうざい製造業,,株式会社　まる貴や,910-0836,福井市大和田１丁目１０１福井市中央卸売市場　関連商品売場棟,0776-57-0153,福井市指令生衛第24-4-224号,11/21/24,12/31/29
2688,飲食店営業,一般食堂・レストラン等,イタリア料理店,株式会社　ラッセ,910-0017,福井市文京３丁目１－２９杉森ビル１Ｆ,,福井市指令生衛第23-3-18号,4/21/23,2/28/29
2689,菓子製造業,菓子製造業,,株式会社　ラッセ,910-0017,福井市文京３丁目１－２９杉森ビル１Ｆ,,福井市指令生衛第23-3-19号,4/21/23,2/28/29
2690,そうざい製造業,そうざい製造業,,株式会社　ラッセ,910-0017,福井市文京３丁目１－２９杉森ビル１Ｆ,,福井市指令生衛第23-3-20号,4/21/23,2/28/29
2691,そうざい製造業,一般,,株式会社　越前かに成前,910-0023,福井市順化１丁目１４－１５,0776-63-6927,福井市指令生衛第19-2-754号,2/27/20,3/31/26
2692,魚介類販売業,一般,,株式会社　越前かに成前,910-0023,福井市順化１丁目１４－１５,0776-63-6927,福井市指令生衛第19-2-755号,2/27/20,3/31/26
2693,飲食店,仕出し弁当,,株式会社　越前かに成前,910-0023,福井市順化１丁目１４－１５,0776-63-6927,福井市指令生衛第19-1-151号,7/22/19,3/31/26
2694,水産製品製造業,水産製品製造業,,株式会社　越前かに成前,910-0023,福井市順化１丁目１４－１５,0776-63-6927,福井市指令生衛第24-4-55号,5/2/24,3/31/31
2695,食品の小分け業,食品の小分け業,,株式会社　近江商店,910-0027,福井市豊岡１丁目１６－８,0776-22-3245,福井市指令生衛第24-3-96号,5/31/24,2/28/30
2696,水産製品製造業,水産製品製造業,,株式会社　新海,910-0837,福井市高柳１丁目１４０１,0776-57-0222,福井市指令生衛第22-4-270号,10/26/22,12/31/27
2697,菓子製造業,菓子製造業,,株式会社　長谷川製餡所,910-0004,福井市宝永１丁目７－２,0776-22-5660,福井市指令生衛第24-4-215号,10/24/24,11/30/30
2698,食肉販売業,食肉販売業,,株式会社　田中與商店,910-0837,福井市高柳１丁目１６０１,0776-53-5300,福井市指令生衛第23-3-210号,10/18/23,12/31/29
2699,水産製品製造業,水産製品製造業,,株式会社　田中與商店,910-0837,福井市高柳１丁目１６０１,0776-53-5300,福井市指令生衛第23-4-227号,10/18/23,12/31/29
2700,漬物製造業,漬物製造業,,株式会社　田中與商店,910-0837,福井市高柳１丁目１６０１,0776-53-5300,福井市指令生衛第23-4-228号,10/18/23,12/31/29
2701,食品の小分け業,食品の小分け業,,株式会社ＫＣＹ,910-0018,福井市田原１丁目１１－１２ＢＷビル３Ｆ,0776-43-1779,福井市指令生衛第21-3-181号,11/22/21,2/28/27
2702,菓子製造業,菓子製造業,,株式会社ＫＣＹ,910-0018,福井市田原１丁目１１－１２ＢＷビル３Ｆ,0776-43-1779,福井市指令生衛第22-3-245号,11/10/22,2/29/28
2703,飲食店,食堂,,株式会社アイリス　あすわ店,918-8112,福井市下馬３丁目５１１あすわクリニック内（８階）,0776-34-3600,福井市指令生衛第20-2-379号,9/17/20,10/31/26
2704,飲食店,食堂,,株式会社アイリス　さくら店,918-8013,福井市花堂東２丁目４０８介護療養型老人保健施設さくら内（１階）,0776-34-3500,福井市指令生衛第20-2-382号,9/17/20,10/31/26
2705,食品の小分け業,食品の小分け業,,株式会社アコス,919-0301,福井市下細江町６－１,0776-41-7400,福井市指令生衛第24-3-37号,5/24/24,8/31/29
2706,麺類製造業,麺類製造業,,株式会社カガセイフン,910-0804,福井市高木中央１丁目３００４,0776-54-0578,福井市指令生衛第21-3-282号,2/7/22,12/31/28
2707,密封包装食品製造業,密封包装食品製造業,,株式会社カリョー　別館,918-8231,福井市問屋町１丁目４０,0776-23-7049,福井市指令生衛第22-4-71号,6/9/22,7/31/28
2708,飲食店,旅館,,株式会社グリーンフィールド越前,910-3558,福井市八ツ俣町１３―１,0776-89-2199,福井市指令生衛第19-2-262号,7/9/19,7/31/25
2709,菓子製造業,菓子製造業,,株式会社ごーる堂,910-3517,福井市畠中町２８－６,0776-97-2125,福井市指令生衛第23-3-378号,2/20/24,7/31/29
2710,アイスクリーム類製造業,アイスクリーム類製造業,,株式会社ごーる堂,910-3517,福井市畠中町２８－６,0776-97-2125,福井市指令生衛第24-4-99号,6/12/24,7/31/29
2711,飲食店営業,その他,スーパーマーケット,株式会社コペラわきもと,910-0034,福井市菅谷２丁目１６－２３,0776-24-0111,福井市指令生衛第21-4-597号,12/10/21,2/28/27
2712,魚介類販売業,魚介類販売業,,株式会社コペラわきもと,910-0034,福井市菅谷２丁目１６－２３,0776-24-0111,福井市指令生衛第21-4-598号,12/10/21,2/28/27
2713,食品の小分け業,食品の小分け業,,株式会社サン食品,918-8161,福井市鉾ケ崎町２５－５８,0776-38-3830,福井市指令生衛第24-3-85号,5/29/24,7/31/29
2714,密封包装食品製造業,密封包装食品製造業,,株式会社シーロード,910-3146,福井市小幡町４－３９,0776-85-7785,福井市指令生衛第23-4-107号,6/14/23,7/31/29
2715,菓子製造業,菓子製造業,,株式会社シーロード,910-3146,福井市小幡町４－３９,0776-85-7785,福井市指令生衛第24-4-98号,6/12/24,7/31/29
2716,飲食店営業,一般食堂・レストラン等,集団給食施設,株式会社シンカイ　レリエフ三郎丸,910-0033,福井市三郎丸１丁目１０９,0776-52-5540,福井市指令生衛第22-3-378号,3/24/23,2/28/29
2717,飲食店営業,一般食堂・レストラン等,集団給食,株式会社シンカイ　レリエフ二の宮,910-0015,福井市二の宮３丁目３２－２１,0776-52-5540,福井市指令生衛第22-3-377号,3/24/23,1/31/29
2718,飲食店営業,仕出し屋・弁当屋,,株式会社スエヒロ商事　肉のスエヒロ大宮店,910-0016,福井市大宮３丁目２０－２,0776-25-2380,福井市指令生衛第21-4-585号,12/21/21,2/28/27
2719,食肉販売業,食肉販売業,,株式会社ダイニング加工センター,918-8205,福井市北四ツ居２丁目６－１６,0776-53-3376,福井市指令生衛第24-4-31号,5/16/24,7/31/29
2720,飲食店営業,一般食堂・レストラン等,レストラン,株式会社タケダ開発,918-8176,福井市三十八社町３２－２０－１クラブハウス２Ｆ,0776-38-3000,福井市指令生衛第24-4-128号,7/30/24,10/31/29
2721,魚介類販売業,魚介類販売業,,株式会社ツクダ,910-0837,福井市高柳１丁目２２０２,0776-57-5600,福井市指令生衛第23-4-247号,10/18/23,12/31/28
2722,そうざい製造業,そうざい製造業,,株式会社ツクダ,910-0837,福井市高柳１丁目２２０２,0776-57-5600,福井市指令生衛第23-3-259号,11/15/23,12/31/28
2723,飲食店営業,一般食堂・レストラン等,集団給食施設,株式会社トラスティフード　昭和認定こども園　昭和幼稚園,918-8005,福井市みのり１丁目５－１８,0776-35-3533,福井市指令生衛第23-4-156号,8/9/23,10/31/29
2724,菓子製造業,菓子製造業,,株式会社ドンク　西武福井店,910-0006,福井市中央１丁目８－１西武福井店　地下１Ｆ,0776-27-4138,福井市指令生衛第23-4-212号,9/12/23,11/30/28
2725,飲食店,そうざい,,株式会社バロー　やしろ店,918-8031,福井市種池２丁目１００１,0776-36-5515,福井市指令生衛第20-2-37号,4/23/20,5/31/26
2726,食肉販売業,食肉販売業,,株式会社バロー　やしろ店,918-8031,福井市種池２丁目１００１,0776-36-5515,福井市指令生衛第23-4-501号,3/21/24,5/31/29
2727,魚介類販売業,魚介類販売業,,株式会社バロー　久喜津店,918-8047,福井市久喜津町５５－１,0776-33-6166,福井市指令生衛第23-4-507号,4/3/24,5/31/30
2728,食肉販売業,食肉販売業,,株式会社バロー　久喜津店,918-8047,福井市久喜津町５５－１,0776-33-6166,福井市指令生衛第23-4-506号,4/3/24,5/31/30
2729,菓子製造業,菓子製造業,,株式会社バロー　久喜津店,918-8047,福井市久喜津町５５－１,0776-33-6166,福井市指令生衛第23-4-508号,4/3/24,5/31/30
2730,魚介類販売業,一般,,株式会社バロー　新田塚店,910-0015,福井市二の宮５丁目１８－３２,0776-21-5771,福井市指令生衛第20-2-693号,11/6/20,1/31/27
2731,食肉販売業,一般,,株式会社バロー　新田塚店,910-0015,福井市二の宮５丁目１８－３２,0776-21-5771,福井市指令生衛第20-2-691号,11/6/20,1/31/27
2732,菓子製造業,一般,,株式会社バロー　新田塚店,910-0015,福井市二の宮５丁目１８－３２,0776-21-5771,福井市指令生衛第20-2-692号,11/6/20,1/31/27
2733,飲食店,仕出し弁当,,株式会社バロー　新田塚店,910-0015,福井市二の宮５丁目１８－３２,0776-21-5771,福井市指令生衛第21-1-25号,5/20/21,1/31/28
2734,飲食店,仕出し弁当,,株式会社バロー　新田塚店,910-0015,福井市二の宮５丁目１８－３２,0776-21-5771,福井市指令生衛第21-1-26号,5/20/21,1/31/28
2735,食肉販売業,食肉販売業,,株式会社バロー　森田店,910-0157,福井市八重巻東町６－５,0776-56-2185,福井市指令生衛第23-4-90号,7/12/23,9/30/29
2736,魚介類販売業,魚介類販売業,,株式会社バロー　森田店,910-0157,福井市八重巻東町６－５,0776-56-2185,福井市指令生衛第23-4-91号,7/12/23,9/30/29
2737,飲食店営業,仕出し屋・弁当屋,スーパー,株式会社バロー　森田店,910-0157,福井市八重巻東町６－５,0776-56-2185,福井市指令生衛第23-4-92号,7/12/23,9/30/29
2738,菓子製造業,菓子製造業,,株式会社バロー　森田店,910-0157,福井市八重巻東町６－５,0776-56-2185,福井市指令生衛第23-4-93号,7/12/23,9/30/29
2739,飲食店営業,仕出し屋・弁当屋,スーパー,株式会社バロー　米松店,910-0851,福井市米松２丁目２１－１８,0776-53-3131,福井市指令生衛第22-4-43号,6/16/22,7/31/28
2740,菓子製造業,菓子製造業,スーパー,株式会社バロー　米松店,910-0851,福井市米松２丁目２１－１８,0776-53-3131,福井市指令生衛第22-4-44号,6/16/22,7/31/28
2741,魚介類販売業,魚介類販売業,,株式会社バロー　米松店,910-0851,福井市米松２丁目２１－１８,0776-53-3131,福井市指令生衛第23-3-21号,5/25/23,7/31/29
2742,食肉販売業,食肉販売業,,株式会社バロー　米松店,910-0851,福井市米松２丁目２１－１８,0776-53-3131,福井市指令生衛第23-4-6号,5/25/23,7/31/29
2743,食肉販売業,一般,,株式会社バロー　豊岡店,910-0027,福井市豊岡１丁目１－２５,0776-27-2188,福井市指令生衛第19-2-722号,12/19/19,2/28/26
2744,魚介類販売業,一般,,株式会社バロー　豊岡店,910-0027,福井市豊岡１丁目１－２５,0776-27-2188,福井市指令生衛第19-2-720号,12/19/19,2/28/26
2745,飲食店,そうざい,,株式会社バロー　豊岡店,910-0027,福井市豊岡１丁目１－２５,0776-27-2188,福井市指令生衛第19-2-723号,12/19/19,2/28/26
2746,菓子製造業,菓子製造業,,株式会社ヒノモト,910-0032,福井市堀ノ宮１丁目８０３,0776-21-3811,福井市指令生衛第21-4-557号,12/2/21,2/28/27
2747,飲食店営業,その他,仕出し弁当,株式会社ヒノモト,910-0032,福井市堀ノ宮１丁目８０３,0776-21-3811,福井市指令生衛第24-4-340号,12/19/24,2/28/31
2748,そうざい製造業,そうざい製造業,,株式会社ヒノモト,910-0032,福井市堀ノ宮１丁目８０３,0776-21-3811,福井市指令生衛第24-4-341号,12/19/24,2/28/31
2749,そうざい製造業,一般,,株式会社フレスコ,919-0301,福井市下細江町第６―１,0776-41-7411,福井市指令生衛第19-1-538号,3/31/20,8/31/26
2750,食品の冷凍又は冷蔵業,一般,,株式会社フレスコ,919-0301,福井市下細江町第６―１,0776-41-7411,福井市指令生衛第19-1-539号,3/31/20,8/31/26
2751,飲食店,仕出し弁当,,株式会社ペントフォーク　ラボ,910-0052,福井市黒丸町１４－４８－２,0776-29-7686,福井市指令生衛第20-1-12号,5/20/20,1/31/27
2752,菓子製造業,一般,,株式会社ペントフォーク　ラボ,910-0052,福井市黒丸町１４－４８－２,0776-29-7686,福井市指令生衛第20-1-13号,5/20/20,1/31/27
2753,食品の冷凍又は冷蔵業,一般,,株式会社ペントフォーク　ラボ,910-0052,福井市黒丸町１４－４８－２,0776-29-7686,福井市指令生衛第20-1-14号,5/20/20,1/31/27
2754,麺類製造業,一般,,株式会社ペントフォーク　ラボ,910-0052,福井市黒丸町１４－４８－２,0776-29-7686,福井市指令生衛第20-1-15号,5/20/20,1/31/27
2755,複合型そうざい製造業,複合型そうざい製造業,,株式会社ポオトデリカトオカツ　北陸工場,910-0843,福井市西開発３丁目４０４－５,0776-53-1210,福井市指令生衛第21-4-390号,9/27/21,12/31/26
2756,飲食店,食堂,,株式会社メフォス東日本　第０２１９１号店,910-3143,福井市砂子坂町９－５,0776-83-1174,福井市指令生衛第20-1-179号,7/29/20,7/31/26
2757,そうざい製造業,一般,,株式会社ヤマゴ,910-3552,福井市茱崎町１－７７－１,0776-89-2516,福井市指令生衛第19-1-267号,10/11/19,7/31/25
2758,食品の冷凍又は冷蔵業,一般,,株式会社ヤマゴ,910-3552,福井市茱崎町１－７７－１,0776-89-2516,福井市指令生衛第19-1-268号,10/11/19,7/31/25
2759,水産製品製造業,水産製品製造業,,株式会社ヤマゴ,910-3552,福井市茱崎町１－７７－１,0776-89-2516,福井市指令生衛第21-4-167号,6/22/21,7/31/26
2760,豆腐製造業,一般,,株式会社リード食品工業,910-0147,福井市下森田町６―２８,0776-56-2365,福井市指令生衛第20-2-312号,8/26/20,9/30/25
2761,食品の冷凍又は冷蔵業,一般,,株式会社リード食品工業,910-0147,福井市下森田町６―２８,0776-56-2365,福井市指令生衛第20-2-313号,8/26/20,9/30/25
2762,菓子製造業,菓子製造業,,株式会社伊自良たまご,910-8537,福井市大和田１丁目１０１ふくい鮮いちば内,0776-58-7197,福井市指令生衛第21-3-37号,6/23/21,12/31/26
2763,そうざい製造業,そうざい製造業,,株式会社伊自良たまご,910-8537,福井市大和田１丁目１０１ふくい鮮いちば内,0776-58-7197,福井市指令生衛第21-3-38号,6/23/21,12/31/26
2764,漬物製造業,漬物製造業,,株式会社伊自良たまご,910-8537,福井市大和田１丁目１０１ふくい鮮いちば内,0776-58-7197,福井市指令生衛第21-3-39号,6/23/21,12/31/26
2765,そうざい製造業,そうざい製造業,,株式会社宇都宮正二商店,918-8231,福井市問屋町１丁目５１,0776-22-5067,福井市指令生衛第21-4-96号,6/29/21,7/31/26
2766,食品の小分け業,食品の小分け業,,株式会社宇都宮正二商店,918-8231,福井市問屋町１丁目５１,0776-22-5067,福井市指令生衛第23-4-125号,7/10/23,7/31/28
2767,食品の冷凍又は冷蔵業,一般,,株式会社宇都宮正二商店　高柳工場,910-0837,福井市高柳３丁目４６０６,0776-52-5122,福井市指令生衛第20-2-586号,11/26/20,12/31/25
2768,食肉販売業,一般,,株式会社宇都宮正二商店　高柳工場,910-0837,福井市高柳３丁目４６０６,0776-52-5122,福井市指令生衛第20-2-585号,11/26/20,12/31/25
2769,そうざい製造業,そうざい製造業,,株式会社宇都宮正二商店　高柳工場,910-0837,福井市高柳３丁目４６０６,0776-52-5122,福井市指令生衛第22-4-241号,10/25/22,12/31/28
2770,冷凍食品製造業,冷凍食品製造業,,株式会社宇都宮正二商店　高柳工場,910-0837,福井市高柳３丁目４６０６,0776-52-5122,福井市指令生衛第24-3-107号,6/6/24,12/31/30
2771,水産製品製造業,水産製品製造業,,株式会社越前水産,910-3553,福井市蒲生町１８－５,0776-89-2277,福井市指令生衛第22-4-149号,7/6/22,7/31/28
2772,飲食店,仕出し弁当,,株式会社越前水産　ＴＡＭＵＲＡＹＡ　ＦＯＯＤシステム,910-0836,福井市大和田１丁目１０１福井中央卸売市場　卸売棟,0776-43-6255,福井県指令福保第1910059号,3/26/19,12/31/25
2773,そうざい製造業,一般,,株式会社越前水産　ＴＡＭＵＲＡＹＡ　ＦＯＯＤシステム,910-0836,福井市大和田１丁目１０１福井中央卸売市場　卸売棟,0776-43-6255,福井県指令福保第1910060号,3/26/19,12/31/25
2774,水産製品製造業,水産製品製造業,,株式会社越前水産　ＴＡＭＵＲＡＹＡ　ＦＯＯＤシステム,910-0837,福井市高柳１丁目１４０１,0776-50-2505,福井市指令生衛第23-4-324号,12/1/23,12/31/29
2775,水産製品製造業,水産製品製造業,,株式会社越前水産　ＴＡＭＵＲＡＹＡ　ＦＯＯＤシステム,910-0836,福井市大和田１丁目１０１福井中央卸売市場　卸売棟,0776-43-6255,福井市指令生衛第23-4-325号,12/1/23,12/31/29
2776,そうざい製造業,そうざい製造業,,株式会社越前水産　ＴＡＭＵＲＡＹＡ　ＦＯＯＤシステム,910-0837,福井市高柳１丁目１４０１,0776-50-2505,福井市指令生衛第24-4-281号,11/19/24,12/31/30
2777,魚介類販売業,魚介類販売業,,株式会社越前水産　港店,910-3552,福井市茱崎町３８－１１－２,0776-89-2585,福井市指令生衛第21-4-212号,7/8/21,7/31/26
2778,水産製品製造業,水産製品製造業,,株式会社越前水産　福井中央卸売市場内加工場,910-0836,福井市大和田１丁目１０１,0776-43-1839,福井市指令生衛第22-3-384号,3/17/23,12/31/28
2779,そうざい製造業,そうざい製造業,,株式会社越前水産港店,910-3552,福井市茱崎町３８－１１－２,0776-89-2585,福井市指令生衛第22-3-240号,11/2/22,7/31/28
2780,水産製品製造業,水産製品製造業,,株式会社越前田村屋,910-0837,福井市高柳１丁目１７０４,0776-43-6255,福井市指令生衛第21-4-420号,12/1/21,12/31/27
2781,そうざい製造業,そうざい製造業,,株式会社越前田村屋,910-0837,福井市高柳１丁目１７０４,0776-43-6255,福井市指令生衛第21-4-419号,12/1/21,12/31/27
2782,菓子製造業,一般,,株式会社横井商店,910-0837,福井市高柳１丁目２１０１番地,0776-54-1234,福井市指令生衛第20-2-579号,11/26/20,12/31/26
2783,飲食店営業,一般食堂・レストラン等,中華料理店,株式会社王将フードサービス学園前店,910-0028,福井市学園２丁目１－１９,0776-23-3817,福井市指令生衛第23-4-364号,11/30/23,2/28/29
2784,菓子製造業,一般,,株式会社花えちぜん,910-0015,福井市二の宮３丁目３８－９,0776-22-0280,福井市指令生衛第20-2-681号,11/26/20,1/31/26
2785,アイスクリーム類製造業,一般,,株式会社花えちぜん,910-0015,福井市二の宮３丁目３８－９,0776-22-0280,福井市指令生衛第20-2-682号,11/26/20,1/31/26
2786,飲食店営業,その他,菓子店,株式会社花えちぜん,910-0015,福井市二の宮３丁目３８－９,0776-22-0280,福井市指令生衛第24-3-140号,6/27/24,1/31/31
2787,そうざい製造業,一般,,株式会社丸和,910-0837,福井市高柳２丁目６２２,0776-53-4570,福井市指令生衛第19-1-4号,4/5/19,12/31/25
2788,魚介類販売業,一般,,株式会社丸和,910-0837,福井市高柳２丁目６２２,0776-53-4570,福井市指令生衛第19-1-5号,4/5/19,12/31/25
2789,水産製品製造業,水産製品製造業,,株式会社丸和,910-0837,福井市高柳２丁目６２２,0776-53-4570,福井市指令生衛第23-4-457号,1/30/24,12/31/30
2790,そうざい製造業,そうざい製造業,,株式会社駒屋,910-0844,福井市長本町１０３４,0776-53-0753,福井市指令生衛第21-4-514号,11/18/21,12/31/26
2791,菓子製造業,菓子製造業,,株式会社御素麺屋,910-0003,福井市松本３丁目２－１２,0776-23-3272,福井市指令生衛第22-4-312号,12/1/22,1/31/28
2792,菓子製造業,一般,,株式会社御素麺屋　第２工場,910-0003,福井市松本３丁目８―１９,0776-23-2939,福井市指令生衛第20-2-744号,1/21/21,1/31/26
2793,菓子製造業,菓子製造業,,株式会社御素麺屋　堀の宮店,910-0016,福井市大宮６丁目５－２２,0776-21-1515,福井市指令生衛第22-4-311号,12/8/22,1/31/29
2794,漬物製造業,漬物製造業,,株式会社佐々木実商店,910-0804,福井市高木中央２丁目３３１５,,福井市指令生衛第22-4-4号,4/27/22,12/31/27
2795,そうざい製造業,そうざい製造業,,株式会社山田家,910-3136,福井市川尻町４１－４５－１,0776-85-1333,福井市指令生衛第23-4-173号,7/21/23,7/31/28
2796,密封包装食品製造業,密封包装食品製造業,,株式会社山田家,910-3136,福井市川尻町４１－４５－１,0776-85-1333,福井市指令生衛第23-3-132号,7/21/23,7/31/28
2797,飲食店,仕出し弁当,,株式会社四季彩,910-0837,福井市高柳１丁目1704,0776-52-0230,福井市指令生衛第20-2-578号,11/27/20,12/31/26
2798,菓子製造業,一般,,株式会社七楽,910-0122,福井市石盛町817,0776-56-4080,福井市指令生衛第20-2-327号,8/26/20,9/30/26
2799,飲食店,仕出し弁当,,株式会社七楽,910-0122,福井市石盛町817,0776-56-4080,福井市指令生衛第20-2-328号,8/26/20,9/30/26
2800,飲食店営業,一般食堂・レストラン等,焼肉店,株式会社寿々苑,910-0063,福井市灯明寺４丁目１０１Ｊ．Ｍビル,,福井市指令生衛第22-4-258号,11/17/22,1/31/28
2801,食肉製品製造業,一般,,株式会社秋吉グループ本部,919-0321,福井市下河北町５―３０,0776-38-5001,福井市指令生衛第20-2-132号,6/26/20,8/31/26
2802,そうざい製造業,一般,,株式会社秋吉グループ本部　外販棟作業所,919-0321,福井市下河北町５－３０,0776-38-5000,福井市指令生衛第20-1-168号,8/7/20,8/31/26
2803,食肉処理業,一般,,株式会社秋吉グループ本部　本社工場,919-0321,福井市下河北町５－３０,0776-38-5000,福井市指令生衛第19-2-123号,6/20/19,8/31/25
2804,ソース類製造業,一般,,株式会社秋吉グループ本部　本社工場,919-0321,福井市下河北町５－３０,0776-38-5000,福井市指令生衛第19-2-124号,6/20/19,8/31/25
2805,飲食店営業,その他,やきとり店,株式会社秋吉新田塚店,910-0011,福井市経田１丁目１４１４,0776-27-3285,福井市指令生衛第21-3-157号,10/28/21,1/31/27
2806,漬物製造業,漬物製造業,,株式会社秋𠮷グループ本部　本社工場,919-0321,福井市下河北町５－３０パック室,0776-38-5000,福井市指令生衛第23-4-546号,3/4/24,8/31/30
2807,漬物製造業,漬物製造業,,株式会社秋𠮷グループ本部　本社工場,919-0321,福井市下河北町５－３０野菜室,0776-38-5000,福井市指令生衛第23-4-547号,3/4/24,8/31/30
2808,液卵製造業,液卵製造業,,株式会社土田鶏卵　ＬＥセンター,910-0854,福井市御幸３丁目１－２１,,福井市指令生衛第21-3-55号,7/27/21,7/31/27
2809,飲食店営業,その他,ラウンジ,株式会社日々,910-0006,福井市中央３丁目９－２６,0776-21-5313,福井市指令生衛第24-4-182号,9/24/24,11/30/29
2810,そうざい製造業,一般,,株式会社番匠本店,910-0804,福井市高木中央３丁目５０７,0776-57-0849,福井県指令福保第1910080号,3/20/19,12/31/25
2811,食品の冷凍又は冷蔵業,一般,,株式会社番匠本店,910-0804,福井市高木中央３丁目５０７,0776-57-0849,福井市指令生衛第20-2-569号,11/26/20,12/31/26
2812,飲食店,仕出し弁当,,株式会社番匠本店,910-0804,福井市高木中央３丁目５０７,0776-57-0849,福井市指令生衛第20-2-570号,11/26/20,12/31/26
2813,飲食店営業,仕出し屋・弁当屋,弁当,株式会社番匠本店　ＭＥＧＡドン・キホーテ　ＵＮＹ福井店,918-8067,福井市飯塚町１１―１１１ＭＥＧＡドン・キホーテＵＮＹ福井店　１Ｆ,0776-33-6625,福井市指令生衛第21-4-25号,6/1/21,5/31/27
2814,飲食店,仕出し弁当,,株式会社番匠本店　アピタ福井大和田店,910-0836,福井市大和田２丁目１２３０番地アピタ福井大和田店１Ｆ,0776-57-2160,福井市指令生衛第20-2-663号,11/26/20,12/31/25
2815,水産製品製造業,水産製品製造業,,株式会社武盛,918-8231,福井市問屋町４丁目１１９,0776-21-0320,福井市指令生衛第21-4-103号,7/1/21,7/31/27
2816,菓子製造業,菓子製造業,,株式会社福井なかむら屋,910-0142,福井市上森田２丁目５０５,0776-56-3000,福井市指令生衛第23-4-118号,6/27/23,9/30/28
2817,飲食店,食堂,,株式会社福井銀行　本店ビル　ダイニング,910-0023,福井市順化１丁目１－１,0776-25-8016,福井市指令生衛第20-1-295号,10/28/20,3/31/27
2818,菓子製造業,菓子製造業,,株式会社平和堂　アル・プラザ・ベル,918-8577,福井市花堂南２丁目１６－１アルプラザベル１Ｆ,0776-35-3111,福井市指令生衛第21-4-276号,8/17/21,10/31/26
2819,飲食店営業,その他,スーパー,株式会社平和堂　アル・プラザ・ベル,918-8577,福井市花堂南２丁目１６－１アルプラザベル１Ｆ,0776-35-3111,福井市指令生衛第23-3-150号,9/19/23,10/31/29
2820,食肉販売業,食肉販売業,,株式会社平和堂　アル・プラザ・ベル,918-8577,福井市花堂南２丁目１６－１アルプラザベル１Ｆ,0776-35-3111,福井市指令生衛第24-4-152号,8/9/24,10/31/30
2821,飲食店営業,その他,スーパーマーケット,株式会社平和堂　アル・プラザ・ベル,918-8577,福井市花堂南２丁目１６－１アルプラザベル１Ｆ,0776-35-3111,福井市指令生衛第24-4-153号,8/9/24,10/31/30
2822,魚介類販売業,魚介類販売業,,株式会社平和堂　アル・プラザ・ベル,918-8577,福井市花堂南２丁目１６－１アルプラザベル１Ｆ,0776-35-3111,福井市指令生衛第24-4-154号,8/9/24,10/31/30
2823,飲食店営業,その他,スーパーマーケット,株式会社平和堂　アル・プラザ・ベル,918-8577,福井市花堂南２丁目１６－１アルプラザベル１Ｆ,0776-35-3111,福井市指令生衛第24-4-155号,8/9/24,10/31/30
2824,飲食店営業,その他,スーパーマーケット,株式会社平和堂　アル・プラザ・ベル,918-8577,福井市花堂南２丁目１６－１アルプラザベル１Ｆ,0776-35-3111,福井市指令生衛第24-4-156号,8/9/24,10/31/30
2825,飲食店営業,その他,スーパーマーケット,株式会社平和堂　アル・プラザ・ベル,918-8577,福井市花堂南２丁目１６－１アルプラザベル１Ｆ,0776-35-3111,福井市指令生衛第24-4-157号,8/9/24,10/31/30
2826,そうざい製造業,一般,,株式会社豊岡商店,910-0858,福井市手寄１丁目１３－１７,0776-23-4752,福井市指令生衛第20-1-184号,8/4/20,7/31/27
2827,飲食店,仕出し弁当,,株式会社豊岡商店,910-0858,福井市手寄１丁目１３－１７,0776-23-4752,福井市指令生衛第20-1-185号,8/4/20,7/31/27
2828,麺類製造業,麺類製造業,,株式会社豊岡商店,910-0858,福井市手寄１丁目１３－１７,0776-23-4752,福井市指令生衛第23-4-5号,5/9/23,7/31/28
2829,菓子製造業,菓子製造業,,株式会社髙井屋　スローベリィプラス,910-0834,福井市丸山３丁目４０２,0776-53-5000,福井市指令生衛第22-4-228号,10/25/22,12/31/28
2830,アイスクリーム類製造業,アイスクリーム類製造業,,株式会社髙井屋　スローベリィプラス,910-0834,福井市丸山３丁目４０２,0776-53-5000,福井市指令生衛第22-4-229号,10/25/22,12/31/28
2831,飲食店営業,一般食堂・レストラン等,和食店,乾徳亭,910-0021,福井市乾徳４丁目２－２７,0776-22-5236,福井市指令生衛第21-4-616号,12/23/21,1/31/27
2832,飲食店営業,その他,居酒屋,寛や,910-0023,福井市順化２丁目１９－１６順化ビル１Ｆ,0776-65-6925,福井市指令生衛第23-3-92号,6/29/23,4/30/30
2833,飲食店営業,その他,焼肉店,漢陽園　花堂店,918-8015,福井市花堂南１丁目４－８,0776-35-5058,福井市指令生衛第23-4-170号,8/8/23,10/31/28
2834,菓子製造業,菓子製造業,,甘福,910-0015,福井市二の宮５丁目１１－２０,0776-26-7503,福井市指令生衛第24-4-296号,12/5/24,1/31/30
2835,食肉処理業,食肉処理業,,関東日本フード株式会社　北越事業部　北陸加工部,918-8131,福井市小稲津町１０２－１,,福井市指令生衛第21-3-273号,2/3/22,8/31/28
2836,食肉販売業,食肉販売業,,関東日本フード株式会社　北越事業部　北陸加工部,918-8131,福井市小稲津町１０２－１,,福井市指令生衛第21-3-274号,2/3/22,8/31/28
2837,そうざい製造業,そうざい製造業,,関東日本フード株式会社　北越事業部　北陸加工部,918-8131,福井市小稲津町１０２－１,,福井市指令生衛第21-3-275号,2/3/22,8/31/28
2838,飲食店営業,その他,居酒屋,韓国居酒屋　済州園　チェジュエン,910-0023,福井市順化２丁目２２－１８ワタナベビル　１Ｆ,0776-25-3306,福井市指令生衛第24-4-421号,2/13/25,4/30/30
2839,飲食店営業,その他,鉄板焼,韓国酒店　美豚,910-0005,福井市大手２丁目３４１１屋台村Ａ,,福井市指令生衛第23-3-317号,2/5/24,11/30/29
2840,飲食店営業,一般食堂・レストラン等,韓国料理店,韓国食堂　麦,910-0023,福井市順化２丁目１５－１９セイコービル１Ｆ１０３号,0776-89-1070,福井市指令生衛第21-4-728号,2/24/22,4/30/27
2841,飲食店,食堂,,韓国厨房　セナラ,910-0842,福井市開発３丁目２５０９,0776-53-4040,福井市指令生衛第20-2-542号,12/14/20,12/31/25
2842,食肉販売業,一般,,韓国厨房　セナラ,910-0842,福井市開発３丁目２５０９,0776-53-4040,福井市指令生衛第20-1-44号,4/30/20,12/31/26
2843,漬物製造業,漬物製造業,,韓国厨房　セナラ,910-0842,福井市開発３丁目２５０９,0776-53-4040,福井市指令生衛第23-4-397号,12/13/23,12/31/28
2844,飲食店営業,一般食堂・レストラン等,韓国料理屋,韓国厨房　崔家,910-0023,福井市順化２丁目２１－４加賀ビル　１階,,福井市指令生衛第22-3-16号,4/22/22,4/30/27
2845,飲食店営業,その他,韓国料理,韓国厨房　崔家,910-0006,福井市中央１丁目３－５ＦＵＫＵＭＡＣＨＩ　ＢＬＯＣＫ　１Ｆ　ＭＩＮＩＥ　横丁１３,,福井市指令生衛第23-3-396号,2/26/24,11/30/29
2846,飲食店,食堂,,韓国料理　小さなおうち,910-0019,福井市春山２丁目１－３伊東ビル１階（１０５）,0776-28-5110,福井市指令生衛第20-1-418号,2/17/21,4/30/26
2847,飲食店,社交飲食,,韓国料理・焼肉　向,918-8057,福井市加茂河原１丁目４―８,0776-34-1178,福井市指令生衛第20-2-6号,4/23/20,5/31/26
2848,飲食店営業,一般食堂・レストラン等,韓国料理,韓丼　福井丸山店,910-0834,福井市丸山１丁目１０３,0776-52-5529,福井市指令生衛第24-4-264号,11/12/24,12/31/29
2849,飲食店営業,一般食堂・レストラン等,韓国料理店,韓丼　福井大宮店,910-0016,福井市大宮２丁目２５－１３,0776-28-2939,福井市指令生衛第23-4-374号,12/7/23,2/28/29
2850,菓子製造業,一般,,丸岡家,910-0019,福井市春山２丁目１８－１８,0776-22-5394,福井県指令福保第9610685号,3/22/19,4/30/25
2851,アイスクリーム類製造業,一般,,丸岡家,910-0019,福井市春山２丁目１８－１８,0776-22-5394,福井県指令福保第9610686号,3/22/19,4/30/25
2852,飲食店営業,一般食堂・レストラン等,一般食堂,丸亀製麺フェアモール福井,910-0836,福井市大和田２丁目１２１２ラブリーパートナーエルパ２Ｆ　フードコート,0776-54-2810,福井市指令生衛第24-3-142号,7/8/24,12/31/29
2853,飲食店営業,一般食堂・レストラン等,和食屋,丸亀製麺福井,918-8012,福井市花堂北１丁目１２－１９,0776-34-4200,福井市指令生衛第21-4-271号,8/19/21,10/31/26
2854,食肉処理業,食肉処理業,,丸金商店,910-0804,福井市高木中央１丁目３２４,0776-53-0129,福井市指令生衛第24-4-232号,11/5/24,12/31/30
2855,飲食店営業,その他,居酒屋,丸駒,910-0023,福井市順化２丁目２２－２１ＫＩＨＡＣＨＩⅡビル　１Ｆ,0776-23-8606,福井市指令生衛第22-4-396号,2/14/23,4/30/28
2856,飲食店営業,一般食堂・レストラン等,飲食店（ラーメン）,丸源ラーメン　福井若杉店,918-8055,福井市若杉１丁目２９０１,0776-35-6450,福井市指令生衛第21-4-59号,6/1/21,5/31/27
2857,飲食店営業,一般食堂・レストラン等,ラーメン屋,丸源ラーメン福井大和田店,910-0836,福井市大和田２丁目１２３９,0776-43-3516,福井市指令生衛第24-3-152号,7/26/24,12/31/29
2858,飲食店営業,その他,居酒屋,丸子,910-0006,福井市中央１丁目１６－５,,福井市指令生衛第24-3-345号,12/23/24,11/30/30
2859,水産製品製造業,水産製品製造業,,丸市食品株式会社,910-0804,福井市高木中央３丁目２０１４,0776-53-6100,福井市指令生衛第21-4-423号,10/28/21,12/31/27
2860,飲食店,すし,,丸寿し,910-0024,福井市照手４丁目１０－１６,0776-24-3591,福井市指令生衛第21-2-32号,4/30/21,4/30/26
2861,飲食店営業,一般食堂・レストラン等,そば屋,丸仙そば,910-0004,福井市宝永４丁目１８－７,0776-22-3495,福井市指令生衛第23-4-215号,10/3/23,11/30/28
2862,飲食店営業,一般食堂・レストラン等,そば屋,丸仙そば　幾久支店,910-0015,福井市二の宮３丁目２－１４,0776-25-0113,福井市指令生衛第21-4-464号,11/17/21,1/31/27
2863,飲食店営業,一般食堂・レストラン等,そば、うどん店,丸仙花月支店,910-0022,福井市花月５丁目１－４５,0776-26-4648,福井市指令生衛第22-4-403号,2/1/23,4/30/28
2864,豆腐製造業,一般,,岸田食品株式会社,918-8231,福井市問屋町２丁目10,0776-23-1648,福井市指令生衛第19-2-148号,6/20/19,7/31/25
2865,豆腐製造業,豆腐製造業,,岸豆腐店,918-8016,福井市江端町３３－１,0776-38-2603,福井市指令生衛第21-4-259号,9/9/21,10/31/26
2866,みそ又はしょうゆ製造業,みそ又はしょうゆ製造業,,岩尾孫次郎醤油店,910-3383,福井市糸崎町１－３,0776-86-1720,福井市指令生衛第23-4-140号,7/11/23,7/31/28
2867,漬物製造業,漬物製造業,,岩尾孫次郎醤油店,910-3383,福井市糸崎町１－３,0776-86-1720,福井市指令生衛第23-4-141号,7/11/23,7/31/28
2868,飲食店,めん類,,岩本屋　大宮店,910-0016,福井市大宮４丁目１－５,0776-58-7118,福井市指令生衛第20-1-83号,5/22/20,2/28/27
2869,飲食店営業,一般食堂・レストラン等,ラーメン店,岩本屋　大和田店,910-0837,福井市高柳１丁目１２０１,0776-43-0489,福井市指令生衛第23-4-289号,11/9/23,12/31/28
2870,飲食店営業,一般食堂・レストラン等,ラーメン屋,岩本屋　福井店,910-0026,福井市光陽２丁目１０－１５,0776-21-4667,福井市指令生衛第24-4-346号,1/9/25,2/28/30
2871,飲食店営業,一般食堂・レストラン等,中華料理店,岩本屋　米松店,910-0851,福井市米松１丁目１５－２９,0776-43-1227,福井市指令生衛第21-4-84号,6/17/21,7/31/26
2872,飲食店営業,その他,居酒屋,雁ぐらし,910-0023,福井市順化１丁目１６－１５,0776-27-0076,福井市指令生衛第22-4-371号,1/19/23,3/31/28
2873,みそ製造業,一般,,企業組合新ちゃんみそ,910-3612,福井市清水山町１０－６０,0776-98-4654,福井市指令生衛第19-1-281号,10/17/19,6/30/25
2874,そうざい製造業,一般,,企業組合新ちゃんみそ,910-3612,福井市清水山町１０－６０,0776-98-4654,福井市指令生衛第19-1-282号,10/17/19,6/30/25
2875,菓子製造業,一般,,企業組合新ちゃんみそ,910-3612,福井市清水山町１０－６０,0776-98-4654,福井市指令生衛第19-1-283号,10/17/19,6/30/25
2876,食品の冷凍又は冷蔵業,一般,,企業組合新ちゃんみそ,910-3612,福井市清水山町１０－６０,0776-98-4654,福井市指令生衛第19-1-284号,10/17/19,6/30/25
2877,飲食店営業,一般食堂・レストラン等,食堂,喜,910-0006,福井市中央１丁目６－１,,福井市指令生衛第24-4-208号,10/10/24,11/30/29
2878,魚介類販売業,魚介類販売業,,喜久多や,910-0023,福井市順化２丁目８－３,0776-24-0412,福井市指令生衛第21-4-696号,2/22/22,4/30/27
2879,飲食店営業,その他,焼肉店,喜幸,918-8202,福井市大東２丁目２－２４,0776-53-8335,福井市指令生衛第24-4-41号,5/16/24,7/31/29
2880,飲食店営業,その他,日本料理店,喜水,910-0015,福井市二の宮３丁目１３－１１,0776-28-0008,福井市指令生衛第23-4-331号,11/14/23,1/31/29
2881,飲食店営業,一般食堂・レストラン等,食堂,喜多亭,910-0836,福井市大和田１丁目１０１福井市中央卸売市場関連商品売場棟,0776-53-3150,福井市指令生衛第21-4-463号,11/2/21,12/31/26
2882,飲食店営業,その他,居酒屋,寄り処,910-0023,福井市順化２丁目１９－１６順化ビル１階,,福井市指令生衛第22-3-51号,5/23/22,4/30/28
2883,飲食店営業,その他,カフェ,寄合カフェ　京町Ｙ・Ｙ,910-0023,福井市順化２丁目４－１０,0776-22-1671,福井市指令生衛第22-4-398号,2/7/23,4/30/28
2884,飲食店営業,一般食堂・レストラン等,ラーメン店,岐阜タンメン　福井店,910-0851,福井市米松２丁目２３－３６,0776-50-3705,福井市指令生衛第23-3-434号,3/5/24,7/31/29
2885,飲食店営業,その他,和食店,気軽に和食　はせや,910-0011,福井市経田２丁目３０２フェルティビル１０２,0776-28-5303,福井市指令生衛第22-4-290号,11/16/22,1/31/28
2886,飲食店営業,その他,居酒屋,季ての,910-0016,福井市大宮４丁目１４－１８ストリート大宮１０２号室,0776-25-4543,福井市指令生衛第22-4-322号,12/22/22,2/29/28
2887,飲食店営業,その他,居酒屋,季ノ肴よしかわ,918-8055,福井市若杉４丁目７０２,0776-43-1695,福井市指令生衛第23-4-504号,3/27/24,5/31/29
2888,飲食店営業,一般食堂・レストラン等,日本料理店,季寄,910-0023,福井市順化２丁目１５－１８,0776-43-9353,福井市指令生衛第23-4-535号,2/20/24,4/30/29
2889,飲食店営業,その他,料理屋,季節料理　磯,910-0023,福井市順化１丁目１３－６笠島ビル　１Ｆ,0776-29-7688,福井市指令生衛第24-4-402号,1/30/25,3/31/30
2890,飲食店営業,旅館,旅館,亀の井ホテル　福井,918-8026,福井市渕町４３－１７,0776-36-5793,福井市指令生衛第21-3-303号,3/11/22,5/31/27
2891,飲食店営業,旅館,旅館,亀の井ホテル　福井,918-8026,福井市渕町４３－１７,0776-36-5793,福井市指令生衛第21-3-304号,3/11/22,5/31/27
2892,菓子製造業,菓子製造業,,亀屋製菓株式会社,910-0138,福井市東森田４丁目１０１,0776-56-1200,福井市指令生衛第23-4-82号,6/15/23,9/30/28
2893,飲食店営業,一般食堂・レストラン等,和食店,亀島亭,910-3402,福井市鮎川町１３２―４,0776-88-2577,福井市指令生衛第21-4-145号,6/16/21,7/31/27
2894,飲食店営業,その他,とんちゃん居酒屋,義　～ＹＯＳＨＩ～,910-0023,福井市順化２丁目２１－４加賀ビル　１階　ＡＢ号室,,福井市指令生衛第24-3-216号,9/9/24,4/30/30
2895,飲食店,社交飲食,,蟻,910-0023,福井市順化１丁目２４―１７玉村ビル　ＢＦ,0776-24-0033,福井市指令生衛第19-2-804号,3/30/20,3/31/25
2896,飲食店営業,一般食堂・レストラン等,食堂,菊水,910-3373,福井市西畑町１６－４９－５,0776-86-1107,福井市指令生衛第22-4-107号,6/15/22,7/31/27
2897,飲食店営業,一般食堂・レストラン等,食堂,吉ちょう,910-0005,福井市大手３丁目４－１福井放送会館　ＢＦ,0776-23-3727,福井市指令生衛第21-4-348号,9/30/21,11/30/26
2898,酒類製造業,酒類製造業,,吉田金右衛門商店,910-3121,福井市佐野町２１－８１,0776-83-1166,福井市指令生衛第23-4-106号,6/14/23,7/31/28
2899,みそ又はしょうゆ製造業,みそ又はしょうゆ製造業,醤油店,吉田醤油店,910-3121,福井市佐野町２１―２７,0776-83-0073,福井市指令生衛第21-4-148号,6/16/21,7/31/26
2900,菓子製造業,菓子製造業,,吉田餅店,910-0019,福井市春山２丁目１３－２４,0776-22-4896,福井市指令生衛第21-4-740号,2/17/22,4/30/27
2901,飲食店営業,一般食堂・レストラン等,和食店,吉野寿司,910-0006,福井市中央２丁目６－４,0776-22-1810,福井市指令生衛第21-4-338号,9/29/21,11/30/26
2902,飲食店営業,その他,喫茶店,喫茶　アゲイン,910-0002,福井市町屋１丁目２－１５ゴールデンフォーレストビル１Ｆ,,福井市指令生衛第23-4-385号,12/6/23,1/31/29
2903,飲食店営業,その他,喫茶店,喫茶　すたっふ,910-0143,福井市下森田新町２５１５番地,0776-56-3740,福井市指令生衛第21-4-200号,7/21/21,9/30/26
2904,飲食店営業,その他,喫茶店,喫茶　スリーム,910-0015,福井市二の宮４丁目２６－１４,0776-23-8919,福井市指令生衛第23-4-286号,11/2/23,1/31/29
2905,飲食店,軽食,,喫茶　そらとあお,918-8206,福井市北四ツ居町１６－１８,,福井市指令生衛第20-1-234号,10/7/20,7/31/26
2906,飲食店営業,その他,喫茶店,喫茶　フェイト,910-0017,福井市文京５丁目１３－３８ハイシティ文京　１Ｆ,0776-29-2251,福井市指令生衛第22-4-318号,12/1/22,1/31/28
2907,飲食店営業,その他,喫茶店,喫茶　まっち棒,910-0002,福井市町屋３丁目１５－９,,福井市指令生衛第23-3-83号,6/26/23,1/31/29
2908,飲食店営業,その他,喫茶店,喫茶　ミカン,910-2147,福井市成願寺町１０字大門住まいの展示場家の森内１Ｆ,0776-41-8184,福井市指令生衛第22-4-49号,6/1/22,7/31/27
2909,飲食店営業,その他,喫茶店,喫茶　もんじゅ,918-8135,福井市下六条町１６－１５福井県中小企業産業大学校内　１Ｆ,0776-41-3775,福井市指令生衛第24-4-10号,5/14/24,8/31/29
2910,飲食店営業,その他,喫茶店,喫茶　ろっぽんぎ,910-0016,福井市大宮２丁目２０－７,0776-23-0727,福井市指令生衛第23-4-348号,12/5/23,2/28/29
2911,飲食店営業,その他,喫茶店,喫茶　迦毘羅,910-0023,福井市順化１丁目１０－１,0776-24-3885,福井市指令生衛第22-4-352号,1/12/23,3/31/28
2912,飲食店営業,その他,居酒屋,喫茶　美美,918-8018,福井市大島町堂畑１０２－１,0776-34-2631,福井市指令生衛第23-4-145号,8/1/23,10/31/28
2913,飲食店営業,その他,喫茶店,喫茶＆カラオケ　ＣｏＣｏ,910-0002,福井市町屋１丁目３－５マルタケビル１Ｆ,0776-22-0808,福井市指令生衛第22-4-338号,12/15/22,1/31/28
2914,飲食店営業,その他,スナック,喫茶＆スナック　多㐂,910-0027,福井市豊岡１丁目２－１６豊岡ハイツ１Ｆ１０６号室,0776-22-1121,福井市指令生衛第21-4-624号,1/12/22,2/28/27
2915,飲食店営業,その他,喫茶店,喫茶アーミィ,910-0833,福井市新保３丁目６０１－１,,福井市指令生衛第21-3-96号,8/23/21,12/31/26
2916,飲食店営業,その他,カラオケ喫茶,喫茶カラオケＡｍｙｕ,918-8237,福井市和田東１丁目２１０１北島ビル１Ｆ,,福井市指令生衛第23-3-77号,6/26/23,7/31/28
2917,飲食店営業,その他,喫茶,喫茶シシリア,910-0016,福井市大宮６丁目１３－９,0776-25-0757,福井市指令生衛第23-4-365号,12/14/23,1/31/29
2918,飲食店,軽食,,喫茶店　ももか,910-0068,福井市舟橋新１丁目１３２１―１,0776-65-6625,福井市指令生衛第20-2-593号,12/11/20,12/31/25
2919,清涼飲料水製造業,清涼飲料水製造業,,久保田製菓,918-8204,福井市南四ツ居２丁目１―３６,0776-54-1620,福井市指令生衛第21-4-172号,7/6/21,7/31/26
2920,菓子製造業,菓子製造業,,久保田製菓,918-8204,福井市南四ツ居２丁目１―３６,0776-54-1620,福井市指令生衛第21-4-170号,7/6/21,7/31/26
2921,飲食店営業,その他,焼肉屋,宮下ホルモン,910-3376,福井市和布町１１－６０－５,,福井市指令生衛第23-4-112号,6/14/23,7/31/28
2922,飲食店営業,その他,立ち飲み店,宮郷酒店,910-0024,福井市照手４丁目５－１６,0776-22-2575,福井市指令生衛第21-4-693号,2/8/22,4/30/27
2923,飲食店営業,その他,居酒屋,宮崎地鶏と福彩の四季　㐂鶏屋,910-0023,福井市順化１丁目１０－１５,0776-22-0605,福井市指令生衛第23-3-170号,8/29/23,3/31/29
2924,飲食店,仕出し弁当,,給食センター・よかったね,910-0003,福井市松本２丁目２５－１６２階,0776-25-5315,福井市指令生衛第20-2-736号,1/21/21,1/31/27
2925,そうざい製造業,一般,,給食センター・よかったね,910-0003,福井市松本２丁目２５－１６２階,0776-25-5315,福井市指令生衛第20-2-737号,1/21/21,1/31/27
2926,飲食店営業,一般食堂・レストラン等,焼肉,牛角　羽水店,918-8114,福井市羽水１丁目６０７－１,0776-43-9329,福井市指令生衛第21-4-260号,8/12/21,10/31/26
2927,飲食店営業,その他,焼肉店,牛角　福井大和田店,910-0836,福井市大和田１丁目１５０５,0776-37-3529,福井市指令生衛第23-3-412号,3/11/24,12/31/29
2928,飲食店営業,一般食堂・レストラン等,フードコート,牛角焼肉食堂　ラブリーパートナーエルパ店,910-0836,福井市大和田２丁目１２１２ラブリーパートナーエルパ　２Ｆ　区画番号２００４,0776-58-3329,福井市指令生衛第24-3-313号,11/21/24,12/31/29
2929,飲食店営業,一般食堂・レストラン等,焼肉店,牛々亭,918-8015,福井市花堂南１丁目８―５スカイメナー花堂１Ｆ,0776-34-2941,福井市指令生衛第21-4-288号,8/25/21,10/31/26
2930,菓子製造業,菓子製造業,,牛若餅,918-8027,福井市福町３１－１－３８,0776-36-0424,福井市指令生衛第21-4-757号,3/15/22,5/31/28
2931,飲食店営業,一般食堂・レストラン等,焼肉屋,牛匠・人時,910-0023,福井市順化２丁目２２－１７ミヤコビル２０２,,福井市指令生衛第21-3-298号,6/3/22,4/30/28
2932,飲食店営業,その他,居酒屋,居酒屋　あらかわ,910-0023,福井市順化１丁目１２－１０アフターシックスビル１Ｆ,0776-22-0750,福井市指令生衛第22-4-379号,1/19/23,3/31/28
2933,飲食店,社交飲食,,居酒屋　かかし,910-0029,福井市日光２丁目８―１３,0776-25-0334,福井市指令生衛第20-2-789号,1/21/21,2/28/26
2934,飲食店営業,その他,居酒屋,居酒屋　たぬき,910-0023,福井市順化２丁目２０－１８片町ビル１Ｆ,0776-43-9969,福井市指令生衛第23-4-560号,3/22/24,4/30/29
2935,飲食店営業,その他,居酒屋,居酒屋　なごみ屋,910-0853,福井市城東４丁目１１－２３王冠ビル１Ｆ,0776-29-0510,福井市指令生衛第23-4-42号,5/11/23,7/31/28
2936,飲食店営業,その他,居酒屋,居酒屋　のれん,918-8027,福井市福２丁目１９１０,0776-34-6522,福井市指令生衛第21-4-783号,3/15/22,5/31/27
2937,飲食店,社交飲食,,居酒屋　ひっぱり凧,910-0023,福井市順化１丁目１２―２,0776-23-4737,福井市指令生衛第20-2-850号,2/18/21,3/31/26
2938,飲食店営業,その他,居酒屋,居酒屋　よっちゃん,918-8026,福井市渕２丁目８２０塚谷ビル１０６,0776-34-8819,福井市指令生衛第21-4-803号,3/17/22,5/31/27
2939,飲食店営業,その他,居酒屋,居酒屋　わさび,910-0029,福井市日光２丁目２５－７吉川総業ビル１Ｆ　１０３,,福井市指令生衛第21-4-577号,12/14/21,2/28/27
2940,飲食店営業,一般食堂・レストラン等,居酒屋,居酒屋　花や,910-0023,福井市順化２丁目２１―１７ライブリービル１Ｆ,0776-26-0980,福井市指令生衛第21-4-736号,3/8/22,4/30/27
2941,飲食店,食堂,,居酒屋　山ぐち,910-0021,福井市乾徳４丁目１―１,0776-22-3045,福井市指令生衛第20-2-723号,1/21/21,1/31/26
2942,飲食店営業,その他,居酒屋,居酒屋　杉の子,918-8176,福井市三十八社町６０４,0776-38-3579,福井市指令生衛第22-4-131号,7/7/22,10/31/27
2943,飲食店営業,その他,居酒屋,居酒屋　呑太,910-0004,福井市宝永１丁目３７－２１ビンテージ１Ｆ,0776-97-6543,福井市指令生衛第23-4-213号,9/12/23,11/30/28
2944,飲食店営業,その他,居酒屋,居酒屋　和華,910-0024,福井市照手４丁目８－１０１Ｆ,0776-89-2029,福井市指令生衛第22-3-357号,3/20/23,4/30/28
2945,飲食店営業,その他,居酒屋,居酒屋シャンガリ,910-0005,福井市大手２丁目６－１５前田ビル１階,0776-92-0562,福井市指令生衛第22-3-34号,5/27/22,11/30/27
2946,飲食店営業,その他,居酒屋,魚と地酒　たら福,910-0005,福井市大手２丁目３４１１屋台村Ｂ,,福井市指令生衛第23-3-350号,2/9/24,11/30/29
2947,飲食店営業,仕出し屋・弁当屋,魚屋,魚よし,910-0044,福井市田ノ谷町１６―５,0776-59-1013,福井市指令生衛第21-4-67号,6/15/21,7/31/26
2948,魚介類販売業,魚介類販売業,魚屋,魚よし,910-0044,福井市田ノ谷町１６―５,0776-59-1013,福井市指令生衛第21-4-68号,6/15/21,7/31/26
2949,飲食店営業,その他,居酒屋,魚河岸直営　いけす海鮮　ろ組,910-0006,福井市中央１丁目１－２５くるふ福井駅㊹,0776-37-3193,福井市指令生衛第23-3-382号,2/21/24,11/30/29
2950,飲食店営業,一般食堂・レストラン等,社員食堂,魚国食堂,910-0006,福井市中央１丁目７－１５北陸銀行福井支店社員食堂,0776-24-5555,福井市指令生衛第21-4-398号,10/19/21,11/30/26
2951,飲食店営業,一般食堂・レストラン等,集団給食施設,魚国食堂,910-0124,福井市天池町４３－１－１,0776-43-6611,福井市指令生衛第22-4-133号,7/19/22,9/30/28
2952,飲食店営業,一般食堂・レストラン等,集団給食施設,魚国総本社　福井　２３１４７０,918-8152,福井市今市町４６－２３梅圃こども園内,0776-38-5811,福井市指令生衛第23-4-186号,8/10/23,10/31/29
2953,飲食店営業,その他,給食施設,魚国総本社・福井　２３１６１１,910-0067,福井市新田塚１丁目６０－１セーレン厚生棟２Ｆ,0776-25-0038,福井市指令生衛第23-4-297号,11/16/23,1/31/29
2954,飲食店営業,一般食堂・レストラン等,給食,魚国総本社・福井２３０１６４０,910-0022,福井市花月１丁目２－２６常葉幼稚園,0776-22-2824,福井市指令生衛第21-3-317号,4/25/22,4/30/28
2955,飲食店営業,その他,集団給食施設,魚国総本社・福井２３１６００,910-0004,福井市宝永２丁目５－７,,福井市指令生衛第24-4-185号,9/17/24,11/30/30
2956,飲食店,食堂,,魚国総本社・福井２３１６３０,918-8075,福井市羽坂町３３字塚町１－１,0776-37-0115,福井市指令生衛第20-1-456号,3/16/21,5/31/27
2957,飲食店,食堂,,魚国総本社・福井市２３１５４０,910-0837,福井市高柳３丁目３００１中藤小学校内,,福井市指令生衛第21-1-61号,5/19/21,12/31/27
2958,飲食店営業,一般食堂・レストラン等,和食店,魚菜園,910-0023,福井市順化１丁目１８－８開明ビル１Ｆ　１０８号室,0776-23-3830,福井市指令生衛第22-4-360号,1/10/23,3/31/28
2959,魚介類販売業,一般,,魚山水産,910-0023,福井市順化２丁目１８―４,0776-22-4205,福井市指令生衛第19-2-871号,3/25/20,4/30/25
2960,そうざい製造業,一般,,魚山水産,910-0023,福井市順化２丁目１８―４,0776-22-4205,福井市指令生衛第19-2-870号,3/25/20,4/30/25
2961,飲食店,すし,,魚心,910-0017,福井市文京６丁目2302,0776-24-4117,福井市指令生衛第20-2-817号,1/21/21,1/31/26
2962,飲食店,仕出し弁当,,魚甚,910-3634,福井市大森町２２―２５,0776-98-3026,福井市指令生衛第20-2-49号,5/22/20,6/30/25
2963,飲食店,仕出し弁当,,魚勢　福井本店,910-0804,福井市高木中央３丁目４０６ＴＳＵ２１　１階,0776-53-1877,福井市指令生衛第20-1-356号,12/4/20,12/31/26
2964,魚介類販売業,一般,,魚勢　福井本店,910-0804,福井市高木中央３丁目４０６ＴＳＵ２１　１階,0776-53-1877,福井市指令生衛第20-1-357号,12/4/20,12/31/26
2965,食肉販売業,食肉販売業,,魚勢　福井本店,910-0804,福井市高木中央３丁目４０６ＴＳＵ２１　１階,0776-53-1877,福井市指令生衛第21-3-125号,9/27/21,12/31/27
2966,水産製品製造業,水産製品製造業,,魚勢　福井本店,910-0804,福井市高木中央３丁目４０６ＴＳＵ２１　１階,0776-53-1877,福井市指令生衛第21-3-126号,9/27/21,12/31/27
2967,麺類製造業,麺類製造業,,魚勢　福井本店,910-0804,福井市高木中央３丁目４０６ＴＳＵ２１　１階,0776-53-1877,福井市指令生衛第21-3-127号,9/27/21,12/31/27
2968,そうざい製造業,そうざい製造業,,魚勢　福井本店,910-0804,福井市高木中央３丁目４０６ＴＳＵ２１　１階,0776-53-1877,福井市指令生衛第21-3-128号,9/27/21,12/31/27
2969,飲食店営業,仕出し屋・弁当屋,日本料理,魚善,910-0005,福井市大手２丁目１３－２３,0776-22-0662,福井市指令生衛第23-4-214号,9/26/23,11/30/28
2970,魚介類販売業,魚介類販売業,,魚哲,918-8046,福井市運動公園４丁目６０２,0776-36-5241,福井市指令生衛第21-4-2号,6/1/21,5/31/27
2971,飲食店営業,仕出し屋・弁当屋,鮮魚仕出し,魚勇竹下,918-8007,福井市足羽１丁目３－１,0776-36-3558,福井市指令生衛第23-4-176号,8/22/23,10/31/28
2972,魚介類販売業,魚介類販売業,,魚勇竹下,918-8007,福井市足羽１丁目３－１,0776-36-3558,福井市指令生衛第23-4-177号,8/22/23,10/31/28
2973,飲食店営業,仕出し屋・弁当屋,和食店,魚六,910-3614,福井市在田町８―３５,0776-98-5016,福井市指令生衛第21-4-52号,6/1/21,6/30/27
2974,飲食店営業,その他,居酒屋,魚六　―ＵＯＲＯＣＫ―,910-0006,福井市中央１丁目２１－５コムハウス１Ｆ,0776-43-1169,福井市指令生衛第23-3-108号,7/4/23,11/30/28
2975,飲食店営業,一般食堂・レストラン等,和食店,京町家　萬會,910-0843,福井市西開発３丁目６０３,0776-57-7200,福井市指令生衛第21-4-472号,10/26/21,12/31/27
2976,飲食店,食堂,,京遊　福井店,910-0023,福井市順化２丁目８－１４パーク・サイド・タワー　1ＦＡ－Ｂ,0776-43-6765,福井市指令生衛第19-1-72号,5/24/19,4/30/25
2977,麺類製造業,麺類製造業,,共同製麺,918-8239,福井市成和２丁目３０８,0776-21-3142,福井市指令生衛第21-4-102号,6/10/21,7/31/26
2978,麺類製造業,一般,,共同製麺成和道場,918-8239,福井市成和２丁目３０８,0776-21-3142,福井市指令生衛第20-1-225号,9/23/20,7/31/26
2979,そうざい製造業,そうざい製造業,,橋本鮮魚店,910-3378,福井市免鳥町向川１３―４５―１,0776-86-1138,福井市指令生衛第21-4-156号,6/16/21,7/31/26
2980,魚介類販売業,魚介類販売業,,橋本鮮魚店,910-3378,福井市免鳥町向川１３―４５―１,0776-86-1138,福井市指令生衛第21-4-157号,6/16/21,8/31/26
2981,飲食店営業,一般食堂・レストラン等,蕎麦店,蕎の膳　櫻庭,910-0843,福井市西開発２丁目２１４－１,,福井市指令生衛第23-3-154号,8/25/23,12/31/28
2982,菓子製造業,菓子製造業,,蕎の膳　櫻庭,910-0843,福井市西開発２丁目２１４－１,,福井市指令生衛第23-3-155号,8/25/23,12/31/28
2983,麺類製造業,麺類製造業,,蕎の膳　櫻庭,910-0843,福井市西開発２丁目２１４－１,,福井市指令生衛第23-3-156号,8/25/23,12/31/28
2984,そうざい製造業,そうざい製造業,,蕎の膳　櫻庭,910-0843,福井市西開発２丁目２１４－１,,福井市指令生衛第23-3-157号,8/25/23,12/31/28
2985,飲食店営業,一般食堂・レストラン等,そば、うどん店,蕎楽　愛宕庵,918-8007,福井市足羽１丁目９－１,0776-36-1820,福井市指令生衛第22-4-165号,7/28/22,10/31/27
2986,飲食店営業,一般食堂・レストラン等,そば屋,蕎麦　その字,910-0804,福井市高木中央２丁目２６１２,0776-52-1106,福井市指令生衛第21-4-412号,10/18/21,12/31/26
2987,飲食店,食堂,,蕎麦Ｄｉｎｉｎｇ　一福,910-0006,福井市中央１丁目８－１西武福井店８Ｆ,,福井市指令生衛第21-1-46号,5/26/21,11/30/26
2988,飲食店,食堂,,蕎麦やすたけ,910-0017,福井市文京７丁目９―３５,0776-26-7281,福井市指令生衛第20-2-825号,12/17/20,1/31/26
2989,麺類製造業,一般,,蕎麦やすたけ,910-0017,福井市文京７丁目９―３５,0776-26-7281,福井市指令生衛第20-1-260号,10/9/20,1/31/26
2990,飲食店営業,一般食堂・レストラン等,そば店,蕎麦屋十九,910-0015,福井市二の宮３丁目２３－２０,0776-50-2319,福井市指令生衛第22-4-285号,11/17/22,1/31/28
2991,飲食店営業,一般食堂・レストラン等,そば屋,蕎麦切り彦兵衛,918-8021,福井市門前１丁目１１０,0776-33-0103,福井市指令生衛第21-4-32号,6/1/21,5/31/27
2992,飲食店営業,その他,居酒屋,極楽湯　福井店,910-0842,福井市開発１丁目１１８,0776-53-4126,福井市指令生衛第22-4-279号,11/17/22,12/31/27
2993,飲食店営業,一般食堂・レストラン等,中華料理,玉龍苑,918-8015,福井市花堂南２丁目５－２３,0776-34-3422,福井市指令生衛第23-4-144号,7/25/23,10/31/28
2994,飲食店営業,その他,居酒屋,錦輝,910-0005,福井市大手３丁目１４－６,0776-28-2829,福井市指令生衛第21-4-376号,9/28/21,11/30/26
2995,飲食店営業,その他,居酒屋,錦場　四ッ居,918-8204,福井市南四ツ居１丁目９－２１,0776-57-0006,福井市指令生衛第23-4-68号,5/9/23,7/31/28
2996,菓子製造業,菓子製造業,,錦梅堂,910-0023,福井市順化１丁目７－７,0776-24-0383,福井市指令生衛第21-4-641号,1/19/22,3/31/27
2997,魚介類販売業,一般,,金重,910-3623,福井市島寺町５３―６,0776-98-5035,福井市指令生衛第20-2-54号,4/23/20,6/30/25
2998,飲食店,仕出し弁当,,金重,910-3623,福井市島寺町５３―６,0776-98-5035,福井市指令生衛第20-2-53号,4/23/20,6/30/25
2999,豆腐製造業,豆腐製造業,,金蔵商店,910-2464,福井市中手町２６－３－２,0776-93-2036,福井市指令生衛第21-4-685号,3/1/22,8/31/27
3000,飲食店営業,一般食堂・レストラン等,中華料理店,金福,910-0023,福井市順化１丁目１８－３イガラシビル２Ｆ,,福井市指令生衛第21-3-265号,1/25/22,3/31/27
3001,食肉処理業,一般,,吟撰肉匠　立力,910-0804,福井市高木中央３丁目３０４,0776-54-1555,福井市指令生衛第19-2-559号,11/25/19,12/31/25
3002,飲食店,社交飲食,,吟遊,910-0023,福井市順化２丁目１２―１３アマヤビル１Ｆ,0776-26-4102,福井市指令生衛第21-2-8号,4/20/21,4/30/26
3003,飲食店営業,その他,スナック,銀夏,910-0023,福井市順化２丁目２２－３ＴМビル　２Ｆ　２０１号室,,福井市指令生衛第22-3-113号,7/14/22,4/30/28
3004,飲食店営業,一般食堂・レストラン等,寿司屋,九十九,910-0024,福井市照手１丁目１６－２１,,福井市指令生衛第24-3-347号,1/30/25,4/30/30
3005,飲食店営業,一般食堂・レストラン等,給食施設（障害者施設）,九頭竜ワークショップ七瀬の郷,910-3252,福井市燈豊町４３字才田９―３,0776-83-0152,福井市指令生衛第21-4-80号,6/24/21,7/31/27
3006,飲食店,めん類,,九頭竜工房,910-0831,福井市若栄町１２３６,0776-53-1621,福井市指令生衛第20-2-589号,12/17/20,12/31/25
3007,飲食店,食堂,,九頭竜長生苑,910-0801,福井市寺前町２－２－２,0776-54-5608,福井市指令生衛第20-2-587号,11/26/20,12/31/26
3008,麺類製造業,麺類製造業,,九頭龍工房,910-0831,福井市若栄町１２３６,0776-53-1621,福井市指令生衛第23-4-265号,10/24/23,12/31/28
3009,飲食店営業,一般食堂・レストラン等,食堂、居酒屋,喰い処　たからそう,910-0016,福井市大宮５丁目１３－２６,0776-25-3950,福井市指令生衛第21-4-563号,12/7/21,1/31/27
3010,飲食店営業,一般食堂・レストラン等,レストラン,喰楽酒場　えにしや,918-8026,福井市渕４丁目２８０７,0776-65-4800,福井市指令生衛第21-4-805号,3/15/22,5/31/27
3011,飲食店,社交飲食,,空海,910-0023,福井市順化１丁目１６―１０シャトレー片町　４０２,,福井市指令生衛第19-2-768号,2/20/20,3/31/25
3012,飲食店営業,その他,焼鳥店,串　文京　二郎,910-0017,福井市文京３丁目２４－５城戸ビル２Ｆ,0776-25-6131,福井市指令生衛第22-4-333号,12/8/22,2/29/28
3013,飲食店営業,その他,串かつ屋,串あげ　すずき,910-0005,福井市大手２丁目３４１１屋台村Ｇ,,福井市指令生衛第23-3-325号,1/30/24,11/30/29
3014,飲食店営業,その他,串カツ屋,串カツ酒場ナニワ屋　福井駅前店,910-0006,福井市中央１丁目９－１ユニオンスクエアビル１Ｆ,0776-21-0728,福井市指令生衛第23-3-178号,9/7/23,11/30/28
3015,飲食店営業,その他,居酒屋,串カツ田中　大和田店,910-0836,福井市大和田１丁目３０４,0776-88-0310,福井市指令生衛第22-4-262号,11/1/22,12/31/27
3016,飲食店,社交飲食,,串カツ田中　福井駅前店,910-0005,福井市大手２丁目７－３山下ビル１Ｆ,0776-25-7120,福井市指令生衛第20-1-255号,9/29/20,11/30/25
3017,飲食店営業,その他,居酒屋,串よろし,918-8204,福井市南四ツ居１丁目１－３６,0776-57-9905,福井市指令生衛第23-3-10号,4/18/23,7/31/28
3018,飲食店営業,一般食堂・レストラン等,串揚げビュッフェ,串膳,910-0836,福井市大和田２丁目１１０４,0776-53-3956,福井市指令生衛第21-3-202号,12/23/21,12/31/26
3019,飲食店営業,その他,居酒屋,串蔵　夢ＧＥＮ,918-8055,福井市若杉町１１－８－１,0776-34-4344,福井市指令生衛第22-4-438号,3/15/23,5/31/28
3020,飲食店営業,その他,串揚げ料理店,串揚げ処　㐂寿,910-0023,福井市順化１丁目１２－１９ＫＹビル１Ｆ,0776-28-7107,福井市指令生衛第22-4-356号,1/12/23,3/31/28
3021,飲食店営業,その他,精肉店,桑野精肉店,910-0859,福井市日之出２丁目１６－１２,0776-23-8342,福井市指令生衛第22-4-21号,5/25/22,7/31/27
3022,食肉販売業,食肉販売業,,桑野精肉店,910-0859,福井市日之出２丁目１６－１２,0776-23-8342,福井市指令生衛第22-4-22号,5/25/22,7/31/27
3023,飲食店営業,一般食堂・レストラン等,鉄板焼き店,薫風,910-0859,福井市日之出５丁目１４―１０,0776-52-1222,福井市指令生衛第21-4-161号,7/6/21,7/31/26
3024,飲食店営業,一般食堂・レストラン等,食堂,群青,910-0836,福井市大和田１丁目１０１福井市中央卸売市場　関連商品売場棟内,0776-54-5335,福井市指令生衛第24-4-363号,12/24/24,12/31/29
3025,そうざい製造業,そうざい製造業,,群青,910-0836,福井市大和田１丁目１０１福井市中央卸売市場　関連商品売場棟内,0776-54-5335,福井市指令生衛第24-4-362号,12/24/24,12/31/29
3026,そうざい製造業,一般,,群青　惣菜部,910-0836,福井市大和田１丁目１０１番地福井市中央卸売市場　関連商品売場棟内,0776-54-5335,福井市指令生衛第20-2-635号,11/26/20,12/31/25
3027,飲食店,仕出し弁当,,群青　惣菜部,910-0836,福井市大和田１丁目１０１番地福井市中央卸売市場　関連商品売場棟内,0776-54-5335,福井市指令生衛第20-2-633号,11/26/20,12/31/25
3028,魚介類販売業,一般,,群青　惣菜部,910-0836,福井市大和田１丁目１０１番地福井市中央卸売市場　関連商品売場棟内,0776-54-5335,福井市指令生衛第20-2-634号,11/26/20,12/31/25
3029,冷凍食品製造業,冷凍食品製造業,,群青　惣菜部,910-0836,福井市大和田１丁目１０１福井市中央卸売市場　関連商品売場棟内,0776-54-5343,福井市指令生衛第22-4-346号,12/6/22,12/31/27
3030,そうざい製造業,そうざい製造業,,群青　惣菜部,910-0836,福井市大和田１丁目１０１福井市中央卸売市場　関連商品売場棟内,0776-54-5343,福井市指令生衛第22-4-347号,12/6/22,12/31/27
3031,水産製品製造業,水産製品製造業,,群青　惣菜部,910-0836,福井市大和田１丁目１０１福井市中央卸売市場　関連商品売場棟内,0776-54-5343,福井市指令生衛第22-4-348号,12/6/22,12/31/27
3032,飲食店営業,一般食堂・レストラン等,定食屋,兄ん家,910-0004,福井市宝永４丁目２２－１９俵屋マンション１Ｆ,,福井市指令生衛第23-3-12号,5/19/23,11/30/28
3033,麺類製造業,麺類製造業,,啓新高等学校,910-0017,福井市文京４丁目１５－１１号館　第２調理室,0776-23-3489,福井市指令生衛第23-3-183号,10/10/23,2/28/30
3034,飲食店,食堂,,啓発寮,910-0034,福井市菅谷２丁目３―６,0776-25-2044,福井市指令生衛第19-2-675号,12/24/19,2/28/26
3035,飲食店営業,仕出し屋・弁当屋,和食店、割烹店,恵長庵まんもと,910-0859,福井市日之出１丁目１３―６,0776-22-2028,福井市指令生衛第21-4-189号,7/8/21,7/31/27
3036,飲食店営業,その他,居酒屋,憩,910-0028,福井市学園２丁目１－２３吉田ビル１０３,,福井市指令生衛第22-3-182号,9/30/22,2/29/28
3037,飲食店営業,その他,カラオケ,敬　歌謡広Ｂａｒ,910-0023,福井市順化２丁目７－１３片町壱番館ビル２Ｆ－Ａ,,福井市指令生衛第23-4-478号,1/31/24,4/30/29
3038,飲食店,社交飲食,,景己,918-8002,福井市左内町３―１１,0776-34-6303,福井市指令生衛第20-2-408号,9/17/20,10/31/25
3039,飲食店営業,その他,喫茶店,蛍,910-3623,福井市島寺町６０－２３－１,0776-98-5378,福井市指令生衛第22-4-443号,3/9/23,6/30/28
3040,飲食店営業,一般食堂・レストラン等,食堂,軽食喫茶　たんぽぽ,910-2178,福井市栂野町２２－６,,福井市指令生衛第23-4-51号,6/13/23,7/31/28
3041,飲食店営業,その他,ファーストフード,軽食喫茶　ファーストフード,918-8026,福井市渕２丁目１４０１湯けむり温泉ゆー遊内,0776-34-7770,福井市指令生衛第21-4-36号,6/1/21,5/31/27
3042,飲食店営業,一般食堂・レストラン等,喫茶店,軽食喫茶　日野,918-8046,福井市運動公園１丁目４０７,0776-35-7377,福井市指令生衛第21-4-806号,3/23/22,5/31/27
3043,飲食店営業,その他,居酒屋,鶏屋塚田農場　福井駅前店,910-0006,福井市中央１丁目１０－３０アクロスキューブ福井中央１階,0776-50-7441,福井市指令生衛第24-3-357号,2/10/25,11/30/30
3044,飲食店営業,仕出し屋・弁当屋,弁当店,鶏笑　福井文京店,910-0017,福井市文京３丁目１４－１明春コーポ１０１,0776-43-9803,福井市指令生衛第22-4-320号,11/24/22,2/29/28
3045,菓子製造業,菓子製造業,,迎賓館　ＶＩＣＴＯＲＩＡ,910-0067,福井市新田塚２丁目２５－２０,0776-23-5011,福井市指令生衛第23-4-245号,10/12/23,12/31/29
3046,飲食店,食堂,,迎賓館ＶＩＣＴＯＲＩＡ,910-0067,福井市新田塚２丁目２５,0776-23-5011,福井市指令生衛第20-1-62号,5/13/20,1/31/26
3047,飲食店営業,一般食堂・レストラン等,ラーメン屋,激盛らーめん　ゴリラ屋,910-0017,福井市文京４丁目２－３,,福井市指令生衛第23-4-389号,12/21/23,2/28/29
3048,飲食店営業,その他,カフェ,月のトナリ,910-0833,福井市新保２丁目２３０６,,福井市指令生衛第24-3-136号,7/1/24,12/31/29
3049,菓子製造業,一般,,兼八,910-3607,福井市清水杉谷町８－６２,0776-98-2022,福井市指令生衛第20-1-112号,6/15/20,6/30/25
3050,飲食店営業,一般食堂・レストラン等,和食店,兼八,910-3607,福井市清水杉谷町８－６２,0776-98-2022,福井市指令生衛第21-4-775号,3/10/22,6/30/28
3051,魚介類販売業,魚介類販売業,,兼八,910-3607,福井市清水杉谷町８－６２,0776-98-2022,福井市指令生衛第21-4-776号,3/10/22,6/30/28
3052,そうざい製造業,一般,,兼八旅館,910-3402,福井市鮎川町９８－９,0776-88-2005,福井市指令生衛第20-1-281号,10/26/20,7/31/26
3053,飲食店営業,旅館,旅館,兼八旅館,910-3402,福井市鮎川町９８－９,0776-88-2005,福井市指令生衛第23-4-113号,6/14/23,7/31/28
3054,魚介類販売業,魚介類販売業,,兼八旅館,910-3402,福井市鮎川町９８－９,0776-88-2005,福井市指令生衛第23-4-114号,6/14/23,7/31/28
3055,飲食店,仕出し弁当,,県民せいきょう　ハーツ学園店,910-0028,福井市学園２丁目９－２２,0776-22-0082,福井市指令生衛第20-2-717号,12/17/20,2/28/27
3056,食肉販売業,一般,,県民せいきょう　ハーツ学園店,910-0028,福井市学園２丁目９－２２,0776-22-0082,福井市指令生衛第20-2-715号,12/17/20,2/28/27
3057,魚介類販売業,一般,,県民せいきょう　ハーツ学園店,910-0028,福井市学園２丁目９－２２,0776-22-0082,福井市指令生衛第20-2-718号,12/17/20,2/28/27
3058,飲食店,仕出し弁当,,県民せいきょう　ハーツ学園店,910-0028,福井市学園２丁目９－２２,0776-22-0082,福井市指令生衛第20-2-716号,12/17/20,2/28/27
3059,そうざい製造業,一般,,県民せいきょう　ハーツ学園店,910-0028,福井市学園２丁目９－２２,0776-22-0082,福井市指令生衛第20-1-271号,10/14/20,2/28/27
3060,飲食店営業,仕出し屋・弁当屋,スーパーマーケット,県民せいきょう　ハーツ学園店,910-0028,福井市学園２丁目９－２２,0776-22-0082,福井市指令生衛第23-4-392号,12/19/23,2/28/30
3061,飲食店営業,その他,スーパー,県民せいきょう　ハーツ学園店,910-0028,福井市学園２丁目９－２２,0776-22-0082,福井市指令生衛第24-4-339号,1/9/25,2/28/31
3062,そうざい製造業,一般,,県民せいきょう　ハーツ志比口店,910-0845,福井市志比口２丁目１１－１３,0776-52-2282,福井市指令生衛第20-1-270号,10/14/20,7/31/27
3063,飲食店営業,その他,スーパーマーケット,県民せいきょう　ハーツ志比口店,910-0845,福井市志比口２丁目１１－１３,0776-52-2282,福井市指令生衛第23-4-28号,5/9/23,7/31/29
3064,菓子製造業,菓子製造業,,県民せいきょう　ハーツ志比口店,910-0845,福井市志比口２丁目１１－１３,0776-52-2282,福井市指令生衛第24-4-15号,5/13/24,7/31/30
3065,魚介類販売業,魚介類販売業,,県民せいきょう　ハーツ志比口店,910-0845,福井市志比口２丁目１１－１３,0776-52-2282,福井市指令生衛第24-4-14号,5/13/24,7/31/30
3066,食肉販売業,食肉販売業,,県民せいきょう　ハーツ志比口店,910-0845,福井市志比口２丁目１１－１３,0776-52-2282,福井市指令生衛第24-4-16号,5/13/24,7/31/30
3067,飲食店営業,その他,スーパーマーケット,県民せいきょう　ハーツ志比口店,910-0845,福井市志比口２丁目１１－１３,0776-52-2282,福井市指令生衛第24-4-17号,5/13/24,7/31/30
3068,菓子製造業,菓子製造業,,県民せいきょう　ハーツ志比口店,910-0845,福井市志比口２丁目１１－１３,0776-52-2282,福井市指令生衛第24-4-18号,5/13/24,7/31/30
3069,そうざい製造業,そうざい製造業,,県民せいきょう　ハーツ志比口店,910-0845,福井市志比口２丁目１１－１３,0776-52-2282,福井市指令生衛第24-4-19号,5/13/24,7/31/30
3070,水産製品製造業,水産製品製造業,,県民せいきょう　水産ＰＣ,910-0823,福井市重立町２８字辻４０,0776-52-0082,福井市指令生衛第22-3-214号,10/11/22,7/31/29
3071,飲食店,そうざい,,県民せいきょうハーツ羽水,918-8105,福井市木田３丁目２８０２,0776-34-8822,福井市指令生衛第19-2-397号,9/20/19,10/31/25
3072,菓子製造業,一般,,県民せいきょうハーツ羽水,918-8105,福井市木田３丁目２８０２,0776-34-8822,福井市指令生衛第19-2-398号,9/20/19,10/31/25
3073,そうざい製造業,一般,,県民せいきょうハーツ羽水,918-8105,福井市木田３丁目２８０２,0776-34-8822,福井市指令生衛第20-1-269号,10/14/20,10/31/26
3074,飲食店営業,仕出し屋・弁当屋,スーパーマーケット,県民せいきょうハーツ羽水,918-8105,福井市木田３丁目２８０２,0776-34-8822,福井市指令生衛第23-4-168号,8/1/23,10/31/29
3075,魚介類販売業,魚介類販売業,,県民せいきょうハーツ羽水,918-8105,福井市木田３丁目２８０２,0776-34-8822,福井市指令生衛第23-4-169号,8/1/23,10/31/29
3076,食肉販売業,食肉販売業,,県民せいきょうハーツ羽水,918-8105,福井市木田３丁目２８０２,0776-34-8822,福井市指令生衛第24-4-151号,8/6/24,10/31/30
3077,飲食店,めん類,,見吉屋,910-0023,福井市順化１丁目１１―３,0776-23-3448,福井市指令生衛第20-2-847号,3/24/21,3/31/26
3078,飲食店営業,一般食堂・レストラン等,からあげ屋,元祖からあげ本舗マルイチ　福井木田店,918-8105,福井市木田３丁目２３０７,0776-34-5001,福井市指令生衛第21-3-331号,4/6/22,10/31/27
3079,飲食店,そうざい,,元祖からあげ本舗マルイチ　福新町店,918-8045,福井市福新町４０２－１,0776-43-6971,福井市指令生衛第20-1-349号,11/30/20,5/31/26
3080,飲食店営業,その他,串揚げ居酒屋,元祖串カツ　あげ〼,910-0023,福井市順化１丁目１８－１４松尾ビル１Ｆ,0776-37-4194,福井市指令生衛第21-4-671号,2/8/22,3/31/27
3081,飲食店営業,その他,やきとり,玄達,910-0029,福井市日光２丁目１３－１４,0776-27-3548,福井市指令生衛第21-4-579号,12/14/21,2/28/27
3082,そうざい製造業,そうざい製造業,,玄武堂　セントラルキッチン,910-3403,福井市白浜町１０－３８,,福井市指令生衛第23-3-75号,6/19/23,7/31/28
3083,飲食店営業,一般食堂・レストラン等,洋食店,言ト音,910-0023,福井市順化１丁目１０－１２Ｋ・Ｋビル４階Ｂ号室,0776-92-0316,福井市指令生衛第22-4-382号,1/17/23,3/31/28
3084,みそ又はしょうゆ製造業,みそ又はしょうゆ製造業,,古村醤油,910-3634,福井市大森町１０８－３－１７,0776-98-3095,福井市指令生衛第22-4-441号,3/9/23,6/30/28
3085,飲食店営業,その他,喫茶店,古都,910-0846,福井市四ツ井２丁目３－６,0776-54-6708,福井市指令生衛第24-4-8号,5/9/24,7/31/29
3086,飲食店営業,その他,カフェ,古民家レトロカフェｍｏｎａ,918-8232,福井市荒木別所町７－２８４,,福井市指令生衛第24-3-120号,6/21/24,7/31/29
3087,菓子製造業,菓子製造業,,古民家レトロカフェｍｏｎａ,918-8232,福井市荒木別所町７－２８４,,福井市指令生衛第24-3-121号,6/21/24,7/31/29
3088,飲食店営業,その他,ラウンジ,呼詩,910-0023,福井市順化２丁目２０－２エルミオーレビル３階３０２号室,0776-50-6103,福井市指令生衛第23-4-513号,2/7/24,4/30/29
3089,飲食店営業,旅館,旅館,呼鳥荘,910-3558,福井市八ツ俣町６７－２－２,0776-89-2539,福井市指令生衛第21-4-209号,7/8/21,7/31/27
3090,飲食店営業,その他,居酒屋,五壱　福井本店,910-0804,福井市高木中央１丁目２０１,0776-52-1294,福井市指令生衛第23-4-242号,10/17/23,12/31/28
3091,飲食店営業,その他,バー,五十八,910-0023,福井市順化２丁目２２－１寺木ビル３Ｆ３０３,0776-27-5008,福井市指令生衛第22-4-480号,4/12/23,4/30/28
3092,飲食店営業,その他,韓国料理,五味五色じゅじゅむむ,910-0023,福井市順化２丁目１３－１セントビュー片町１Ｆ,0776-27-1808,福井市指令生衛第23-4-574号,4/9/24,4/30/29
3093,飲食店,めん類,,五目亭　新保店,910-0838,福井市新保北１丁目４０９,0776-52-6620,福井市指令生衛第20-2-613号,11/26/20,12/31/25
3094,そうざい製造業,そうざい製造業,,五目亭　新保店,910-0838,福井市新保北１丁目４０９,0776-52-6620,福井市指令生衛第24-3-159号,7/25/24,12/31/29
3095,飲食店営業,一般食堂・レストラン等,和食店,御りょうり　離世ＨＡＮＡＳＥ,918-8007,福井市足羽１丁目８―９,0776-35-4455,福井市指令生衛第21-4-249号,8/12/21,10/31/26
3096,菓子製造業,一般,,御菓子司　たつの,910-0854,福井市御幸１丁目１５―１７,0776-22-4693,福井市指令生衛第20-2-142号,6/26/20,7/31/25
3097,アイスクリーム類製造業,一般,,御菓子司　栄太楼,910-0015,福井市二の宮４丁目４―５,0776-22-1994,福井市指令生衛第20-2-685号,11/26/20,1/31/27
3098,菓子製造業,菓子製造業,,御菓子司　親玉菓舗,910-0023,福井市順化２丁目２０－１５,0776-23-6353,福井市指令生衛第24-4-428号,2/18/25,4/30/31
3099,飲食店,食堂,,御楽,910-0023,福井市順化１丁目１８－１アサンテ片町２Ｆ,,福井市指令生衛第19-1-459号,2/28/20,3/31/25
3100,菓子製造業,菓子製造業,,御素麺屋　大和田店,910-0836,福井市大和田２丁目２０４,0776-57-0404,福井市指令生衛第23-4-264号,10/26/23,12/31/28
3101,飲食店,仕出し弁当,,御惣菜　乃し三,910-0023,福井市順化２丁目１３―５,0776-22-3445,福井市指令生衛第21-2-14号,4/20/21,4/30/26
3102,飲食店,軽食,,御等参,910-0804,福井市高木中央２丁目３８０１―５,0776-54-1634,福井市指令生衛第20-2-564号,11/26/20,12/31/25
3103,そうざい製造業,一般,,御料理　いわし屋,910-0023,福井市順化２丁目１４－１５,0776-21-5848,福井市指令生衛第20-1-291号,10/23/20,4/30/27
3104,飲食店営業,一般食堂・レストラン等,和食店,御料理　いわし屋,910-0023,福井市順化２丁目１４－１５,0776-21-5848,福井市指令生衛第24-4-459号,2/20/25,4/30/31
3105,飲食店,社交飲食,,御料理　展,918-8004,福井市西木田２丁目１０－２９,0776-65-1920,福井市指令生衛第19-1-351号,12/2/19,10/31/25
3106,飲食店営業,一般食堂・レストラン等,和食店,御料理　白,910-0023,福井市順化２丁目１６－１９三谷ビル１Ｆ西側,,福井市指令生衛第24-3-16号,5/13/24,4/30/30
3107,飲食店営業,一般食堂・レストラン等,和食店,光夏,910-0833,福井市新保１丁目１９０１－３,0776-84-2002,福井市指令生衛第24-3-252号,10/4/24,12/31/29
3108,菓子製造業,菓子製造業,,工房やまびこ,910-2335,福井市縫原町１４－１０,,福井市指令生衛第23-3-38号,5/26/23,8/31/28
3109,そうざい製造業,そうざい製造業,,工房やまびこ,910-2335,福井市縫原町１４－１０,,福井市指令生衛第23-3-39号,5/26/23,8/31/28
3110,飲食店営業,一般食堂・レストラン等,すし屋,幸寿司,910-0018,福井市田原１丁目１－３,0776-23-8805,福井市指令生衛第21-4-611号,12/23/21,2/28/27
3111,そうざい製造業,一般,,幸谷商店,910-0843,福井市西開発１丁目２６０１―１,0776-53-1678,福井市指令生衛第20-2-614号,11/26/20,12/31/25
3112,そうざい製造業,そうざい製造業,,幸谷商店,910-0836,福井市大和田１丁目１０１福井市中央卸売市場関連商品売場,,福井市指令生衛第24-4-283号,11/19/24,12/31/29
3113,菓子製造業,菓子製造業,,江上農産加工場,910-3113,福井市江上町４４－１１１,0776-59-1411,福井市指令生衛第22-4-74号,6/14/22,7/31/27
3114,菓子製造業,菓子製造業,,江信堂菓舗,910-0845,福井市志比口１丁目１３－１４,0776-54-3111,福井市指令生衛第24-4-23号,6/25/24,7/31/29
3115,飲食店営業,その他,韓国料理,江南,910-0023,福井市順化２丁目２０－１９かねさビル２Ｆ２０１,0776-26-2550,福井市指令生衛第23-4-531号,2/13/24,4/30/29
3116,飲食店営業,その他,たい焼き,甲賀米粉たい焼き　福井店,918-8202,福井市大東１丁目６－４４,,福井市指令生衛第23-3-191号,9/29/23,7/31/29
3117,飲食店営業,一般食堂・レストラン等,和食店,荒谷亭,910-3136,福井市川尻町４１―７４,0776-85-1604,福井市指令生衛第21-4-150号,6/16/21,7/31/26
3118,飲食店,食堂,,香花,910-0015,福井市二の宮２丁目２９―１０パストラルイン二の宮１Ｆ,0776-28-3826,福井市指令生衛第20-2-676号,11/26/20,1/31/26
3119,飲食店,食堂,,香港小菜餃子酒家　酔仙,910-0003,福井市松本２丁目３１-８,0776-22-2558,福井市指令生衛第19-1-445号,3/10/20,1/31/26
3120,飲食店営業,旅館,和食店,香爐園,910-0006,福井市中央３丁目８－１６,0776-22-0601,福井市指令生衛第23-4-205号,10/17/23,11/30/29
3121,飲食店,社交飲食,,高氏焼肉店,910-3106,福井市池尻町３３－６－１,0776-83-0325,福井市指令生衛第20-1-108号,6/18/20,7/31/25
3122,食肉販売業,一般,,高氏焼肉店,910-3106,福井市池尻町３３－６－１,0776-83-0325,福井市指令生衛第20-1-109号,6/18/20,7/31/25
3123,食肉販売業,一般,,高島屋 Ｈａｌａｌ ｒｏｏｍ,918-8105,福井市木田２丁目１６１６,0776-36-2186,福井市指令生衛第20-1-244号,9/25/20,10/31/26
3124,食肉処理業,一般,,高島屋 Ｈａｌａｌ ｒｏｏｍ,918-8105,福井市木田２丁目１６１６,0776-36-2186,福井市指令生衛第20-1-245号,9/25/20,10/31/26
3125,食肉販売業,一般,,高島屋株式会社,918-8105,福井市木田２丁目１６１６,0776-36-2186,福井市指令生衛第19-1-434号,1/31/20,10/31/26
3126,そうざい製造業,一般,,高島屋株式会社,918-8105,福井市木田２丁目１６１６,0776-36-2186,福井市指令生衛第19-1-435号,1/31/20,10/31/26
3127,菓子製造業,一般,,高島屋株式会社,918-8105,福井市木田２丁目１６１６,0776-36-2186,福井市指令生衛第21-1-8号,4/15/21,10/31/27
3128,食肉製品製造業,食肉製品製造業,,高島屋株式会社,918-8105,福井市木田２丁目１６１６,0776-36-2186,福井市指令生衛第22-3-61号,5/27/22,10/31/28
3129,食肉販売業,一般,,高島屋株式会社大宮精肉店,910-0016,福井市大宮２丁目２６－２５,0776-50-2740,福井市指令生衛第20-1-468号,3/22/21,2/29/28
3130,飲食店,仕出し弁当,,高木鮮魚店,910-0024,福井市照手２丁目２―１０,0776-23-7066,福井市指令生衛第20-2-1010号,3/24/21,4/30/27
3131,魚介類販売業,一般,,高木鮮魚店,910-0024,福井市照手２丁目２―１０,0776-23-7066,福井市指令生衛第20-2-1011号,3/24/21,4/30/27
3132,菓子製造業,菓子製造業,,合同会社クレア,918-8239,福井市成和１丁目１２４３,,福井市指令生衛第22-3-322号,1/24/23,7/31/29
3133,魚介類販売業,魚介類販売業,,合同水産株式会社,910-0836,福井市大和田１丁目１０１福井中央卸売市場鮮魚仲卸部内,0776-53-2121,福井市指令生衛第21-4-447号,11/2/21,12/31/26
3134,魚介類販売業,魚介類販売業,,合同水産株式会社,910-0836,福井市大和田１丁目１０１福井中央卸売市場鮮魚仲卸部内,0776-53-2121,福井市指令生衛第22-4-265号,10/7/22,12/31/27
3135,魚介類販売業,一般,,合同水産株式会社加工場,910-0836,福井市大和田１丁目１０１福井市中央卸売市場加工場,0776-53-3411,福井市指令生衛第20-1-150号,7/14/20,12/31/25
3136,そうざい製造業,一般,,合同水産株式会社加工場,910-0836,福井市大和田１丁目１０１福井市中央卸売市場加工場,0776-53-3411,福井市指令生衛第20-1-151号,7/14/20,12/31/25
3137,水産製品製造業,水産製品製造業,,合同水産株式会社加工場,910-0836,福井市大和田１丁目１０１福井市中央卸売市場加工場,0776-53-3411,福井市指令生衛第22-3-201号,9/30/22,12/31/27
3138,そうざい製造業,そうざい製造業,,国見えのき協同組合,910-3402,福井市鮎川町３４－１８,0776-88-2255,福井市指令生衛第22-4-109号,6/15/22,7/31/27
3139,飲食店営業,一般食堂・レストラン等,ケータリング,国際交流会館　食堂,910-0004,福井市宝永３丁目１－１福井県国際交流会館　３Ｆ,0776-28-8800,福井市指令生衛第21-4-347号,10/5/21,11/30/27
3140,そうざい製造業,一般,,国嶋清平商店,910-0023,福井市順化２丁目１５－１,0776-22-1530,福井市指令生衛第20-1-178号,8/5/20,4/30/26
3141,みそ又はしょうゆ製造業,みそ又はしょうゆ製造業,,国嶋清平商店,910-0023,福井市順化２丁目１５－１,0776-22-1530,福井市指令生衛第23-4-495号,4/2/24,4/30/29
3142,飲食店営業,旅館,旅館,国民宿舎　鷹巣荘,910-3381,福井市蓑町３―１１―１,0776-86-1111,福井市指令生衛第21-4-153号,6/16/21,7/31/27
3143,飲食店,社交飲食,,黒猫酒場,910-0151,福井市栄町１６－１３,,福井市指令生衛第20-1-2号,4/8/20,9/30/25
3144,飲食店,めん類,,今庄そば　コンコース,910-0006,福井市中央１丁目１－２５ＪＲ福井駅コンコース内,0776-27-6711,福井市指令生衛第20-2-461号,10/19/20,11/30/25
3145,菓子製造業,菓子製造業,,今川焼本舗,910-0006,福井市中央１丁目５－１０,0776-22-0998,福井市指令生衛第21-4-353号,9/21/21,11/30/26
3146,飲食店営業,その他,今川焼屋,今川焼本舗,910-0029,福井市日光２丁目１－２,0776-22-0998,福井市指令生衛第22-3-127号,8/12/22,2/29/28
3147,菓子製造業,菓子製造業,,今川焼本舗,910-0029,福井市日光２丁目１－２,0776-22-0998,福井市指令生衛第22-3-128号,8/12/22,2/29/28
3148,飲食店,食堂,,今村屋,910-0029,福井市日光１丁目３－３,0776-23-3437,福井市指令生衛第20-2-786号,1/21/21,2/28/26
3149,食肉販売業,食肉販売業,,今村屋,910-0029,福井市日光１丁目３－３,0776-23-3437,福井市指令生衛第22-3-88号,7/1/22,2/29/28
3150,菓子製造業,菓子製造業,,昆布屋孫兵衛,910-0003,福井市松本２丁目２－６,0776-22-0612,福井市指令生衛第23-3-42号,5/19/23,1/31/29
3151,飲食店営業,一般食堂・レストラン等,そば店,佐佳枝亭,910-0023,福井市順化１丁目２４－１,0776-21-0533,福井市指令生衛第23-4-418号,1/10/24,3/31/29
3152,飲食店営業,一般食堂・レストラン等,お祭の直会,佐佳枝廼社参集殿,910-0005,福井市大手３丁目１２－３,0776-27-2754,福井市指令生衛第21-4-341号,9/22/21,11/30/27
3153,飲食店営業,一般食堂・レストラン等,蕎麦店,佐介,910-3147,福井市木下町６－１－１５,0776-28-1500,福井市指令生衛第22-3-161号,9/12/22,7/31/28
3154,麺類製造業,麺類製造業,,佐介,910-3147,福井市木下町６－１－１５,0776-28-1500,福井市指令生衛第22-3-162号,9/12/22,7/31/28
3155,魚介類販売業,魚介類販売業,,佐々木,910-0019,福井市春山２丁目１７－１６,0776-22-3593,福井市指令生衛第21-4-699号,2/17/22,4/30/27
3156,魚介類販売業,魚介類販売業,魚屋,佐次平,910-0016,福井市大宮３丁目１０－２７,0776-24-7816,福井市指令生衛第21-4-564号,12/8/21,2/28/27
3157,飲食店営業,その他,沖縄物産品販売所,佐藤かまぼこ,910-0837,福井市高柳１丁目１５０２福井中央卸売市場関連団地第一加工場,0776-53-0310,福井市指令生衛第22-3-337号,2/9/23,12/31/28
3158,水産製品製造業,水産製品製造業,,佐藤かまぼこ,910-0837,福井市高柳１丁目１５０２福井中央卸売市場関連団地第一加工場,0776-53-0310,福井市指令生衛第23-4-334号,11/21/23,12/31/28
3159,飲食店営業,その他,精肉店,佐藤精肉店,918-8003,福井市毛矢３丁目４－１３,0776-35-6673,福井市指令生衛第22-3-238号,10/31/22,10/31/27
3160,食肉販売業,食肉販売業,,佐藤精肉店,918-8003,福井市毛矢３丁目４－１３,0776-35-6673,福井市指令生衛第22-3-239号,10/31/22,10/31/28
3161,飲食店営業,その他,カラオケバー,沙月,910-0023,福井市順化１丁目１７－２８ジョイフル片町　２Ｆ　Ｂ号室,0776-26-7234,福井市指令生衛第24-3-318号,12/5/24,3/31/30
3162,飲食店,社交飲食,,동이（トンイ）,910-0023,福井市順化２丁目６―１７フォレスト片町３Ｆ３０１,0776-28-1337,福井市指令生衛第19-2-892号,3/25/20,4/30/25
3163,飲食店営業,その他,スナック,彩花,910-0023,福井市順化１丁目２３－３順化バレンシアビル２Ｆ　Ａ号室,0776-27-3305,福井市指令生衛第22-4-373号,1/5/23,3/31/28
3164,飲食店営業,一般食堂・レストラン等,日本料理,歳時　鹿火,910-0023,福井市順化２丁目１０－６京町ロータリービル１Ｆ,0776-97-6932,福井市指令生衛第24-4-434号,2/18/25,4/30/30
3165,飲食店,食堂,,済生会病院地下厨房,918-8235,福井市和田中町舟橋７－１,0776-23-1111,福井市指令生衛第21-1-18号,5/11/21,7/31/27
3166,そうざい製造業,そうざい製造業,,菜っぱや,918-8135,福井市下六条町２６－１９,,福井市指令生衛第23-4-23号,5/16/23,8/31/28
3167,菓子製造業,菓子製造業,,菜っぱや,918-8135,福井市下六条町２６－１９,,福井市指令生衛第23-4-24号,5/16/23,8/31/28
3168,飲食店営業,その他,居酒屋,菜な花,910-0015,福井市二の宮３丁目２３－３２,0776-27-1378,福井市指令生衛第22-4-271号,11/10/22,1/31/28
3169,飲食店営業,一般食堂・レストラン等,レストラン中華,菜香樓,910-0006,福井市中央１丁目１－２５くるふ福井駅㊳,,福井市指令生衛第23-3-391号,2/21/24,11/30/29
3170,飲食店営業,仕出し屋・弁当屋,仕出し弁当屋（出前）,坂尻商店,910-3607,福井市清水杉谷町２－１３,0776-98-2028,福井市指令生衛第22-4-464号,3/23/23,6/30/28
3171,飲食店,社交飲食,,肴菜屋いろは,910-0018,福井市田原１丁目１２－７水野テナントＢ号,0776-21-1168,福井市指令生衛第20-1-266号,10/19/20,2/28/26
3172,魚介類販売業,魚介類販売業,,作助,910-2225,福井市田尻町１１－４０,,福井市指令生衛第21-4-657号,3/1/22,8/31/27
3173,飲食店営業,一般食堂・レストラン等,食堂,作助,910-2225,福井市田尻町１１－４０,,福井市指令生衛第22-4-380号,2/28/23,8/31/28
3174,飲食店営業,その他,居酒屋,朔酒,910-0023,福井市順化２丁目１９－１５順化ビル１階１０１,0776-65-5822,福井市指令生衛第21-4-711号,2/9/22,4/30/27
3175,飲食店営業,一般食堂・レストラン等,居酒屋,桜,910-0004,福井市宝永３丁目４－１０ＦＹビル１階,0776-28-6010,福井市指令生衛第21-4-503号,11/5/21,11/30/26
3176,飲食店営業,一般食堂・レストラン等,寿司店,桜寿し　二の宮店,910-0015,福井市二の宮３丁目１－２２,0776-21-8860,福井市指令生衛第21-4-432号,10/21/21,1/31/27
3177,飲食店営業,一般食堂・レストラン等,寿司店,桜寿司,910-0023,福井市順化２丁目２１－５,0776-24-1366,福井市指令生衛第21-4-705号,2/9/22,4/30/27
3178,漬物製造業,漬物製造業,,桜蘭,910-0039,福井市三ツ屋町１１－３３－１,0776-29-1488,福井市指令生衛第23-4-474号,2/13/24,2/28/29
3179,飲食店営業,一般食堂・レストラン等,中華料理,桜蘭,910-0039,福井市三ツ屋町１１－３３－１,0776-29-1488,福井市指令生衛第24-4-365号,1/30/25,2/28/30
3180,飲食店営業,一般食堂・レストラン等,ラーメン屋,笹の極み,910-0843,福井市西開発２丁目２０１,0776-97-8002,福井市指令生衛第21-4-618号,12/17/21,12/31/26
3181,飲食店営業,一般食堂・レストラン等,ラーメン屋,笹の極み,910-0843,福井市西開発２丁目２０１,0776-97-8002,福井市指令生衛第22-3-343号,2/16/23,12/31/28
3182,麺類製造業,麺類製造業,,笹の極み,910-0843,福井市西開発２丁目２０１,0776-97-8002,福井市指令生衛第22-3-344号,2/16/23,12/31/29
3183,飲食店営業,その他,１品料理,三ッ屋,910-0039,福井市三ツ屋町１４－１,0776-24-0847,福井市指令生衛第24-4-323号,12/24/24,2/28/30
3184,飲食店営業,仕出し屋・弁当屋,仕出し弁当,三ツ屋魚店,910-0039,福井市三ツ屋町１３－１－２,0776-24-0847,福井市指令生衛第24-4-322号,12/24/24,2/28/30
3185,飲食店営業,その他,喫茶店,三愛,910-0026,福井市光陽２丁目２－２７学園ハイツ　１Ｆ,0776-25-2083,福井市指令生衛第21-4-595号,12/22/21,2/28/27
3186,飲食店,めん類,,三井屋,918-8001,福井市つくも２丁目４―１４,0776-35-3007,福井市指令生衛第20-2-359号,9/17/20,10/31/25
3187,飲食店営業,一般食堂・レストラン等,寿司店,三喜寿司,910-0859,福井市日之出５丁目６－１８,0776-52-3131,福井市指令生衛第22-4-24号,5/17/22,7/31/27
3188,飲食店営業,その他,居酒屋,三幸,910-0854,福井市御幸３丁目１１－１９,0776-21-6283,福井市指令生衛第23-4-43号,5/25/23,7/31/28
3189,飲食店営業,一般食堂・レストラン等,麺類,三国屋,910-0005,福井市大手２丁目１５－８,0776-22-3019,福井市指令生衛第21-4-356号,9/22/21,11/30/26
3190,清涼飲料水製造業,一般,,三七味噌,918-8001,福井市つくも２丁目１－５,,福井市指令生衛第20-1-242号,9/25/20,10/31/26
3191,みそ又はしょうゆ製造業,みそ製造業,,三七味噌,918-8001,福井市つくも２丁目１－５,,福井市指令生衛第23-4-160号,8/23/23,10/31/28
3192,菓子製造業,菓子製造業,,三秀苑,910-0837,福井市高柳１丁目９０９,0776-57-4114,福井市指令生衛第22-4-230号,10/19/22,12/31/28
3193,アイスクリーム類製造業,アイスクリーム類製造業,,三秀苑,910-0837,福井市高柳１丁目９０９,0776-57-4114,福井市指令生衛第22-4-231号,10/19/22,12/31/28
3194,飲食店営業,その他,菓子店,三秀苑,910-0837,福井市高柳１丁目９０９,0776-57-4114,福井市指令生衛第22-4-232号,10/19/22,12/31/28
3195,食肉販売業,一般,,三千里,910-0022,福井市花月１丁目８―３,0776-23-3780,福井市指令生衛第20-1-249号,10/2/20,4/30/26
3196,飲食店,食堂,,三千里,910-0022,福井市花月１丁目８―３,0776-23-3780,福井市指令生衛第20-1-434号,3/3/21,4/30/26
3197,飲食店営業,その他,居酒屋,三代目鳥メロ　福井駅前店,910-0006,福井市中央１丁目９－３３メルシビル１階,0776-26-1055,福井市指令生衛第23-4-211号,9/20/23,11/30/28
3198,そうざい製造業,そうざい製造業,寿司製造,三丹本店　灯明寺店,910-0069,福井市舟橋黒竜１丁目１１０ハニー灯明寺店内,,福井市指令生衛第21-4-416号,10/29/21,12/31/26
3199,食用油脂製造業,食用油脂製造業,,三里浜オリーブ合同会社,910-3131,福井市白方町１１－２０－１,,福井市指令生衛第21-3-183号,11/4/21,7/31/27
3200,漬物製造業,漬物製造業,,三里浜オリーブ合同会社,910-3131,福井市白方町１１－２０－１,,福井市指令生衛第21-3-184号,11/4/21,7/31/27
3201,みそ又はしょうゆ製造業,みそ又はしょうゆ製造業,,山さきや,910-0026,福井市光陽１丁目３－６,0776-21-1506,福井市指令生衛第21-4-586号,12/21/21,2/28/27
3202,そうざい製造業,そうざい製造業,,山さきや,910-0026,福井市光陽１丁目３－６,0776-21-1506,福井市指令生衛第24-3-259号,10/10/24,2/28/30
3203,魚介類販売業,魚介類販売業,,山下商店,910-3378,福井市免鳥町１７―１１,0776-86-1108,福井市指令生衛第21-4-154号,6/16/21,7/31/26
3204,そうざい製造業,そうざい製造業,,山下水産有限会社,910-3552,福井市茱崎町１４―７―５,0776-89-2070,福井市指令生衛第21-4-213号,7/8/21,7/31/27
3205,水産製品製造業,水産製品製造業,,山下水産有限会社,910-3552,福井市茱崎町１４―７―５,0776-89-2070,福井市指令生衛第21-4-214号,7/8/21,7/31/27
3206,水産製品製造業,水産製品製造業,,山下水産有限会社,910-3552,福井市茱崎町１３－１－３,0776-89-2070,福井市指令生衛第23-4-127号,7/27/23,7/31/28
3207,みそ又はしょうゆ製造業,みそ又はしょうゆ製造業,,山元菊丸商店,910-0854,福井市御幸１丁目１１―１４,0776-22-0761,福井市指令生衛第21-4-134号,6/24/21,7/31/26
3208,飲食店営業,仕出し屋・弁当屋,魚屋,山仁,910-0857,福井市豊島２丁目３－１７,0776-22-4365,福井市指令生衛第22-4-65号,5/17/22,7/31/27
3209,魚介類販売業,魚介類販売業,,山仁,910-0857,福井市豊島２丁目３－１７,0776-22-4365,福井市指令生衛第22-4-66号,5/17/22,7/31/27
3210,水産製品製造業,水産製品製造業,,山川かまぼこ,910-0837,福井市高柳１丁目１５０２福井中央卸売市場関連団地加工場,0776-53-1823,福井市指令生衛第23-4-321号,11/2/23,12/31/28
3211,魚介類販売業,魚介類販売業,,山善毛利水産株式会社,918-8015,福井市花堂南２丁目１６－１アルプラザベル店１Ｆ　ＮｏＨ１０３,0776-35-9846,福井市指令生衛第23-4-195号,9/19/23,10/31/28
3212,そうざい製造業,そうざい製造業,,山善毛利水産株式会社,918-8015,福井市花堂南２丁目１６－１アルプラザベル店１Ｆ　ＮｏＨ１０３,0776-35-9846,福井市指令生衛第23-3-251号,11/10/23,10/31/29
3213,飲食店営業,一般食堂・レストラン等,レストラン,山村レストラン　やきはた食堂,910-2464,福井市中手町３０－１,0776-93-2040,福井市指令生衛第23-4-402号,12/20/23,8/31/29
3214,そうざい製造業,そうざい製造業,,山村レストラン　やきはた食堂,910-2464,福井市中手町３０－１,0776-93-2040,福井市指令生衛第23-4-403号,12/20/23,8/31/29
3215,漬物製造業,漬物製造業,,山村レストラン　やきはた食堂,910-2464,福井市中手町３０－１,0776-93-2335,福井市指令生衛第24-3-309号,11/15/24,8/31/30
3216,飲食店営業,旅館,旅館,山内旅館,910-0857,福井市豊島１丁目８－２５,0776-23-4883,福井市指令生衛第22-4-26号,5/17/22,7/31/27
3217,飲食店営業,一般食堂・レストラン等,レストラン,産業会館レストラン　ミール,918-8135,福井市下六条町１０３,0776-41-0382,福井市指令生衛第21-4-95号,6/17/21,8/31/26
3218,飲食店,社交飲食,,四季,910-0016,福井市大宮２丁目５―２０,0776-21-1408,福井市指令生衛第20-1-378号,12/22/20,2/28/26
3219,飲食店,食堂,,四季彩中華シノワ,910-0005,福井市大手３丁目１２－２０アレックシティおやかたビル５階,0776-24-3200,福井市指令生衛第20-1-220号,9/30/20,11/30/25
3220,飲食店,仕出し弁当,,四季食彩　萩,918-8112,福井市下馬３丁目１５０７―１,0776-33-6672,福井市指令生衛第20-2-375号,9/17/20,10/31/26
3221,飲食店営業,一般食堂・レストラン等,和食店,四季遊菜　季寄,910-0101,福井市つくし野１丁目１１０１,0776-55-3696,福井市指令生衛第21-4-182号,7/7/21,9/30/27
3222,飲食店営業,その他,和食店,四十萬,910-0005,福井市大手２丁目１２－５,0776-21-7551,福井市指令生衛第21-4-336号,10/13/21,11/30/26
3223,飲食店営業,一般食堂・レストラン等,中華,四川料理　興龍,910-0122,福井市石盛町８１１Ｆプラザビル１０１,0776-56-0568,福井市指令生衛第24-4-82号,6/11/24,9/30/29
3224,飲食店営業,一般食堂・レストラン等,ラーメン屋,市場らーめん翔,910-0836,福井市大和田１丁目１０１福井市中央卸売市場　関連商品売場棟内,0776-57-8010,福井市指令生衛第23-3-109号,7/10/23,12/31/28
3225,みそ又はしょうゆ製造業,みそ又はしょうゆ製造業,,市場工場,910-0837,福井市高柳１丁目１７０４,0776-22-2001,福井市指令生衛第24-4-244号,11/19/24,12/31/29
3226,飲食店営業,その他,スナック,思案橋,918-8204,福井市南四ツ居２丁目２１－７,,福井市指令生衛第23-4-74号,7/11/23,7/31/28
3227,飲食店,めん類,,旨麺屋　優,918-8027,福井市福１丁目２９１５,0776-65-3048,福井市指令生衛第19-1-94号,6/7/19,5/31/25
3228,そうざい製造業,一般,,寺嶋,910-0859,福井市日之出２丁目７－１０,0776-22-4945,福井市指令生衛第20-1-286号,10/21/20,7/31/27
3229,魚介類販売業,魚介類販売業,,寺嶋,910-0859,福井市日之出２丁目７－１０,0776-22-4945,福井市指令生衛第22-4-23号,5/25/22,7/31/28
3230,飲食店営業,その他,焼肉店,次郎,918-8015,福井市花堂南２丁目１２－１,0776-34-3401,福井市指令生衛第24-4-133号,8/1/24,10/31/29
3231,飲食店営業,その他,居酒屋,治郎吉　片町店,910-0023,福井市順化２丁目２２－１９,0776-23-8775,福井市指令生衛第22-4-405号,2/9/23,4/30/28
3232,飲食店,旅館,,汐満荘,910-3372,福井市西二ツ屋町１―５,0776-86-1177,福井市指令生衛第20-2-192号,7/15/20,7/31/25
3233,飲食店営業,その他,焼肉店,七楽,910-0015,福井市二の宮４丁目２６－２４,,福井市指令生衛第22-3-325号,1/25/23,1/31/28
3234,飲食店,社交飲食,,七転び八起き,918-8052,福井市明里町１１－１０,0776-97-9787,福井市指令生衛第19-1-525号,4/3/20,10/31/25
3235,みそ又はしょうゆ製造業,みそ又はしょうゆ製造業,,室次醸造場,910-0018,福井市田原２丁目４－３,0776-22-8227,福井市指令生衛第24-4-287号,11/28/24,2/28/31
3236,密封包装食品製造業,密封包装食品製造業,,室次醸造場,910-0018,福井市田原２丁目４－３,0776-22-8227,福井市指令生衛第24-3-326号,1/14/25,2/28/31
3237,飲食店営業,その他,スナック,篠,910-0023,福井市順化２丁目７－１８三栄ビル２Ｆ西,0776-21-5590,福井市指令生衛第21-4-709号,2/15/22,4/30/27
3238,飲食店,軽食,,捨恋来,910-0017,福井市文京５丁目１４―３,0776-21-4028,福井市指令生衛第20-1-114号,6/19/20,1/31/26
3239,菓子製造業,菓子製造業,,社会福祉法人　あおい福祉会,910-0102,福井市川合鷲塚町１２字長田６－１,0776-55-3110,福井市指令生衛第22-4-132号,7/14/22,9/30/28
3240,飲食店営業,その他,パン工房,社会福祉法人　あおい福祉会,910-0102,福井市川合鷲塚町１２字長田６－１,0776-55-3110,福井市指令生衛第24-4-178号,9/12/24,9/30/29
3241,そうざい製造業,そうざい製造業,,社会福祉法人　あおい福祉会,910-0102,福井市川合鷲塚町１２字長田６－１,0776-55-3110,福井市指令生衛第24-4-179号,9/12/24,9/30/29
3242,菓子製造業,一般,,社会福祉法人　すいせんの里　支援センターすだち,919-0312,福井市東大味町１１字―白地３８―２,0776-41-3950,福井市指令生衛第19-2-159号,6/20/19,8/31/25
3243,飲食店,仕出し弁当,,社会福祉法人　すいせんの里　支援センターすだち,919-0312,福井市東大味町１１字―白地３８―２,0776-41-3950,福井市指令生衛第19-2-160号,6/20/19,8/31/25
3244,そうざい製造業,そうざい製造業,,社会福祉法人　つぐみ福祉会　丹南事業所,910-3623,福井市島寺町９２－１５,0776-98-2910,福井市指令生衛第21-3-19号,6/14/21,6/30/27
3245,菓子製造業,菓子製造業,,社会福祉法人　つぐみ福祉会　丹南事業所,910-3623,福井市島寺町９２－１５,0776-98-2910,福井市指令生衛第23-4-527号,3/13/24,6/30/30
3246,飲食店,仕出し弁当,,社会福祉法人　つぐみ福祉会　福井事業所,918-8034,福井市南居町８１―１―３１,0776-33-8350,福井市指令生衛第19-2-33号,5/29/19,5/31/25
3247,そうざい製造業,そうざい製造業,弁当店,社会福祉法人　つぐみ福祉会　福井事業所,918-8034,福井市南居町８１－１－３１,0776-33-8353,福井市指令生衛第21-4-786号,3/22/22,5/31/28
3248,飲食店,食堂,,社会福祉法人　祥穂会　ケアハウスモアヤング,918-8235,福井市和田中町東沖田３０－１社会福祉法人　祥穂会ケアハウスモアヤング６階,0776-21-8290,福井市指令生衛第20-2-255号,6/30/20,7/31/26
3249,飲食店営業,一般食堂・レストラン等,食堂,社会福祉法人　祥穂会　モアヤングこもれびホーム２階,918-8235,福井市和田中町東沖田３０―１社会福祉法人　祥穂会モアヤングこもれびホーム２階,0776-21-8290,福井市指令生衛第21-4-66号,6/16/21,7/31/26
3250,飲食店営業,一般食堂・レストラン等,給食施設,社会福祉法人　清泉会　エンゼル保育園,918-8023,福井市西谷２丁目７０２,0776-35-7730,福井市指令生衛第22-4-469号,3/14/23,5/31/29
3251,清涼飲料水製造業,一般,,社会福祉法人　足羽福祉会　足羽ワークセンター,910-2178,福井市栂野町２０－５,0776-41-3795,福井市指令生衛第19-1-492号,3/5/20,7/31/26
3252,飲食店,仕出し弁当,,社会福祉法人　足羽福祉会　足羽更生園,910-2143,福井市宿布町１９－４６－１,0776-41-3120,福井市指令生衛第19-1-514号,3/27/20,7/31/26
3253,そうざい製造業,一般,,社会福祉法人　足羽福祉会　足羽更生園,910-2143,福井市宿布町１９－４６－１,0776-41-3120,福井市指令生衛第19-1-515号,3/27/20,7/31/26
3254,飲食店営業,その他,給食施設,社会福祉法人すいせんの里　指定障碍者支援施設　すだちの家,919-0312,福井市東大味町９－１５,0776-41-3950,福井市指令生衛第22-3-85号,6/21/22,8/31/28
3255,飲食店,食堂,,社南小学校,918-8031,福井市種池２丁目１２８,,福井市指令生衛第20-1-499号,3/26/21,5/31/27
3256,飲食店営業,その他,スナック,紗羅,910-0023,福井市順化２丁目７－１８三栄ビル３Ｆ西,0776-27-3328,福井市指令生衛第22-4-431号,2/15/23,4/30/28
3257,飲食店営業,その他,スナック,謝　謝,910-0023,福井市順化２丁目２０－１ランドマークビル　３Ｇ号室,0776-27-5888,福井市指令生衛第24-3-251号,10/1/24,4/30/30
3258,みそ又はしょうゆ製造業,みそ又はしょうゆ製造業,,若越ひかりの村,910-3623,福井市島寺町６７－３０,0776-98-3600,福井市指令生衛第21-4-21号,6/1/21,6/30/26
3259,飲食店営業,一般食堂・レストラン等,給食施設,若越ひかりの村　第０１０６２１号店,910-3623,福井市島寺町６７－３０,,福井市指令生衛第21-3-323号,3/24/22,6/30/28
3260,飲食店,軽食,,若樹,918-8055,福井市若杉３丁目910,0776-36-4869,福井市指令生衛第20-2-30号,5/8/20,5/31/25
3261,菓子製造業,一般,,手づくり工房コスモス,910-3606,福井市田尻栃谷町３８－４６－５,0776-98-3568,福井市指令生衛第20-1-445号,3/30/21,6/30/27
3262,喫茶店,純喫茶,,手づくり工房コスモス,910-3606,福井市田尻栃谷町３８－４６－５,0776-98-3568,福井市指令生衛第20-1-446号,3/30/21,6/30/27
3263,菓子製造業,菓子製造業,,手作りの店シフォンケーキまゆげ猫,910-0004,福井市宝永１丁目１４－２１,,福井市指令生衛第23-3-70号,6/30/23,11/30/28
3264,菓子製造業,菓子製造業,,手作りパン工房　ポルボロン,910-0818,福井市堂島町１０５,0776-43-6197,福井市指令生衛第23-4-277号,11/1/23,12/31/29
3265,飲食店,社交飲食,,手創り料理と和酒　正大,910-0023,福井市順化２丁目２１―３Ｆ号室,0776-97-9411,福井市指令生衛第20-2-117号,4/23/20,4/30/25
3266,飲食店営業,一般食堂・レストラン等,そば店,手打ちそばやっこ,910-0853,福井市城東１丁目４―１８,0776-22-3472,福井市指令生衛第21-4-73号,6/17/21,7/31/26
3267,飲食店,めん類,,手打ち蕎麦　ふじ田や,910-0019,福井市春山１丁目６―１８日野メカニカルビル１Ｆ,0776-21-9211,福井市指令生衛第20-2-1026号,3/8/21,4/30/26
3268,麺類製造業,一般,,手打ち蕎麦　ふじ田や,910-0019,福井市春山１丁目６―１８日野メカニカルビル１Ｆ,0776-21-3311,福井市指令生衛第20-2-1027号,3/8/21,4/30/26
3269,飲食店営業,その他,バー,手品家福井店,910-0023,福井市順化１丁目１７－１１日の丸ビル３Ｆ,,福井市指令生衛第23-4-429号,1/11/24,3/31/29
3270,飲食店営業,その他,喫茶店,狩人,910-0015,福井市二の宮１丁目６－２０,0776-25-0964,福井市指令生衛第21-4-407号,10/20/21,1/31/27
3271,飲食店営業,その他,居酒屋,酒楽　山おか,910-0015,福井市二の宮４丁目１－１高橋ビル１Ｆ,0776-28-1665,福井市指令生衛第21-4-517号,12/15/21,1/31/27
3272,飲食店営業,一般食堂・レストラン等,居酒屋,酒楽旬魚ごう　福井高木中央店,910-0804,福井市高木中央１丁目２１０９,0776-53-1151,福井市指令生衛第21-4-513号,11/25/21,12/31/26
3273,飲食店営業,その他,居酒屋,酒菜　ゆめ哉,910-0063,福井市灯明寺２丁目７０３拓信ビル１Ｆ,0776-25-1165,福井市指令生衛第21-4-478号,10/28/21,1/31/27
3274,飲食店営業,その他,和食店,酒菜魚　しまだ,910-0023,福井市順化２丁目２０－９中村ビル　１Ｆ,0776-21-0053,福井市指令生衛第24-4-432号,2/20/25,4/30/30
3275,飲食店営業,その他,料理屋,酒肴コブ,910-0023,福井市順化１丁目８－１６,0776-22-3830,福井市指令生衛第23-4-458号,2/1/24,3/31/29
3276,飲食店営業,その他,居酒屋,酒肴庵　おく谷,910-0019,福井市春山１丁目１－２０春山武井貸店舗Ｃ,0776-89-1745,福井市指令生衛第24-3-28号,4/22/24,4/30/29
3277,飲食店,社交飲食,,酒酒楽楽　朔望,910-0023,福井市順化２丁目１９－１５順化ビル２階,0776-65-5822,福井市指令生衛第20-1-364号,12/9/20,4/30/26
3278,飲食店営業,一般食堂・レストラン等,和食店,寿しひろ,910-0854,福井市御幸３丁目９―７,0776-26-6643,福井市指令生衛第23-4-40号,6/6/23,7/31/28
3279,飲食店営業,一般食堂・レストラン等,寿司店,寿し吉,910-0022,福井市花月２丁目５－１８,0776-22-6596,福井市指令生衛第24-4-410号,2/6/25,4/30/30
3280,飲食店営業,一般食堂・レストラン等,寿司屋,寿し吉田,910-0023,福井市順化１丁目１１－１５,0776-23-1066,福井市指令生衛第23-4-399号,1/24/24,3/31/29
3281,飲食店営業,一般食堂・レストラン等,すし屋,寿し正,910-3604,福井市グリーンハイツ４丁目１８０,0776-98-2600,福井市指令生衛第22-4-450号,3/9/23,6/30/28
3282,飲食店,すし,,寿し辰,910-0151,福井市栄町１５―４,0776-56-0344,福井市指令生衛第20-2-310号,8/26/20,9/30/25
3283,飲食店,社交飲食,,寿司・地酒はやし　福井駅前店,910-0005,福井市大手２丁目５－５辻ビル１Ｆ,0776-26-8843,福井市指令生衛第20-1-355号,12/4/20,11/30/26
3284,飲食店,食堂,,寿司・和食　はな蔵,910-0017,福井市文京６丁目２１－１２,0776-65-3959,福井市指令生衛第20-1-80号,5/12/20,1/31/26
3285,飲食店営業,一般食堂・レストラン等,寿司店,寿司政,910-0023,福井市順化１丁目１２－１,0776-26-4006,福井市指令生衛第24-4-358号,1/16/25,3/31/30
3286,飲食店営業,その他,喫茶店,樹の実,910-0015,福井市二の宮４丁目２６－２１,0776-21-6125,福井市指令生衛第21-4-491号,11/18/21,1/31/27
3287,飲食店営業,その他,カフェ,樹良,918-8112,福井市下馬１丁目１０２,0776-33-3503,福井市指令生衛第22-4-161号,7/20/22,10/31/27
3288,菓子製造業,菓子製造業,,樹良,918-8112,福井市下馬１丁目１０２,0776-33-3503,福井市指令生衛第22-4-162号,7/20/22,10/31/27
3289,飲食店営業,その他,食堂,宗教法人「生長の家福井県教化部」,918-8057,福井市加茂河原１丁目５－１０,0776-35-15555,福井市指令生衛第23-3-151号,8/28/23,5/31/29
3290,飲食店営業,一般食堂・レストラン等,そば店,宗近そば　エルパ店,910-0836,福井市大和田２丁目１２１２ラブリーパートナーエルパ２Ｆ　フードコート,,福井市指令生衛第24-3-119号,7/8/24,12/31/29
3291,飲食店営業,その他,焼肉店,宗兌,918-8026,福井市渕２丁目１５０５,0776-35-8173,福井市指令生衛第23-4-59号,5/15/23,5/31/28
3292,飲食店営業,その他,持ち帰り専門店,秋吉　羽水店,918-8105,福井市木田３丁目２８０２,0776-34-6788,福井市指令生衛第22-4-136号,7/26/22,10/31/27
3293,飲食店営業,その他,焼とり店,秋吉　橋南店,918-8005,福井市みのり２丁目３―１５,0776-36-2849,福井市指令生衛第21-4-224号,8/5/21,10/31/27
3294,飲食店営業,その他,やきとり屋,秋吉　大和田店,910-0836,福井市大和田２丁目１１０４,0776-53-0522,福井市指令生衛第21-4-411号,10/27/21,12/31/26
3295,飲食店営業,その他,焼き鳥屋,秋吉　豊岡店,910-0026,福井市光陽４丁目３－２４,0776-26-1197,福井市指令生衛第24-4-315号,1/28/25,2/28/30
3296,酒類製造業,酒類製造業,,舟木酒造,910-0802,福井市大和田町４６－３－１,0776-54-2323,福井市指令生衛第23-4-301号,11/7/23,12/31/28
3297,飲食店営業,一般食堂・レストラン等,軽食店,集,910-2225,福井市田尻町１１－８９,0776-96-4439,福井市指令生衛第21-4-640号,2/1/22,8/31/27
3298,飲食店営業,その他,ホルモン,十号ホルモン　北店,910-0831,福井市若栄町１０１－２,0776-54-4029,福井市指令生衛第24-4-216号,10/17/24,12/31/29
3299,飲食店営業,その他,スナック,十時,910-0023,福井市順化２丁目２２－１７ミヤコビル１階,0776-27-3440,福井市指令生衛第21-4-735号,3/2/22,4/30/27
3300,飲食店営業,その他,バー,十人十色Ｂａｒ,910-0023,福井市順化２丁目７－１６城戸ビル１Ｆ,0776-27-3833,福井市指令生衛第23-3-47号,5/19/23,4/30/29
3301,飲食店,社交飲食,,十人十色Ｋｏｙａ,910-0023,福井市順化２丁目７－１６城戸ビル２階,0776-27-3833,福井市指令生衛第20-1-394号,1/20/21,4/30/26
3302,飲食店営業,一般食堂・レストラン等,和食店,十阡萬福井インター店,910-2178,福井市栂野町２８―５―１,0776-41-3558,福井市指令生衛第21-4-77号,6/22/21,7/31/26
3303,飲食店営業,旅館,ホテル（従業員向けの食堂）,従業員カフェテリア,910-0006,福井市中央１丁目３－５コートヤード・バイ・マリオット福井,0776-50-6621,福井市指令生衛第23-3-390号,2/27/24,11/30/29
3304,飲食店営業,一般食堂・レストラン等,そば店,宿布屋,910-2143,福井市宿布町２－１－１,0776-41-1977,福井市指令生衛第22-4-25号,5/25/22,7/31/27
3305,飲食店営業,一般食堂・レストラン等,とんかつ屋,熟成とんかつ　はせがわ,910-0016,福井市大宮１丁目１１－６,,福井市指令生衛第24-3-331号,1/21/25,1/31/30
3306,飲食店営業,一般食堂・レストラン等,婚礼事業,出雲記念館,918-8026,福井市渕２丁目２００１,0776-35-4170,福井市指令生衛第23-3-298号,1/15/24,5/31/30
3307,そうざい製造業,そうざい製造業,婚礼事業,出雲記念館,918-8026,福井市渕２丁目２００１,0776-35-4170,福井市指令生衛第23-3-313号,1/15/24,5/31/30
3308,飲食店営業,一般食堂・レストラン等,婚礼事業,出雲記念館　レストラン　アヴニール,918-8026,福井市渕２丁目２００１,0776-35-4170,福井市指令生衛第23-3-299号,1/15/24,5/31/30
3309,菓子製造業,菓子製造業,婚礼事業,出雲記念館　レストラン　アヴニール,918-8026,福井市渕２丁目２００１,0776-35-4170,福井市指令生衛第23-3-300号,1/15/24,5/31/30
3310,飲食店営業,その他,居酒屋,春のお店,910-0023,福井市順化１丁目１２－１,0776-29-1551,福井市指令生衛第22-4-355号,1/12/23,3/31/28
3311,飲食店営業,一般食堂・レストラン等,寿司屋,春翔,910-0028,福井市学園１丁目２－１２,0776-23-4705,福井市指令生衛第23-4-329号,11/16/23,2/28/29
3312,飲食店営業,その他,居酒屋,旬彩ダイニング　舎夢,910-0804,福井市高木中央１丁目２９０３－１,0776-43-9423,福井市指令生衛第24-4-279号,11/12/24,12/31/29
3313,飲食店営業,その他,居酒屋,旬彩家　樹,910-0023,福井市順化１丁目１５－９片町スカイパレス２Ｆ２０３,0776-26-7353,福井市指令生衛第23-4-438号,1/18/24,3/31/29
3314,飲食店営業,一般食堂・レストラン等,和食店,旬彩割烹　吟楽,910-0015,福井市二の宮４丁目４６－２５,0776-23-6533,福井市指令生衛第22-4-294号,11/10/22,1/31/28
3315,飲食店営業,その他,居酒屋,旬彩居酒屋Ｕｒｕ,918-8176,福井市三十八社町１２－１３－１,0776-65-7118,福井市指令生衛第23-3-436号,3/7/24,10/31/29
3316,飲食店営業,その他,焼き肉居酒屋,旬彩肉焼居酒屋　ぼんた,910-0836,福井市大和田２丁目４０１,0776-97-8861,福井市指令生衛第21-4-521号,11/11/21,12/31/26
3317,飲食店,めん類,,旬彩麺茶屋　五目亭　駅前店,910-0006,福井市中央１丁目３－３ＫＩビル１階,0776-50-7125,福井市指令生衛第20-1-414号,3/1/21,11/30/26
3318,飲食店,社交飲食,,旬菜鮮魚　ゆるり,910-0022,福井市花月４丁目２―１,0776-27-3652,福井市指令生衛第20-2-1025号,3/24/21,4/30/26
3319,飲食店営業,一般食堂・レストラン等,食堂,旬菜料理　いし田,918-8016,福井市江端町１１―２２,0776-38-5574,福井市指令生衛第21-4-231号,8/10/21,10/31/26
3320,飲食店営業,その他,日本料理（割烹）,旬味　泰平,910-0006,福井市中央３丁目１４－１１,0776-25-4686,福井市指令生衛第21-4-368号,9/22/21,11/30/26
3321,飲食店営業,一般食堂・レストラン等,和食店,旬味　庭,910-0846,福井市四ツ井１丁目１９－２１,0776-76-0022,福井市指令生衛第22-4-96号,6/8/22,7/31/27
3322,飲食店営業,一般食堂・レストラン等,和食店,旬味和膳白扇,918-8239,福井市成和１丁目９０９,0776-26-6650,福井市指令生衛第21-4-79号,6/16/21,7/31/26
3323,飲食店営業,一般食堂・レストラン等,すし店,初味寿司　呉服町店,910-0023,福井市順化２丁目２７－４,0776-21-3538,福井市指令生衛第21-4-739号,3/2/22,4/30/27
3324,飲食店営業,一般食堂・レストラン等,寿司業,初味本店,918-8005,福井市みのり２丁目３－１２,0776-36-7017,福井市指令生衛第23-3-190号,9/19/23,10/31/28
3325,そうざい製造業,そうざい製造業,,初味本店,918-8005,福井市みのり２丁目３－１２,0776-36-7017,福井市指令生衛第23-4-220号,9/19/23,10/31/28
3326,水産製品製造業,水産製品製造業,,初味本店,918-8005,福井市みのり２丁目３－１２,0776-36-7017,福井市指令生衛第23-4-221号,9/19/23,10/31/28
3327,飲食店営業,その他,和食店,初弥,910-0853,福井市城東４丁目１１―２３王冠ビル　１Ｆ,0776-21-0828,福井市指令生衛第21-4-162号,6/18/21,7/31/26
3328,飲食店営業,その他,スナック,女優,910-0023,福井市順化２丁目２０－１３シャンティ片町　３Ｆ,0776-23-8691,福井市指令生衛第23-4-515号,2/19/24,4/30/29
3329,飲食店,食堂,,勝花,910-0006,福井市中央２丁目７－８２Ｆ,0776-23-4361,福井市指令生衛第20-2-517号,9/17/20,11/30/25
3330,飲食店営業,その他,大判焼き屋,勝太鼓,918-8067,福井市飯塚町１１－１１１МＥＧＡドンキＵＮＹ福井店　１Ｆ,0776-33-6650,福井市指令生衛第21-4-26号,6/1/21,5/31/27
3331,飲食店営業,仕出し屋・弁当屋,魚屋,勝木鮮魚店,910-0151,福井市栄町１４－６,0776-56-0234,福井市指令生衛第23-4-97号,6/21/23,9/30/28
3332,魚介類販売業,魚介類販売業,,勝木鮮魚店,910-0151,福井市栄町１４－６,0776-56-0234,福井市指令生衛第23-4-98号,6/21/23,9/30/28
3333,菓子製造業,菓子製造業,,小さな菓子工房えふ。,910-0134,福井市上野本町１丁目３７１０,,福井市指令生衛第22-3-135号,8/8/22,9/30/27
3334,飲食店営業,その他,スナック,小ちゃな部屋,910-0023,福井市順化１丁目１４－３ＮＯＶＡ順化ビル　３Ｆ,0776-26-9221,福井市指令生衛第24-4-389号,1/28/25,3/31/30
3335,食肉処理業,食肉処理業,,小久保,910-3524,福井市別畑町１０－２５,,福井市指令生衛第23-4-12号,5/11/23,7/31/28
3336,飲食店営業,旅館,旅館,小玉旅館,910-3552,福井市茱崎町１３－１１３,0776-89-2006,福井市指令生衛第23-4-130号,7/5/23,7/31/28
3337,納豆製造業,一般,,小金屋食品,910-0843,福井市西開発３丁目７０２,0776-53-7511,福井市指令生衛第19-2-525号,11/25/19,12/31/25
3338,菓子製造業,菓子製造業,,小金屋食品,910-0843,福井市西開発３丁目７２１－１,0776-53-7511,福井市指令生衛第23-3-266号,11/29/23,12/31/29
3339,飲食店営業,一般食堂・レストラン等,居酒屋,小桜,918-8052,福井市明里町１１－８,,福井市指令生衛第21-4-250号,8/12/21,10/31/26
3340,豆腐製造業,一般,,小寺,910-0812,福井市新田本町１―１７１,0776-53-3108,福井市指令生衛第20-2-607号,12/17/20,12/31/25
3341,飲食店営業,その他,スナック,小春日和,910-0023,福井市順化１丁目１６－１０シャトレービル片町２階２０１,0776-23-1579,福井市指令生衛第22-3-402号,4/17/23,3/31/29
3342,飲食店営業,一般食堂・レストラン等,和食店,小松屋,910-0024,福井市照手１丁目４－４,0776-23-0198,福井市指令生衛第22-4-419号,3/28/23,4/30/28
3343,魚介類販売業,魚介類販売業,,小松屋,910-0024,福井市照手１丁目４－４,0776-23-0198,福井市指令生衛第22-4-420号,3/28/23,4/30/28
3344,そうざい製造業,そうざい製造業,,小松屋,910-0024,福井市照手１丁目４－４,0776-23-0198,福井市指令生衛第22-3-416号,3/28/23,4/30/28
3345,飲食店営業,一般食堂・レストラン等,食堂,小料理　司,918-8015,福井市花堂南２丁目５－６,,福井市指令生衛第24-4-138号,8/1/24,10/31/29
3346,飲食店営業,その他,居酒屋,小料理のむ喜　優,910-0006,福井市中央１丁目１９－１玉村第１ビル　１Ｆ,,福井市指令生衛第24-3-328号,12/6/24,11/30/30
3347,飲食店営業,一般食堂・レストラン等,和食店,庄屋,910-0006,福井市中央１丁目１２－３,0776-23-0915,福井市指令生衛第21-4-378号,9/30/21,11/30/26
3348,飲食店営業,その他,焼鳥屋,昭和酒場　やきとり　健之介,910-0023,福井市順化１丁目１３－４サントピア弐番館１Ｆ,0776-25-0120,福井市指令生衛第22-3-242号,10/31/22,3/31/28
3349,菓子製造業,一般,,松栄堂,910-0859,福井市日之出４丁目１―１６,0776-23-1445,福井市指令生衛第20-2-217号,6/26/20,7/31/25
3350,飲食店営業,仕出し屋・弁当屋,牛丼屋,松屋　福井御幸店,910-0854,福井市御幸４丁目２０－８,,福井市指令生衛第21-4-221号,7/27/21,7/31/26
3351,飲食店営業,一般食堂・レストラン等,牛丼店,松屋　福井大和田店,910-0836,福井市大和田２丁目１３０４,,福井市指令生衛第24-4-217号,10/24/24,12/31/30
3352,そうざい製造業,そうざい製造業,,松屋　福井大和田店,910-0836,福井市大和田２丁目１３０４,,福井市指令生衛第24-4-218号,10/24/24,12/31/30
3353,飲食店,食堂,,松屋・松のや　福井若杉店,918-8055,福井市若杉４丁目７１５,0776-97-8701,福井市指令生衛第20-1-449号,3/23/21,5/31/27
3354,飲食店,旅館,,松楽,910-0003,福井市松本４丁目２０―１５,0776-23-2743,福井市指令生衛第20-2-749号,1/21/21,1/31/26
3355,飲食店,すし,,松寿司,910-0004,福井市宝永４丁目６―２５,0776-23-5152,福井市指令生衛第20-2-529号,10/19/20,11/30/25
3356,菓子製造業,菓子製造業,,松村米菓,910-0002,福井市町屋２丁目１３－１,0776-22-3835,福井市指令生衛第21-4-584号,1/13/22,1/31/27
3357,菓子製造業,一般,,松田あんころ　五福餅本店,910-0851,福井市米松２丁目２４－１１,0776-53-0529,福井市指令生衛第19-1-178号,8/9/19,7/31/25
3358,飲食店,仕出し弁当,,松田商店,910-3553,福井市蒲生町１－４６,0776-89-2109,福井市指令生衛第20-2-139号,7/8/20,7/31/25
3359,水産製品製造業,水産製品製造業,,松田商店,910-3553,福井市蒲生町１－４６,0776-89-2109,福井市指令生衛第23-4-131号,7/5/23,7/31/28
3360,飲食店営業,その他,焼きそば専門店,焼きそば専門店　金波,910-0006,福井市中央１丁目３－５ＦＵＫＵＭＡＣＨＩ　ＢＬＯＣＫ　１Ｆ　ＭＩＮＩＥ　ＦＨ１９,,福井市指令生衛第23-3-338号,2/26/24,11/30/29
3361,飲食店営業,その他,カフェ（テイクアウト）,焼きたて工房　スロハス,910-0836,福井市大和田２丁目１２３０アピタ福井大和田店１Ｆ,0776-43-0725,福井市指令生衛第23-4-377号,12/13/23,12/31/28
3362,飲食店営業,その他,焼き鳥,焼き鳥八穴,910-0005,福井市大手２丁目７－３日新ビル　１Ｆ,0776-28-0087,福井市指令生衛第24-3-312号,11/22/24,11/30/29
3363,飲食店営業,その他,焼肉店,焼き肉家　山本,910-0023,福井市順化２丁目２１－１加賀ビル１Ｆ,0776-89-1819,福井市指令生衛第24-4-429号,2/20/25,4/30/30
3364,食肉販売業,食肉販売業,,焼き肉家　山本,910-0023,福井市順化２丁目２１－１加賀ビル１Ｆ,0776-89-1819,福井市指令生衛第24-4-430号,2/20/25,4/30/30
3365,菓子製造業,一般,,焼菓子　つづる,910-0004,福井市宝永４丁目７－３２,,福井市指令生衛第19-1-485号,3/25/20,11/30/26
3366,飲食店営業,その他,焼肉,焼肉　うし牛,910-0023,福井市順化２丁目２２－２１ＫＩＨＡＣＨＩⅡビル　1Ｆ,,福井市指令生衛第24-3-50号,5/10/24,4/30/30
3367,飲食店営業,その他,焼肉店,焼肉　うし門,910-0836,福井市大和田２丁目４２２,0776-63-5751,福井市指令生衛第24-4-269号,12/3/24,12/31/29
3368,飲食店営業,その他,焼肉屋,焼肉　かっちゃん,918-8056,福井市若杉浜２丁目３２４－２,,福井市指令生衛第23-3-465号,4/12/24,5/31/29
3369,飲食店,食堂,,焼肉　たか,918-8027,福井市福１丁目２８０５,0776-43-3310,福井市指令生衛第19-1-241号,10/21/19,5/31/25
3370,飲食店,食堂,,焼肉　まつもと,910-0001,福井市大願寺２丁目６―８,0776-97-8929,福井市指令生衛第20-1-48号,5/1/20,1/31/26
3371,飲食店営業,一般食堂・レストラン等,焼肉店,焼肉　一二三,910-0837,福井市高柳１丁目１９０３フェイスビル　１０１、１０２,0776-57-8129,福井市指令生衛第23-4-299号,11/9/23,12/31/28
3372,食肉販売業,一般,,焼肉　花火,918-8239,福井市成和２丁目５１２,0776-27-2000,福井市指令生衛第20-1-257号,10/30/20,7/31/26
3373,飲食店営業,一般食堂・レストラン等,焼肉店,焼肉　花火,918-8239,福井市成和２丁目５１２,0776-27-2000,福井市指令生衛第22-4-52号,5/31/22,7/31/28
3374,飲食店営業,その他,焼肉店,焼肉　韓国料理　もらん,910-0842,福井市開発３丁目１１５,0776-52-2929,福井市指令生衛第24-4-277号,11/14/24,12/31/29
3375,飲食店営業,一般食堂・レストラン等,焼き肉店,焼肉　喰太呂,910-0017,福井市文京６丁目２０－２,0776-27-1050,福井市指令生衛第21-4-567号,12/9/21,1/31/27
3376,飲食店営業,一般食堂・レストラン等,焼肉店,焼肉　七福,910-0023,福井市順化２丁目１３－１８,0776-50-7297,福井市指令生衛第21-3-308号,3/23/22,4/30/27
3377,食肉販売業,食肉販売業,,焼肉　七福,910-0023,福井市順化２丁目１３－１８,0776-50-7297,福井市指令生衛第23-3-123号,7/20/23,4/30/29
3378,飲食店,食堂,,焼肉　大金,910-0804,福井市高木中央２丁目513,0776-53-1330,福井市指令生衛第20-2-567号,11/26/20,12/31/25
3379,飲食店営業,その他,居酒屋,焼肉　肉鍋　肉吟　福井駅前店,910-0006,福井市中央１丁目９－３２,0776-26-8088,福井市指令生衛第22-4-217号,10/18/22,11/30/27
3380,飲食店,社交飲食,,焼肉　豊,910-0023,福井市順化２丁目１９－１４順化ビル２Ｆ,,福井市指令生衛第19-1-488号,4/3/20,4/30/25
3381,食肉販売業,一般,,焼肉・ホルモン鍋　六間星山　福井店,910-2172,福井市荒木新保町８３－１３,0776-41-7038,福井市指令生衛第20-2-149号,6/26/20,7/31/26
3382,飲食店営業,その他,焼肉店,焼肉・ホルモン鍋　六間星山　福井店,910-2172,福井市荒木新保町８３－１３,0776-41-7038,福井市指令生衛第24-4-32号,4/30/24,7/31/29
3383,飲食店営業,一般食堂・レストラン等,焼肉屋,焼肉かっちゃん,918-8056,福井市若杉浜２丁目３２４－２,,福井市指令生衛第21-3-44号,7/12/21,5/31/27
3384,飲食店営業,その他,焼肉店,焼肉かわだ,910-0023,福井市順化１丁目２１－１１コーポきたむら１Ｆ,0776-97-6590,福井市指令生衛第23-4-444号,1/12/24,3/31/29
3385,飲食店営業,一般食堂・レストラン等,焼き肉店,焼肉きんぐ　福井大和田店,910-0836,福井市大和田２丁目１８０３,0776-54-8929,福井市指令生衛第21-4-448号,10/26/21,12/31/26
3386,飲食店営業,その他,焼肉屋,焼肉すなっく　ぎんだこ,910-0039,福井市三ツ屋町１３－１０,0776-21-8588,福井市指令生衛第23-4-378号,12/11/23,2/28/29
3387,飲食店営業,一般食堂・レストラン等,焼肉店,焼肉ダイニング　アリラン,910-0068,福井市舟橋新１丁目２０４,0776-23-1072,福井市指令生衛第22-4-248号,10/27/22,12/31/27
3388,飲食店,食堂,,焼肉ひまわり,910-0804,福井市高木中央２丁目3003,0776-54-0187,福井市指令生衛第20-2-276号,5/14/20,12/31/25
3389,食肉販売業,一般,,焼肉ひまわり,910-0804,福井市高木中央２丁目3003,0776-54-0187,福井市指令生衛第20-1-67号,5/14/20,12/31/25
3390,飲食店,社交飲食,,焼肉フクロウ,910-0842,福井市開発５丁目６０９セ・ソア－Ｃ棟,0776-60-2450,福井市指令生衛第19-1-353号,1/17/20,12/31/25
3391,食肉販売業,食肉販売業,,焼肉フクロウ,910-0842,福井市開発５丁目６０９セ・ソア－Ｃ棟,0776-60-2450,福井市指令生衛第21-3-171号,11/8/21,12/31/26
3392,食肉販売業,食肉販売業,,焼肉ホルモン　はらたん　福井駅前店,910-0006,福井市中央１丁目９－８,0776-21-1129,福井市指令生衛第21-3-129号,10/1/21,11/30/26
3393,飲食店営業,その他,焼肉店,焼肉ホルモン　はらたん　福井駅前店,910-0006,福井市中央１丁目９－８,0776-21-1129,福井市指令生衛第24-4-184号,9/17/24,11/30/29
3394,飲食店営業,一般食堂・レストラン等,焼肉屋,焼肉ホルモン　ひなた,910-0017,福井市文京２丁目６－２５文京藤井ビル　１Ｆ西,0776-50-6798,福井市指令生衛第22-3-77号,6/24/22,2/29/28
3395,そうざい製造業,そうざい製造業,,焼肉ホルモン　ひなた,910-0017,福井市文京２丁目６－２５文京藤井ビル　１Ｆ西,0776-50-6798,福井市指令生衛第22-3-78号,6/24/22,2/29/28
3396,飲食店営業,その他,焼肉店,焼肉ほるもんサンマルコ,910-0023,福井市順化１丁目７－９片町バレービル１階－Ｃ,0776-21-8305,福井市指令生衛第23-4-414号,1/9/24,3/31/29
3397,食肉販売業,食肉販売業,,焼肉めいとく苑　福井本店,910-0841,福井市開発町８－１－１,0776-54-5029,福井市指令生衛第23-3-85号,6/27/23,12/31/29
3398,そうざい製造業,そうざい製造業,,焼肉めいとく苑　福井本店,910-0841,福井市開発町８－１－１,0776-54-5029,福井市指令生衛第23-3-86号,6/27/23,12/31/29
3399,飲食店営業,その他,焼肉店,焼肉めいとく苑　福井本店,910-0841,福井市開発町８－１－１,0776-54-5029,福井市指令生衛第23-3-87号,6/27/23,12/31/29
3400,食肉販売業,一般,,焼肉家　優,918-8112,福井市下馬３丁目１５０４,0776-33-2299,福井市指令生衛第20-1-77号,5/13/20,10/31/26
3401,菓子製造業,一般,,焼肉家　優,918-8112,福井市下馬３丁目１５０４,0776-33-2299,福井市指令生衛第20-1-358号,12/9/20,10/31/27
3402,飲食店営業,その他,焼肉店,焼肉家　優,918-8112,福井市下馬３丁目１５０４,0776-33-2299,福井市指令生衛第23-4-172号,8/8/23,10/31/29
3403,飲食店営業,一般食堂・レストラン等,焼肉屋,焼肉酒場まるこめ,910-0015,福井市二の宮４丁目２６－２４,0776-43-0521,福井市指令生衛第21-3-103号,8/31/21,1/31/27
3404,飲食店営業,一般食堂・レストラン等,焼肉店,焼肉処　新羅,918-8026,福井市渕２丁目１４０１湯けむり温泉ゆー遊内,0776-34-7400,福井市指令生衛第21-4-37号,6/1/21,5/31/27
3405,飲食店営業,一般食堂・レストラン等,焼肉店,焼肉富士,910-0032,福井市堀ノ宮１丁目３２７,0776-23-8929,福井市指令生衛第21-4-600号,12/15/21,2/28/27
3406,飲食店,社交飲食,,焼肉料理　ひばち,910-0023,福井市順化１丁目２２―１１笠松ビル　１Ｆ,0776-26-3883,福井市指令生衛第20-2-894号,3/22/21,3/31/27
3407,飲食店営業,一般食堂・レストラン等,寿司店,照手松寿し,910-0024,福井市照手２丁目１－１１,0776-22-3340,福井市指令生衛第21-4-702号,2/8/22,4/30/27
3408,飲食店,社交飲食,,祥,910-0023,福井市順化２丁目６―１７フォレスト片町ビル　３階,0776-25-6636,福井市指令生衛第19-2-893号,3/25/20,4/30/25
3409,飲食店,仕出し弁当,,笑福弁当,918-8112,福井市下馬３丁目１６０９,0776-50-2721,福井市指令生衛第20-2-376号,9/17/20,10/31/26
3410,飲食店営業,一般食堂・レストラン等,中華料理店,上海亭,910-0023,福井市順化１丁目１０－８,0776-23-6139,福井市指令生衛第21-4-675号,2/2/22,3/31/27
3411,そうざい製造業,そうざい製造業,,上口商店,910-0836,福井市大和田１丁目１０１福井中央卸売市場関連商品売場,0776-52-0458,福井市指令生衛第21-4-520号,11/2/21,12/31/26
3412,魚介類販売業,魚介類販売業,,上木魚店,918-8014,福井市花堂中２丁目１５－１,0776-35-3678,福井市指令生衛第21-4-506号,10/22/21,10/31/26
3413,飲食店営業,その他,喫茶店,場守亭,910-0151,福井市栄町１５―５,0776-56-0378,福井市指令生衛第21-4-191号,7/14/21,9/30/26
3414,酒類製造業,酒類製造業,,常山酒造,910-0854,福井市御幸１丁目１９－１０,0776-22-1541,福井市指令生衛第24-4-46号,5/21/24,7/31/29
3415,飲食店営業,その他,スナック,織彩,910-0023,福井市順化２丁目２２－１寺木ビル４Ｆ,0776-63-5727,福井市指令生衛第24-4-435号,2/13/25,4/30/30
3416,飲食店営業,一般食堂・レストラン等,居酒屋,織々屋,910-0006,福井市中央３丁目４－１４,0776-27-4004,福井市指令生衛第23-4-207号,10/5/23,11/30/28
3417,菓子製造業,菓子製造業,,食と農のＤｉｇｉｔａｌ　Ｐｌａｔｆｏｒｍ　ＴＲＥＴＡＳ,910-0837,福井市高柳２丁目１２０６,0776-37-4111,福井市指令生衛第23-3-417号,3/18/24,12/31/29
3418,食肉販売業,食肉販売業,,食と農のＤｉｇｉｔａｌ　Ｐｌａｔｆｏｒｍ　ＴＲＥＴＡＳ,910-0837,福井市高柳２丁目１２０６,0776-37-4111,福井市指令生衛第23-3-418号,3/18/24,12/31/29
3419,そうざい製造業,そうざい製造業,,食と農のＤｉｇｉｔａｌ　Ｐｌａｔｆｏｒｍ　ＴＲＥＴＡＳ,910-0837,福井市高柳２丁目１２０６,0776-37-4111,福井市指令生衛第23-3-419号,3/18/24,12/31/29
3420,飲食店営業,その他,居酒屋,食屋　一心,910-0017,福井市文京１丁目１１－２５,,福井市指令生衛第23-4-391号,12/15/23,1/31/29
3421,飲食店営業,その他,居酒屋,食楽ダイニング　仁,910-0023,福井市順化２丁目１０－２１星野店舗,0776-21-5855,福井市指令生衛第23-4-486号,2/8/24,4/30/29
3422,飲食店営業,その他,焼肉店,食楽館　焼肉大将,918-8067,福井市飯塚町７－２－２,0776-36-6913,福井市指令生衛第23-4-480号,3/21/24,5/31/29
3423,飲食店営業,一般食堂・レストラン等,和食,食楽舎　あゆ,910-0017,福井市文京７丁目２－５,0776-25-7794,福井市指令生衛第24-3-22号,4/23/24,1/31/30
3424,飲食店営業,一般食堂・レストラン等,食堂,食堂大陽,910-0845,福井市志比口３丁目３－３４,0776-54-1018,福井市指令生衛第22-4-34号,5/17/22,7/31/27
3425,飲食店営業,一般食堂・レストラン等,焼き肉,食道園,918-8005,福井市みのり２丁目１―６,0776-35-3236,福井市指令生衛第21-4-299号,8/24/21,10/31/26
3426,飲食店営業,その他,ラウンジ,心,910-0023,福井市順化１丁目１７－１２ベルトピア片町５階５０１号室,,福井市指令生衛第24-3-290号,10/22/24,3/31/30
3427,飲食店営業,その他,バー,心美人,910-0023,福井市順化２丁目２２－４イトービル２０１号,,福井市指令生衛第24-4-3号,4/26/24,4/30/29
3428,飲食店営業,一般食堂・レストラン等,焼肉店,新バリバリ,910-0026,福井市光陽２丁目１－１９,0776-27-1844,福井市指令生衛第22-4-326号,12/13/22,2/29/28
3429,飲食店,めん類,,新横浜ラーメン　風神家　ＭＥＧＡドン・キホーテ　ＵＮＹ福井店,918-8067,福井市飯塚町１１－１１１ＭＥＧＡドン・キホーテＵＮＹ福井店内１Ｆ,0776-34-0115,福井市指令生衛第21-1-19号,4/20/21,5/31/26
3430,アイスクリーム類製造業,一般,,新横浜ラーメン　風神家　ＭＥＧＡドン・キホーテ　ＵＮＹ福井店,918-8067,福井市飯塚町１１－１１１ＭＥＧＡドン・キホーテＵＮＹ福井店内１Ｆ,0776-34-0115,福井市指令生衛第21-1-20号,4/20/21,5/31/26
3431,菓子製造業,一般,,新華堂,910-0003,福井市松本４丁目５―１,0776-22-3132,福井市指令生衛第20-2-750号,1/21/21,1/31/26
3432,飲食店営業,一般食堂・レストラン等,寿司屋,新海寿司,918-8004,福井市西木田１丁目１７－１６,0776-36-2085,福井市指令生衛第23-4-188号,8/9/23,10/31/28
3433,飲食店営業,仕出し屋・弁当屋,鮮魚店,新田屋分店,910-0837,福井市高柳３丁目４０１０,0776-53-1717,福井市指令生衛第21-4-533号,11/25/21,12/31/26
3434,魚介類販売業,魚介類販売業,,新田屋分店,910-0837,福井市高柳３丁目４０１０,0776-53-1717,福井市指令生衛第21-4-534号,11/25/21,12/31/26
3435,飲食店営業,一般食堂・レストラン等,中華料理店,新宝来,910-0017,福井市文京１丁目３５－１１,0776-23-0576,福井市指令生衛第22-4-305号,11/17/22,1/31/28
3436,菓子製造業,菓子製造業,,森のこころ,918-8004,福井市西木田１丁目１７－４,0776-36-2229,福井市指令生衛第22-4-158号,7/20/22,10/31/27
3437,飲食店営業,その他,キャンプ場食材提供,森のほうかごＶＩＬＬＡＧＥ,910-3645,福井市笹谷町１１５,0776-98-2752,福井市指令生衛第23-3-28号,5/19/23,6/30/28
3438,飲食店営業,一般食堂・レストラン等,食堂,森の食堂,910-3616,福井市真栗町４７－５１生きがい交流センター２Ｆ,0776-98-5801,福井市指令生衛第21-4-772号,3/10/22,6/30/27
3439,飲食店営業,一般食堂・レストラン等,レストラン,森の蔵,910-3252,福井市燈豊町４２－５３フォーレスト福井ゴルフクラブレストラン,0776-83-1118,福井市指令生衛第23-3-463号,3/12/24,7/31/30
3440,飲食店営業,その他,珈琲屋,森雨珈琲,910-0134,福井市上野本町１丁目２０１９,,福井市指令生衛第24-3-8号,4/19/24,9/30/29
3441,食肉販売業,一般,,森田食肉店,910-0142,福井市上森田２丁目211,0776-56-0529,福井市指令生衛第20-2-320号,8/26/20,9/30/25
3442,アイスクリーム類製造業,一般,,森八大名閣,910-0005,福井市大手３丁目１５－９,0776-25-0008,福井市指令生衛第20-2-451号,10/19/20,11/30/25
3443,菓子製造業,菓子製造業,,森八大名閣,910-0005,福井市大手３丁目１５－９,0776-25-0008,福井市指令生衛第24-4-199号,9/20/24,11/30/30
3444,飲食店営業,一般食堂・レストラン等,中華料理店,森餃子,910-0026,福井市光陽１丁目１－１３,0776-21-4581,福井市指令生衛第24-4-288号,12/5/24,2/28/31
3445,飲食店営業,その他,ソフトクリーム専門店,深夜あいす２６,910-0023,福井市順化２丁目２１－１８加賀テナント　Ｃ号,,福井市指令生衛第22-3-281号,12/16/22,4/30/28
3446,飲食店営業,その他,居酒屋,深夜酒場　たまりば,910-0023,福井市順化１丁目１８－１アサンテ片町ビル２Ｆ,,福井市指令生衛第22-3-421号,4/17/23,3/31/29
3447,飲食店,軽食,,深緑,910-0006,福井市中央１丁目１５―６,0776-60-0320,福井市指令生衛第20-2-471号,10/19/20,11/30/25
3448,飲食店営業,その他,スナック,真利倫,910-0023,福井市順化１丁目１７－７プランタン片町　４Ｆ　Ｃ,0776-24-8587,福井市指令生衛第23-4-427号,1/17/24,3/31/29
3449,飲食店営業,一般食堂・レストラン等,ラーメン店,真竜ラーメン,910-0121,福井市定正町１２２１,0776-56-2228,福井市指令生衛第24-4-79号,6/11/24,9/30/29
3450,飲食店,社交飲食,,神楽,910-0023,福井市順化１丁目７－９片町バレービル４階４－Ｂ,0776-43-1077,福井市指令生衛第20-1-399号,1/26/21,3/31/26
3451,飲食店営業,一般食堂・レストラン等,ビュッフェレストラン,神戸クック・ワールドビュッフェパリオＣＩＴＹ福井店,910-0852,福井市松城町１２－７パリオシティ３Ｆ,0776-43-6861,福井市指令生衛第22-3-179号,10/11/22,7/31/28
3452,飲食店営業,その他,喫茶店,神戸っ子,910-0029,福井市日光２丁目１－８日光レジデンス１Ｆ,0776-25-1571,福井市指令生衛第23-4-345号,11/30/23,2/28/29
3453,飲食店,食堂,,神無月　想い出,910-0023,福井市順化１丁目２０―３,0776-30-1639,福井市指令生衛第19-2-797号,3/31/20,3/31/25
3454,飲食店,料理,,神明神社　参集殿,910-0004,福井市宝永４丁目８―１,0776-24-2210,福井市指令生衛第20-2-530号,10/19/20,11/30/26
3455,飲食店,社交飲食,,人輪舎,910-0023,福井市順化１丁目１８―７Ａｙｕビル２階,0776-21-0578,福井市指令生衛第20-2-887号,2/18/21,3/31/26
3456,飲食店,食堂,,仁忍,910-0023,福井市順化２丁目６―１７フォレスト片町ビル２Ｆ,0776-50-2909,福井市指令生衛第20-2-944号,3/24/21,4/30/26
3457,飲食店,すし,,仁平ずし,910-0006,福井市中央１丁目２２―２２,0776-22-1888,福井市指令生衛第20-2-487号,11/16/20,11/30/25
3458,飲食店,めん類,,甚右衛門　新保店,910-0832,福井市新保町７－９－１　Ｙプラザ内,0776-52-6011,福井市指令生衛第20-2-611号,12/17/20,12/31/25
3459,飲食店営業,一般食堂・レストラン等,和食,甚兵衛,910-0804,福井市高木中央１丁目２７０２,0776-54-2471,福井市指令生衛第23-4-243号,10/18/23,12/31/28
3460,飲食店,社交飲食,,陣,910-0023,福井市順化１丁目７―９片町バレービル４Ｆ,0776-27-3778,福井市指令生衛第20-2-910号,2/18/21,3/31/26
3461,飲食店営業,その他,スナック,陣,910-0023,福井市順化２丁目２０－１３シャンティ片町２Ｆ２号室,0776-27-3778,福井市指令生衛第21-3-208号,12/13/21,4/30/27
3462,飲食店,旅館,,陣屋,910-2153,福井市城戸ノ内町８―４０―２,0776-41-2312,福井市指令生衛第20-2-173号,6/26/20,8/31/26
3463,食品の小分け業,食品の小分け業,,酢屋,910-0024,福井市照手１丁目１５－２,0776-22-3648,福井市指令生衛第22-4-397号,2/14/23,4/30/28
3464,飲食店営業,その他,カフェ,水口木材株式会社,910-0855,福井市西方２丁目１１－８,0776-27-1150,福井市指令生衛第23-3-2号,4/10/23,7/31/28
3465,飲食店営業,一般食堂・レストラン等,カレー店,水色食堂,910-0017,福井市文京４丁目２－１２コジマビル１Ｆ,0776-21-4688,福井市指令生衛第22-4-336号,12/6/22,2/29/28
3466,飲食店,食堂,,水仙,918-8235,福井市和田中町舟橋７－１福井県済生会病院１Ｆ,0776-28-6162,福井市指令生衛第20-2-253号,6/26/20,7/31/25
3467,飲食店営業,その他,スナック,水仙,910-0023,福井市順化１丁目１２－６順化ロンシャンビル４－Ａ,0776-28-3853,福井市指令生衛第24-4-383号,1/30/25,3/31/30
3468,そうざい製造業,そうざい製造業,,炊飯センターなんぶ,910-0826,福井市上中町５７－４－１,0776-54-4738,福井市指令生衛第24-4-52号,5/8/24,7/31/29
3469,菓子製造業,菓子製造業,,翠星,910-3115,福井市仙町７－１－１４,,福井市指令生衛第22-3-309号,1/16/23,7/31/29
3470,飲食店,社交飲食,,翠翔片町店,910-0023,福井市順化２丁目６－１６高畠ビル１Ｆ,0776-97-9710,福井市指令生衛第20-1-217号,9/4/20,4/30/26
3471,飲食店営業,その他,居酒屋,酔い家　粋,918-8055,福井市若杉１丁目１５０２,0776-34-7060,福井市指令生衛第21-4-780号,3/9/22,5/31/27
3472,飲食店,社交飲食,,酔菜　吉左右,910-0019,福井市春山１丁目１―２０,0776-25-4877,福井市指令生衛第19-2-850号,3/25/20,4/30/25
3473,飲食店営業,その他,雀荘,雀荘　メルシ,910-0804,福井市高木中央２丁目３４０７－４,0776-54-4483,福井市指令生衛第21-4-621号,12/21/21,12/31/26
3474,飲食店営業,一般食堂・レストラン等,日本料理店,瀬名,910-0004,福井市宝永１丁目１６－６,0776-22-0403,福井市指令生衛第21-4-337号,9/22/21,11/30/27
3475,飲食店営業,一般食堂・レストラン等,ラーメン店,是・空　高木店,910-0804,福井市高木中央１丁目３０９－１,0776-89-1668,福井市指令生衛第24-4-228号,10/31/24,12/31/29
3476,飲食店営業,仕出し屋・弁当屋,鮮魚店,成伸,918-8234,福井市曽万布町１２―３５,0776-54-2284,福井市指令生衛第21-4-130号,6/10/21,7/31/27
3477,魚介類販売業,魚介類販売業,鮮魚店,成伸,918-8234,福井市曽万布町１２―３５,0776-54-2284,福井市指令生衛第21-4-131号,6/10/21,7/31/27
3478,飲食店営業,一般食堂・レストラン等,そば・うどん店,成田屋,918-8108,福井市春日２丁目９－２４,0776-36-1453,福井市指令生衛第21-4-323号,9/2/21,10/31/26
3479,飲食店営業,一般食堂・レストラン等,喫茶店,星乃珈琲店　福井江守店,918-8024,福井市舞屋町７－３,0776-35-3655,福井市指令生衛第21-4-28号,6/1/21,5/31/27
3480,飲食店営業,一般食堂・レストラン等,寿司屋,清寿司,910-0843,福井市西開発２丁目２０７－５,0776-54-0966,福井市指令生衛第24-4-250号,11/5/24,12/31/29
3481,飲食店営業,その他,喫茶店,清水喫茶店,918-8024,福井市舞屋町５－２２－１,0776-33-5800,福井市指令生衛第23-4-539号,4/18/24,5/31/29
3482,飲食店営業,仕出し屋・弁当屋,給食施設,清水新生会すみれ荘,910-3623,福井市島寺町８３―１,0776-98-5550,福井市指令生衛第21-4-22号,6/1/21,6/30/27
3483,飲食店,食堂,,清川食堂,910-0003,福井市松本１丁目１４－１６,0776-23-6657,福井市指令生衛第20-1-164号,7/20/20,1/31/26
3484,飲食店営業,一般食堂・レストラン等,食堂,清風堂,910-0026,福井市光陽３丁目１－２０,0776-24-0671,福井市指令生衛第21-4-553号,12/2/21,2/28/27
3485,飲食店,めん類,,生真麺屋　まぁ坊,910-0023,福井市順化２丁目２１－３　ＪＫ,,福井市指令生衛第20-1-105号,6/24/20,4/30/26
3486,酒類製造業,酒類製造業,,西岡河村酒造株式会社,910-3613,福井市甑谷町１―１,0776-98-5166,福井市指令生衛第21-4-51号,6/1/21,6/30/26
3487,魚介類販売業,魚介類販売業,,西岡鮮魚エルパ店,910-0836,福井市大和田２丁目１２１２エルパ１階,0776-57-2566,福井市指令生衛第24-3-3号,4/3/24,12/31/29
3488,そうざい製造業,そうざい製造業,,西岡鮮魚エルパ店,910-0836,福井市大和田２丁目１２１２エルパ１階,0776-57-2566,福井市指令生衛第24-3-4号,4/3/24,12/31/29
3489,飲食店,軽食,,西公園,910-0022,福井市花月１丁目６―１５,0776-24-2897,福井市指令生衛第20-2-1017号,3/24/21,4/30/26
3490,飲食店営業,一般食堂・レストラン等,そば屋,西村屋本店,918-8205,福井市北四ツ居２丁目１―５,0776-54-1388,福井市指令生衛第21-4-85号,6/17/21,7/31/26
3491,氷雪製造業,氷雪製造業,,西村氷店,910-0023,福井市順化１丁目１７－２７,0776-22-3220,福井市指令生衛第24-4-366号,1/21/25,3/31/30
3492,飲食店営業,その他,カフェ,西村珈琲　ニシムラカフェ,918-8015,福井市花堂南２丁目１６―１ショッピングシティベル１Ｆ,0776-35-2775,福井市指令生衛第21-4-247号,8/11/21,10/31/26
3493,菓子製造業,菓子製造業,カフェ,西村珈琲　ニシムラカフェ,918-8015,福井市花堂南２丁目１６―１ショッピングシティベル１Ｆ,0776-35-2775,福井市指令生衛第21-4-248号,8/11/21,10/31/26
3494,飲食店営業,一般食堂・レストラン等,中華料理店,西遊記,910-0006,福井市中央１丁目１９－１８,0776-24-2480,福井市指令生衛第23-4-208号,9/20/23,11/30/28
3495,菓子製造業,菓子製造業,ケーキ店,西洋菓子倶楽部　米松店,910-0851,福井市米松１丁目１１－３３,0776-54-8883,福井市指令生衛第23-4-48号,5/16/23,7/31/29
3496,飲食店営業,その他,ケーキ店,西洋菓子倶楽部　米松店,910-0851,福井市米松１丁目１１－３３,0776-54-8883,福井市指令生衛第23-4-49号,5/16/23,7/31/29
3497,飲食店営業,一般食堂・レストラン等,イタリア料理店,西和家,918-8057,福井市加茂河原１丁目５－２８,,福井市指令生衛第21-3-271号,9/2/22,5/31/28
3498,酒類製造業,酒類製造業,,青木蘭麝堂,910-2161,福井市脇三ケ町２５―１９,0776-41-0078,福井市指令生衛第21-4-163号,7/7/21,8/31/26
3499,漬物製造業,漬物製造業,,青木蘭麝堂,910-2161,福井市脇三ケ町２５－１９,0776-41-0078,福井市指令生衛第23-4-142号,7/25/23,8/31/28
3500,飲食店営業,一般食堂・レストラン等,そば店,石うす挽き　手打ち　そば処　きょうや,918-8236,福井市和田中２丁目９３６－２,0776-25-1662,福井市指令生衛第23-4-37号,5/16/23,7/31/28
3501,飲食店営業,一般食堂・レストラン等,食堂,石焼ステーキ贅　福井飯塚店,918-8067,福井市飯塚町１０－４－１,0776-36-5003,福井市指令生衛第23-4-468号,2/6/24,5/31/29
3502,飲食店営業,旅館,旅館,石森亭,910-3377,福井市浜住町８－３,0776-86-1518,福井市指令生衛第23-4-111号,6/14/23,7/31/29
3503,飲食店営業,その他,居酒屋,石田屋,910-0005,福井市大手２丁目５－１４湯浅ビル　１Ｆ,0776-29-1291,福井市指令生衛第24-4-202号,9/24/24,11/30/29
3504,飲食店営業,一般食堂・レストラン等,ステーキ店・レストラン,石窯焼　時ノ鐘,910-0006,福井市中央３丁目１１－２３木村ビル１Ｆ,0776-25-0029,福井市指令生衛第23-4-210号,9/21/23,11/30/28
3505,そうざい製造業,一般,,千山閣,910-0855,福井市西方２丁目４－３,0776-22-8059,福井市指令生衛第20-1-353号,11/30/20,7/31/26
3506,食肉販売業,一般,,千山閣,910-0855,福井市西方２丁目４－３,0776-22-8059,福井市指令生衛第20-1-354号,11/30/20,7/31/26
3507,飲食店営業,一般食堂・レストラン等,焼肉店,千山閣,910-0855,福井市西方２丁目４－３,0776-22-8059,福井市指令生衛第23-4-75号,6/14/23,7/31/28
3508,飲食店営業,その他,居酒屋,千笑,910-0018,福井市田原１丁目７－１３,0776-27-1059,福井市指令生衛第21-4-565号,12/15/21,2/28/27
3509,飲食店営業,その他,スナック,千織,910-0023,福井市順化２丁目２０－１７セレクトシティ片町ビル２０１,0776-28-0818,福井市指令生衛第24-4-451号,2/20/25,4/30/30
3510,水産製品製造業,水産製品製造業,,千本,910-3552,福井市茱崎町１３―４４,0776-89-2267,福井市指令生衛第21-4-210号,7/8/21,7/31/26
3511,そうざい製造業,そうざい製造業,,千本,910-3552,福井市茱崎町１３―４４,0776-89-2267,福井市指令生衛第21-4-211号,7/8/21,7/31/26
3512,菓子製造業,一般,,川口洋菓子店,910-0001,福井市大願寺３丁目１－２０栗田ビル１ＦＡ号室,0776-76-8750,福井市指令生衛第20-2-758号,1/4/21,1/31/26
3513,飲食店営業,その他,カフェ,川口洋菓子店,910-0001,福井市大願寺３丁目１－２０栗田ビル１ＦＡ号室,0776-76-8750,福井市指令生衛第22-3-73号,6/17/22,1/31/29
3514,飲食店営業,その他,バル,川上,910-0023,福井市順化１丁目８－１７ダイナソービルＫ号室（２Ｆ）,0776-43-1532,福井市指令生衛第22-4-374号,1/5/23,3/31/28
3515,飲食店営業,その他,八百屋、そうざい販売,川上屋,910-0859,福井市日之出３丁目３－１４,0776-22-5014,福井市指令生衛第21-4-70号,6/23/21,7/31/26
3516,魚介類販売業,魚介類販売業,,川上屋,910-0859,福井市日之出３丁目３－１４,0776-22-5014,福井市指令生衛第21-4-71号,6/23/21,7/31/26
3517,飲食店,仕出し弁当,,川与商店,910-0019,福井市春山２丁目１３－１７,0776-24-2352,福井市指令生衛第20-1-238号,9/29/20,4/30/26
3518,魚介類販売業,一般,,川与商店,910-0019,福井市春山２丁目１３－１７,0776-24-2352,福井市指令生衛第20-1-239号,9/29/20,4/30/26
3519,飲食店営業,その他,喫茶,川和,918-8067,福井市飯塚町８―１３０―２,0776-34-7799,福井市指令生衛第21-4-27号,6/1/21,5/31/27
3520,ソース類製造業,一般,,浅水三区園芸部農産物加工場,918-8181,福井市浅水町１０１―８,0776-38-1156,福井県指令福保第1810581号,12/14/18,10/31/25
3521,菓子製造業,一般,,浅水三区園芸部農産物加工場,918-8181,福井市浅水町１０１―８,0776-38-1156,福井県指令福保第1810582号,12/14/18,10/31/25
3522,飲食店営業,一般食堂・レストラン等,定食屋,浅田クッキングスクール直営クィーンアリス,910-0002,福井市町屋１丁目５－３１,0776-25-3605,福井市指令生衛第21-3-199号,12/16/21,1/31/27
3523,飲食店営業,一般食堂・レストラン等,和食店,浅廼家,918-8035,福井市江守の里１丁目１４１１,0776-35-9090,福井市指令生衛第21-4-754号,3/17/22,5/31/28
3524,魚介類販売業,魚介類販売業,,浅廼家,918-8035,福井市江守の里１丁目１４１１,0776-35-9090,福井市指令生衛第21-4-755号,3/17/22,5/31/28
3525,飲食店営業,その他,宴会等々のケータリング,繊協ビル　ＦＵＮ　ＤＩＮＩＮＧ,910-0005,福井市大手３丁目７－１福井県繊協ビル　１０Ｆ,0776-51-3903,福井市指令生衛第24-3-333号,12/9/24,11/30/30
3526,飲食店営業,一般食堂・レストラン等,焼肉屋,鮮,910-0023,福井市順化２丁目１２－１１,0776-43-1072,福井市指令生衛第21-3-342号,4/5/22,4/30/27
3527,飲食店,仕出し弁当,,鮮魚　魚廣,910-0006,福井市中央１丁目８―１西武　福井店　地下１Ｆ,0776-27-3186,福井市指令生衛第20-2-501号,10/19/20,11/30/25
3528,魚介類販売業,一般,,鮮魚　魚廣,910-0006,福井市中央１丁目８―１西武　福井店　地下１Ｆ,0776-28-8406,福井市指令生衛第20-2-504号,10/19/20,11/30/25
3529,飲食店営業,一般食堂・レストラン等,寿司店,鮮魚・寿司　魚廣,910-0006,福井市中央１丁目１－２５くるふ福井駅㉟,0776-37-3153,福井市指令生衛第23-3-347号,2/21/24,11/30/29
3530,魚介類販売業,魚介類販売業,,鮮魚・寿司　魚廣,910-0006,福井市中央１丁目１－２５くるふ福井駅㉟,0776-37-3153,福井市指令生衛第23-3-348号,2/21/24,11/30/29
3531,そうざい製造業,そうざい製造業,,鮮魚・寿司　魚廣,910-0006,福井市中央１丁目１－２５くるふ福井駅㉟,0776-37-3153,福井市指令生衛第23-3-349号,2/21/24,11/30/29
3532,魚介類販売業,魚介類販売業,,鮮魚丸松　福井店,910-0837,福井市高柳２丁目１２０６トレタス内,,福井市指令生衛第23-3-489号,4/10/24,12/31/30
3533,そうざい製造業,そうざい製造業,,鮮魚丸松　福井店,910-0837,福井市高柳２丁目１２０６トレタス内,,福井市指令生衛第23-3-490号,4/10/24,12/31/30
3534,飲食店,仕出し弁当,,前川鮮魚店,910-3113,福井市江上町５０―２,0776-59-1047,福井市指令生衛第20-2-147号,7/15/20,7/31/26
3535,魚介類販売業,一般,,前川鮮魚店,910-3113,福井市江上町５０―２,0776-59-1047,福井市指令生衛第20-2-146号,7/15/20,7/31/26
3536,飲食店営業,その他,居酒屋,前田屋いちりん,910-0023,福井市順化１丁目１９－２順化インビル２Ｆ,0776-50-2188,福井市指令生衛第24-4-360号,1/23/25,3/31/30
3537,飲食店,社交飲食,,善五郎,910-0017,福井市文京１丁目４－２４,0776-27-3000,福井市指令生衛第20-2-792号,1/21/21,1/31/26
3538,飲食店,社交飲食,,楚々,910-0023,福井市順化１丁目１７―２０アミール片町４Ｆ　ＢＣ,0776-28-1601,福井市指令生衛第20-1-307号,5/24/21,3/31/27
3539,飲食店営業,その他,ラウンジ,楚々,910-0023,福井市順化１丁目１７－２０アミール片町４ＦＡ,0776-28-1601,福井市指令生衛第21-3-151号,10/11/21,3/31/27
3540,漬物製造業,漬物製造業,,蘇家キムチ,910-0138,福井市東森田１丁目２３０１,,福井市指令生衛第23-3-23号,4/20/23,9/30/28
3541,そうざい製造業,そうざい製造業,,蘇家キムチ,910-0138,福井市東森田１丁目２３０１,,福井市指令生衛第23-3-91号,6/27/23,9/30/28
3542,飲食店営業,一般食堂・レストラン等,和食店,創作　ごかん,910-0005,福井市大手２丁目６－１４安野ビル　２階,,福井市指令生衛第22-3-345号,3/23/23,11/30/29
3543,飲食店営業,その他,居酒屋,創食味　池見,910-0002,福井市町屋１丁目３－５マルタケビル　１階南店舗,,福井市指令生衛第22-3-346号,3/3/23,1/31/29
3544,飲食店営業,一般食堂・レストラン等,会席料理,創味卯京,918-8105,福井市木田３丁目２８１１,0776-34-8488,福井市指令生衛第21-4-238号,8/3/21,10/31/26
3545,麺類製造業,麺類製造業,,双葉マルヤス製麺所,910-0843,福井市西開発１丁目２６０８－１,0776-53-4800,福井市指令生衛第21-4-456号,11/30/21,12/31/27
3546,飲食店営業,その他,惣菜店,惣菜　謹,910-0855,福井市西方２丁目２－１３,0776-88-0363,福井市指令生衛第21-3-139号,11/1/21,7/31/27
3547,食肉販売業,食肉販売業,惣菜店,惣菜　謹,910-0855,福井市西方２丁目２－１３,0776-88-0363,福井市指令生衛第21-3-140号,11/1/21,7/31/27
3548,菓子製造業,菓子製造業,惣菜店,惣菜　謹,910-0855,福井市西方２丁目２－１３,0776-88-0363,福井市指令生衛第21-3-141号,11/1/21,7/31/27
3549,水産製品製造業,水産製品製造業,惣菜店,惣菜　謹,910-0855,福井市西方２丁目２－１３,0776-88-0363,福井市指令生衛第21-3-142号,11/1/21,7/31/27
3550,豆腐製造業,豆腐製造業,惣菜店,惣菜　謹,910-0855,福井市西方２丁目２－１３,0776-88-0363,福井市指令生衛第21-3-143号,11/1/21,7/31/27
3551,麺類製造業,麺類製造業,惣菜店,惣菜　謹,910-0855,福井市西方２丁目２－１３,0776-88-0363,福井市指令生衛第21-3-144号,11/1/21,7/31/27
3552,そうざい製造業,そうざい製造業,惣菜店,惣菜　謹,910-0855,福井市西方２丁目２－１３,0776-88-0363,福井市指令生衛第21-3-145号,11/1/21,7/31/27
3553,漬物製造業,漬物製造業,惣菜店,惣菜　謹,910-0855,福井市西方２丁目２－１３,0776-88-0363,福井市指令生衛第21-3-146号,11/1/21,7/31/27
3554,冷凍食品製造業,冷凍食品製造業,,惣菜　謹,910-0855,福井市西方２丁目２－１３,0776-88-0363,福井市指令生衛第23-3-473号,4/8/24,7/31/30
3555,飲食店営業,その他,居酒屋,想作居酒屋　ＳＥＩ,910-0028,福井市学園２丁目８－２３,0776-25-1152,福井市指令生衛第22-3-234号,10/28/22,2/29/28
3556,菓子製造業,菓子製造業,,早起きぱん屋さん,910-0033,福井市三郎丸１丁目１０６－２,0776-24-5580,福井市指令生衛第21-4-588号,12/16/21,2/28/27
3557,食肉処理業,一般,,総合食品エスイー株式会社　福井営業所,910-0804,福井市高木中央１丁目１３０１,0776-52-2225,福井市指令生衛第19-2-540号,12/19/19,12/31/25
3558,菓子製造業,菓子製造業,,総合福祉施設　あけぼの園,918-8223,福井市河水町５－１－１,0776-52-5575,福井市指令生衛第21-4-124号,6/30/21,7/31/27
3559,飲食店営業,その他,カフェ,増山商店,910-2167,福井市安原町２－１４,,福井市指令生衛第24-3-148号,7/30/24,8/31/29
3560,菓子製造業,菓子製造業,,増山商店,910-2167,福井市安原町２－１４,,福井市指令生衛第24-3-149号,7/30/24,8/31/29
3561,飲食店営業,その他,喫茶店,蔵ｃａｆｅ　ｃｏｃｏｌｏノ,910-3118,福井市上野町１０－２３,0776-83-1609,福井市指令生衛第24-4-4号,5/23/24,7/31/29
3562,飲食店,仕出し弁当,,足羽ワークセンター,910-2178,福井市栂野町２０－５,0776-41-3795,福井市指令生衛第19-1-232号,9/18/19,7/31/26
3563,そうざい製造業,一般,,足羽ワークセンター,910-2178,福井市栂野町２０－５,0776-41-3795,福井市指令生衛第19-1-233号,9/18/19,7/31/26
3564,菓子製造業,菓子製造業,,足羽ワークセンター,910-2178,福井市栂野町２０－５,0776-41-3795,福井市指令生衛第21-3-87号,8/16/21,7/31/28
3565,アイスクリーム類製造業,アイスクリーム類製造業,,足羽ワークセンター,910-2178,福井市栂野町２０－５,0776-41-3795,福井市指令生衛第24-3-26号,4/18/24,7/31/30
3566,飲食店営業,一般食堂・レストラン等,社員食堂,足羽食堂,918-8003,福井市毛矢１丁目４―２７,0776-35-9323,福井市指令生衛第21-4-320号,8/31/21,10/31/26
3567,そうざい製造業,そうざい製造業,,孫心,918-8005,福井市みのり４丁目５－２８,,福井市指令生衛第22-3-273号,12/5/22,10/31/28
3568,菓子製造業,一般,,村中甘泉堂,910-0006,福井市中央１丁目２１－２４,0776-22-4152,福井市指令生衛第20-2-481号,11/27/20,11/30/26
3569,乳製品製造業,一般,,村中甘泉堂,910-0006,福井市中央１丁目２１－２４,0776-22-4152,福井市指令生衛第20-1-379号,1/18/21,11/30/27
3570,菓子製造業,菓子製造業,,村中甘泉堂,910-0006,福井市中央１丁目２１－２４,0776-22-4354,福井市指令生衛第24-4-204号,9/26/24,11/30/30
3571,アイスクリーム類製造業,アイスクリーム類製造業,,村中甘泉堂,910-0006,福井市中央１丁目２１－２４,0776-22-4152,福井市指令生衛第24-3-288号,10/17/24,11/30/30
3572,飲食店営業,一般食堂・レストラン等,日本料理店,太喜,910-0023,福井市順化２丁目１５－１６３Ｋビル１Ｆ,,福井市指令生衛第23-4-553号,2/15/24,4/30/29
3573,そうざい製造業,そうざい製造業,,太陽とめぐみのファーム加工場,918-8044,福井市高塚町７０１,,福井市指令生衛第21-3-161号,10/29/21,5/31/28
3574,飲食店営業,一般食堂・レストラン等,台湾料理店,台湾料理　天紅,910-0011,福井市経田１丁目１０６しゃぼんビル１Ｆ,,福井市指令生衛第22-4-222号,10/18/22,1/31/28
3575,飲食店営業,その他,中華料理店,台湾料理　美味仙,918-8104,福井市板垣３丁目１３１７,0776-36-7188,福井市指令生衛第22-3-131号,7/27/22,10/31/27
3576,飲食店,社交飲食,,台湾料理　福星,918-8025,福井市江守中町７―２９―５,0776-97-9180,福井市指令生衛第20-2-17号,4/23/20,5/31/25
3577,飲食店営業,一般食堂・レストラン等,中華料理,台湾料理　遊福亭,918-8026,福井市渕３丁目４０１,0776-34-0148,福井市指令生衛第21-4-43号,6/1/21,5/31/27
3578,飲食店営業,仕出し屋・弁当屋,和食,大むら,918-8203,福井市上北野１丁目３４―２,0776-58-7016,福井市指令生衛第21-4-171号,6/23/21,7/31/26
3579,飲食店営業,一般食堂・レストラン等,和食店,大むら,918-8026,福井市渕４丁目２００５,0776-35-8101,福井市指令生衛第21-4-752号,3/16/22,5/31/27
3580,飲食店営業,一般食堂・レストラン等,和食店,大もり支店,910-2163,福井市栃泉町１―１４,0776-41-0269,福井市指令生衛第21-4-203号,7/13/21,8/31/26
3581,飲食店営業,その他,喫茶店,大安禅寺　客殿,910-0044,福井市田ノ谷町２１－４,0776-59-1014,福井市指令生衛第22-3-7号,4/26/22,7/31/27
3582,菓子製造業,菓子製造業,,大吉餅,910-0003,福井市松本２丁目２－２,0776-22-3221,福井市指令生衛第23-4-352号,11/21/23,1/31/29
3583,飲食店営業,一般食堂・レストラン等,和食店,大久保茶屋,918-8053,福井市小山谷町３４－９,0776-36-0306,福井市指令生衛第22-4-154号,8/25/22,10/31/27
3584,そうざい製造業,そうざい製造業,,大久保茶屋,918-8053,福井市小山谷町３４－９,0776-36-0306,福井市指令生衛第22-4-155号,8/25/22,10/31/27
3585,そうざい製造業,そうざい製造業,,大久保茶屋,918-8053,福井市小山谷町３４－９,0776-36-0306,福井市指令生衛第22-3-252号,11/18/22,10/31/28
3586,飲食店営業,その他,和食店,大久保茶屋,918-8053,福井市小山谷町３４－９,0776-36-0306,福井市指令生衛第22-3-253号,11/18/22,10/31/28
3587,菓子製造業,菓子製造業,,大久保茶屋,918-8053,福井市小山谷町３４－９,0776-36-0306,福井市指令生衛第22-3-254号,11/18/22,10/31/28
3588,飲食店営業,その他,カフェ,大久保茶屋はなれ　ごはんカフェ　森の音,918-8006,福井市足羽上町１４７－２,0776-50-2143,福井市指令生衛第24-4-141号,8/6/24,10/31/29
3589,そうざい製造業,そうざい製造業,,大久保茶屋はなれ　ごはんカフェ　森の音,918-8006,福井市足羽上町１４７－２,0776-50-2143,福井市指令生衛第24-4-142号,8/6/24,10/31/29
3590,飲食店営業,仕出し屋・弁当屋,鮮魚店,大橋,910-0856,福井市勝見３丁目１－１２,0776-22-1680,福井市指令生衛第22-4-19号,5/11/22,7/31/27
3591,魚介類販売業,魚介類販売業,,大橋,910-0856,福井市勝見３丁目１－１２,0776-22-1680,福井市指令生衛第22-4-20号,5/11/22,7/31/27
3592,飲食店営業,一般食堂・レストラン等,給食,大月産婦人科クリニック３階,918-8007,福井市足羽１丁目１１－２４大月産婦人科クリニック３Ｆ,0776-35-3753,福井市指令生衛第21-4-309号,8/26/21,10/31/26
3593,飲食店営業,一般食堂・レストラン等,和食（定食屋）,大戸屋　福井店,910-0804,福井市高木中央３丁目８０５,0776-52-0233,福井市指令生衛第23-4-310号,10/23/23,12/31/28
3594,あん類製造業,一般,,大戸製餡所,910-0024,福井市照手２丁目９―２０,0776-24-0316,福井市指令生衛第21-2-31号,4/20/21,4/30/26
3595,菓子製造業,一般,,大戸製餡所,910-0024,福井市照手２丁目９―２２,0776-24-0316,福井市指令生衛第20-1-275号,3/25/21,4/30/26
3596,魚介類販売業,一般,,大黒屋,910-3553,福井市蒲生町１１―１８,0776-89-2925,福井市指令生衛第19-1-154号,8/5/19,7/31/25
3597,水産製品製造業,水産製品製造業,,大黒屋,910-3553,福井市蒲生町１１―１８,0776-89-2925,福井市指令生衛第21-4-97号,6/22/21,7/31/26
3598,飲食店営業,一般食堂・レストラン等,中華料理店,大阪王将　福井二の宮店,910-0015,福井市二の宮３丁目２０２,0776-23-0088,福井市指令生衛第23-4-252号,10/10/23,1/31/29
3599,飲食店営業,その他,スナック,大雑把,910-0804,福井市高木中央１丁目１１３コーポ１０３,0776-54-3661,福井市指令生衛第22-4-280号,10/25/22,12/31/27
3600,飲食店,社交飲食,,大衆割烹　善甚,910-0005,福井市大手２丁目５―３,0776-25-1730,福井市指令生衛第20-1-65号,5/15/20,11/30/25
3601,飲食店営業,その他,居酒屋,大衆酒場　わくや,910-0023,福井市順化１丁目１４－１７経営センタービルＢ１Ｆ,0776-29-1109,福井市指令生衛第21-3-124号,10/1/21,3/31/27
3602,魚介類販売業,一般,,大西鮮魚店,919-0305,福井市徳光町４２―６―１,0776-41-0509,福井市指令生衛第20-2-210号,6/26/20,8/31/25
3603,飲食店,仕出し弁当,,大西鮮魚店,919-0305,福井市徳光町４２―６―１,0776-41-0509,福井市指令生衛第20-2-209号,6/26/20,8/31/25
3604,魚介類販売業,魚介類販売業,,大善,910-0843,福井市西開発３丁目７０８,0776-53-6800,福井市指令生衛第21-4-405号,10/12/21,12/31/26
3605,そうざい製造業,そうざい製造業,,大善,910-0843,福井市西開発３丁目７０８,0776-53-6800,福井市指令生衛第21-3-163号,10/14/21,12/31/26
3606,魚介類販売業,魚介類販売業,,大村屋,918-8045,福井市福新町1303,0776-36-3566,福井市指令生衛第21-4-751号,3/16/22,5/31/27
3607,飲食店営業,一般食堂・レストラン等,集団給食施設,大滝病院,910-0029,福井市日光１丁目２－１,0776-43-0662,福井市指令生衛第21-3-204号,12/3/21,2/29/28
3608,飲食店営業,その他,居酒屋,大長今,910-0023,福井市順化２丁目１２－１４プリンスビル　１Ｆ,0776-21-0071,福井市指令生衛第22-4-416号,3/2/23,4/30/28
3609,食肉処理業,食肉処理業,,大美商店,910-2331,福井市計石町３５－５,0776-90-3951,福井市指令生衛第23-4-552号,3/12/24,8/31/30
3610,菓子製造業,菓子製造業,,大壁羽山堂（ラメール）,918-8003,福井市毛矢３丁目５―２１,0776-36-0130,福井市指令生衛第21-4-285号,8/25/21,10/31/26
3611,アイスクリーム類製造業,アイスクリーム類製造業,,大壁羽山堂（ラメール）,918-8003,福井市毛矢３丁目５―２１,0776-36-0130,福井市指令生衛第21-4-286号,8/25/21,10/31/26
3612,飲食店営業,一般食堂・レストラン等,食堂,大陽食堂,910-0826,福井市上中町５２－５－１,0776-53-8872,福井市指令生衛第23-4-38号,6/15/23,7/31/28
3613,飲食店営業,その他,スナック,大連,910-0023,福井市順化１丁目１６－１０シャトレー片町４０１号室,,福井市指令生衛第24-4-364号,1/21/25,3/31/30
3614,魚介類販売業,一般,,大和水産,910-0836,福井市大和田１丁目１０１番地福井中央卸売市場鮮魚中卸部内,0776-53-2140,福井市指令生衛第20-2-636号,11/26/20,12/31/25
3615,水産製品製造業,水産製品製造業,,大和水産,910-0804,福井市高木中央２丁目４１１１,0776-53-2140,福井市指令生衛第21-4-495号,11/2/21,12/31/26
3616,食肉販売業,一般,,第２生鮮加工センター　(畜産ＰＣ）,910-0842,福井市開発５丁目１５０５,0776-52-0129,福井市指令生衛第19-1-401号,1/6/20,12/31/26
3617,食肉処理業,一般,,第２生鮮加工センター　(畜産ＰＣ）,910-0842,福井市開発５丁目１５０５,0776-52-0129,福井市指令生衛第19-1-402号,1/6/20,12/31/26
3618,そうざい製造業,一般,,第２生鮮加工センター　(畜産ＰＣ）,910-0842,福井市開発５丁目１５０５,0776-52-0129,福井市指令生衛第19-1-403号,1/6/20,12/31/26
3619,飲食店営業,一般食堂・レストラン等,和食店,滝の家,910-0142,福井市上森田４丁目１３０４,0776-56-2851,福井市指令生衛第21-4-195号,7/20/21,9/30/26
3620,飲食店営業,仕出し屋・弁当屋,高齢者向け配食業,宅食ライフ　福井本店,910-0063,福井市灯明寺２丁目７１１－１Ｐａｙｔｏｎ　Ｐｌａｃｅ１０８,0776-28-5365,福井市指令生衛第24-3-7号,4/23/24,1/31/30
3621,飲食店営業,その他,居酒屋,宅呑み横丁,918-8021,福井市門前１丁目８０１,,福井市指令生衛第23-4-47号,5/17/23,5/31/28
3622,飲食店営業,仕出し屋・弁当屋,お弁当宅配サービス,宅配クック１２３　福井中央・丹南店,918-8116,福井市大町２丁目８０５第三辻正ビル１０４,0776-33-1230,福井市指令生衛第24-4-150号,8/29/24,10/31/29
3623,飲食店,軽食,,蛸八,910-0016,福井市大宮２丁目８―５,0776-24-7763,福井市指令生衛第20-2-766号,1/21/21,2/28/26
3624,飲食店営業,一般食堂・レストラン等,和食店,谷口や,910-0023,福井市順化１丁目１３－３,0776-22-3015,福井市指令生衛第21-3-280号,1/28/22,3/31/27
3625,そうざい製造業,一般,,谷口食品株式会社,910-0006,福井市中央２丁目９－２４,0776-23-7432,福井市指令生衛第19-1-429号,1/28/20,11/30/26
3626,漬物製造業,漬物製造業,,谷口忠商店,918-8061,福井市金屋町４－１６－１,0776-37-0170,福井市指令生衛第22-4-47号,5/31/22,5/31/27
3627,飲食店,食堂,,樽海,910-3554,福井市浜北山町１－２,0776-89-2311,福井市指令生衛第19-1-287号,10/28/19,7/31/25
3628,魚介類販売業,一般,,樽海,910-3554,福井市浜北山町１－２,0776-89-2311,福井市指令生衛第19-1-288号,10/28/19,7/31/25
3629,そうざい製造業,一般,,樽海,910-3554,福井市浜北山町１－２,0776-89-2311,福井市指令生衛第19-1-313号,10/28/19,7/31/25
3630,水産製品製造業,水産製品製造業,,樽海,910-3554,福井市浜北山町１－２,0776-89-2311,福井市指令生衛第23-4-134号,7/27/23,7/31/28
3631,飲食店営業,一般食堂・レストラン等,料亭,丹巌洞,918-8057,福井市加茂河原１丁目５－１２,0776-36-2668,福井市指令生衛第21-4-47号,6/1/21,5/31/27
3632,菓子製造業,菓子製造業,,丹生膳野菜,910-3622,福井市風巻町２７－２,0776-98-3577,福井市指令生衛第23-3-454号,3/26/24,6/30/30
3633,水産製品製造業,水産製品製造業,,丹生膳野菜,910-3622,福井市風巻町２７－２,0776-98-3577,福井市指令生衛第24-3-260号,10/7/24,6/30/31
3634,そうざい製造業,そうざい製造業,,丹生膳野菜,910-3622,福井市風巻町２７－２,0776-98-3577,福井市指令生衛第24-3-261号,10/7/24,6/30/31
3635,飲食店営業,一般食堂・レストラン等,焼肉屋、ホルモン焼き,炭と肉。,910-0006,福井市中央１丁目９－２４福井中央ビル１階、２階,,福井市指令生衛第22-3-132号,8/29/22,11/30/27
3636,そうざい製造業,そうざい製造業,,炭火　くんせい舎,919-0305,福井市徳光町４３－３７－１,,福井市指令生衛第22-3-66号,6/6/22,8/31/27
3637,菓子製造業,菓子製造業,,炭火　くんせい舎,919-0305,福井市徳光町４３－３７－１,,福井市指令生衛第22-3-67号,6/6/22,8/31/27
3638,水産製品製造業,水産製品製造業,,炭火　くんせい舎,919-0305,福井市徳光町４３－３７－１,,福井市指令生衛第22-3-79号,6/6/22,8/31/27
3639,飲食店,食堂,,炭火ステーキキッチン,910-0858,福井市手寄１丁目４―１ＡＯＳＳＡ　３Ｆ,0776-20-2123,福井市指令生衛第20-1-496号,4/2/21,7/31/26
3640,飲食店営業,その他,居酒屋,炭火串焼　こっこ屋,918-8205,福井市北四ツ居２丁目１１１,0776-53-8929,福井市指令生衛第22-4-28号,5/18/22,7/31/27
3641,飲食店営業,その他,焼鶏店,炭火焼鶏　鶏次,910-0006,福井市中央１丁目３－５ＦＵＫＵＭＡＣＨＩ　ＢＬＯＣＫ　１Ｆ　ＭＩＮＩＥ　横丁３,0776-37-3558,福井市指令生衛第23-3-387号,2/26/24,11/30/29
3642,飲食店営業,その他,焼鳥店,炭火焼鳥　おやじのげんこつ,910-0017,福井市文京５丁目１７－１,0776-25-7900,福井市指令生衛第22-4-319号,12/1/22,1/31/28
3643,飲食店営業,一般食堂・レストラン等,焼鳥屋,炭火焼鳥　千のけむり,910-0855,福井市西方２丁目４－６,0776-63-5355,福井市指令生衛第23-4-45号,5/25/23,7/31/28
3644,飲食店営業,一般食堂・レストラン等,焼肉店,炭火焼肉　たろう,910-0017,福井市文京３丁目２４－５城戸ビル１Ｆ,0776-25-5727,福井市指令生衛第22-4-332号,12/8/22,2/29/28
3645,飲食店営業,その他,焼肉店,炭火焼肉　春来,910-0023,福井市順化１丁目１７－１４ふたばビル１Ｆ,0776-24-3433,福井市指令生衛第23-4-416号,12/26/23,3/31/29
3646,飲食店営業,一般食堂・レストラン等,焼肉店,炭火焼肉　大蔵,910-0028,福井市学園１丁目２－１２,0776-29-2299,福井市指令生衛第21-4-570号,12/15/21,2/28/27
3647,飲食店営業,一般食堂・レストラン等,焼肉屋,炭火焼肉ととり,918-8026,福井市渕４丁目２０５ショッピングプラザＦ・Ｙ１０２,0776-33-1029,福井市指令生衛第21-3-2号,6/11/21,5/31/27
3648,飲食店営業,その他,喫茶店,暖,910-0016,福井市大宮６丁目５－１４,0776-30-1885,福井市指令生衛第23-4-383号,12/14/23,1/31/29
3649,飲食店,社交飲食,,暖らん酒場　八や,910-0023,福井市順化２丁目１２－１９プラチナビル１Ｆ,0776-76-2837,福井市指令生衛第19-1-366号,11/29/19,4/30/25
3650,飲食店営業,一般食堂・レストラン等,日本料理店,地魚もてなし滝の川,910-0854,福井市御幸４丁目１２―１,0776-43-0930,福井市指令生衛第21-3-95号,8/30/21,7/31/27
3651,飲食店営業,その他,居酒屋,地元居酒屋　九・九八,918-8027,福井市福１丁目１６０９,0776-65-8300,福井市指令生衛第23-4-520号,3/14/24,5/31/29
3652,飲食店,食堂,,地中海食堂　Ｔｏｎｄｏ,910-0015,福井市二の宮３丁目２７―１二の宮スカイコープ１Ｆ１０１,0776-23-9005,福井市指令生衛第20-2-680号,12/2/20,1/31/26
3653,そうざい製造業,そうざい製造業,,池田町産マーケット　こっぽい屋,918-8015,福井市花堂南２丁目１６－１ショッピングシティー・ベル内１階,0776-35-0051,福井市指令生衛第21-3-93号,9/13/21,10/31/26
3654,菓子製造業,菓子製造業,,池田町産マーケット　こっぽい屋,918-8015,福井市花堂南２丁目１６－１ショッピングシティー・ベル内１階,0776-35-0051,福井市指令生衛第21-3-94号,9/13/21,10/31/26
3655,漬物製造業,漬物製造業,,池田町産マーケット　こっぽい屋,918-8015,福井市花堂南２丁目１６－１ショッピングシティー・ベル内１階,0776-35-0051,福井市指令生衛第24-4-58号,5/17/24,10/31/29
3656,飲食店営業,一般食堂・レストラン等,日本料理,馳走　えん,910-0015,福井市二の宮４丁目２７－１９,0776-63-6607,福井市指令生衛第24-4-284号,12/3/24,1/31/30
3657,飲食店営業,その他,たこ焼屋,築地　銀だこ,918-8015,福井市花堂南２丁目１６－１アルプラザベル２Ｆ,0776-33-6560,福井市指令生衛第21-4-263号,8/17/21,10/31/26
3658,飲食店,軽食,,築地銀だこ　アピタ福井大和田店,910-0836,福井市大和田２丁目1230アピタ福井大和田店１Ｆ,0776-57-2175,福井市指令生衛第20-2-658号,11/26/20,12/31/25
3659,菓子製造業,一般,,築地銀だこ　アピタ福井大和田店,910-0836,福井市大和田２丁目1230アピタ福井大和田店１Ｆ,0776-57-2175,福井市指令生衛第20-2-657号,11/26/20,12/31/25
3660,飲食店営業,その他,菓子店,竹内菓子舗,918-8012,福井市花堂北２丁目１２－３,0776-36-2456,福井市指令生衛第21-3-12号,6/7/21,10/31/26
3661,菓子製造業,菓子製造業,,竹内菓子舗,918-8012,福井市花堂北２丁目１２－３,0776-36-2456,福井市指令生衛第21-4-281号,9/14/21,10/31/26
3662,菓子製造業,和菓子,,竹内菓子舗　文京支店,910-0017,福井市文京３丁目１０－１０,0776-50-2420,福井市指令生衛第23-3-138号,7/31/23,2/28/30
3663,飲食店営業,一般食堂・レストラン等,菓子製造小売業,竹内菓子舗　文京支店,910-0017,福井市文京３丁目１０－１０,0776-50-2420,福井市指令生衛第23-3-139号,7/31/23,2/28/30
3664,アイスクリーム類製造業,アイスクリーム類製造業,,竹内菓子舗　文京支店,910-0017,福井市文京３丁目１０－１０,0776-50-2420,福井市指令生衛第24-3-65号,5/22/24,2/28/31
3665,飲食店営業,仕出し屋・弁当屋,魚屋,竹内魚店,910-3616,福井市真栗町１－４８,0776-98-5026,福井市指令生衛第21-4-60号,6/1/21,6/30/27
3666,魚介類販売業,魚介類販売業,魚屋,竹内魚店,910-3616,福井市真栗町１－４８,0776-98-5026,福井市指令生衛第21-4-61号,6/1/21,6/30/27
3667,飲食店営業,仕出し屋・弁当屋,魚屋,竹澤茶屋　髙屋,910-0107,福井市高屋町２４―１１２,0776-55-0279,福井市指令生衛第21-4-198号,7/14/21,9/30/26
3668,魚介類販売業,魚介類販売業,魚屋,竹澤茶屋　髙屋,910-0107,福井市高屋町２４―１１２,0776-55-0279,福井市指令生衛第21-4-199号,7/14/21,9/30/26
3669,飲食店営業,その他,鮮魚店,茶屋,910-0063,福井市灯明寺４丁目１８１６,0776-22-7308,福井市指令生衛第24-4-240号,11/14/24,1/31/31
3670,魚介類販売業,魚介類販売業,,茶屋,910-0063,福井市灯明寺４丁目１８１６,0776-22-7308,福井市指令生衛第24-4-241号,11/14/24,1/31/31
3671,そうざい製造業,そうざい製造業,,茶屋,910-0063,福井市灯明寺４丁目１８１６,0776-22-7308,福井市指令生衛第24-4-242号,11/14/24,1/31/31
3672,飲食店営業,一般食堂・レストラン等,和食店,茶屋カフェ　あたらしや,910-0006,福井市中央１丁目３－５ＦＵＫＵＭＡＣＨＩ　ＢＬＯＣＫ　１Ｆ　ＭＩＮＩＥ　ＦＨ２２,0776-37-3351,福井市指令生衛第23-3-381号,2/26/24,11/30/29
3673,飲食店,軽食,,茶楽　かぐや,918-8202,福井市大東２丁目１―１３１,,福井市指令生衛第20-2-200号,6/26/20,7/31/25
3674,飲食店営業,その他,喫茶店,茶楽　かぐや,910-0006,福井市中央１丁目８－１福井西武３Ｆ,0776-27-0111,福井市指令生衛第24-4-200号,10/1/24,11/30/29
3675,飲食店営業,その他,カフェ,茶居夢　ＲＩＴＡ,918-8108,福井市春日１丁目７－３,0776-97-5264,福井市指令生衛第22-3-277号,12/19/22,10/31/28
3676,飲食店,軽食,,茶茶,910-0023,福井市順化２丁目２２－５,0776-97-5805,福井市指令生衛第19-1-381号,12/11/19,4/30/25
3677,飲食店営業,その他,喫茶店,茶房　桜坂,918-8076,福井市本堂町８９－６－１１３,0776-37-1508,福井市指令生衛第21-4-763号,3/24/22,5/31/27
3678,飲食店営業,その他,喫茶店,茶房　白南風,918-8046,福井市運動公園１丁目１１１５,,福井市指令生衛第22-4-449号,3/16/23,5/31/28
3679,飲食店,めん類,,中華そば　まるせい,918-8104,福井市板垣２丁目1429,0776-33-3791,福井市指令生衛第20-2-428号,9/17/20,10/31/25
3680,飲食店営業,その他,ラーメン店,中華そば　一力,910-0804,福井市高木中央３丁目３０７,0776-50-6080,福井市指令生衛第23-4-320号,11/28/23,12/31/28
3681,飲食店営業,一般食堂・レストラン等,ラーメン屋,中華そばふく一力森田店,910-0125,福井市石盛２丁目２３０１,0776-56-8515,福井市指令生衛第22-3-414号,4/4/23,9/30/28
3682,そうざい製造業,そうざい製造業,,中華そば一力／とり元,910-0804,福井市高木中央３丁目３０７,0776-50-6080,福井市指令生衛第24-3-241号,10/1/24,12/31/29
3683,飲食店,食堂,,中華居酒屋,918-8067,福井市飯塚町２９－１０１,0776-65-8674,福井市指令生衛第19-1-510号,3/31/20,5/31/25
3684,飲食店営業,一般食堂・レストラン等,中華食堂,中華料理　タイガ,910-0842,福井市開発２丁目７１０野阪ビル１階,0776-52-1139,福井市指令生衛第23-4-261号,10/24/23,12/31/28
3685,飲食店営業,一般食堂・レストラン等,中華料理店,中華料理　甲来,918-8108,福井市春日１丁目４－１１,0776-35-8981,福井市指令生衛第24-4-124号,9/17/24,10/31/30
3686,飲食店営業,一般食堂・レストラン等,中華料理,中華料理　皇龍,918-8067,福井市飯塚町２９－１０１,0776-58-3466,福井市指令生衛第24-3-112号,6/21/24,5/31/30
3687,そうざい製造業,そうざい製造業,,中華料理　皇龍,918-8067,福井市飯塚町２９－１０１,0776-58-3466,福井市指令生衛第24-3-315号,11/13/24,5/31/30
3688,飲食店営業,一般食堂・レストラン等,中華,中華料理　大福,910-0843,福井市西開発１丁目２５０１ヤシマビル,0776-53-0338,福井市指令生衛第21-4-400号,10/13/21,12/31/26
3689,飲食店営業,一般食堂・レストラン等,中華料理,中華料理　福井源,910-0023,福井市順化１丁目１０－３寿々屋第ニビル１Ｆ,0776-27-3435,福井市指令生衛第23-3-461号,3/25/24,3/31/29
3690,飲食店営業,一般食堂・レストラン等,中華料理店,中華料理　龍楽園,910-0016,福井市大宮３丁目２６－１５吉幸ビル１Ｆ,0776-23-8068,福井市指令生衛第21-4-562号,12/9/21,2/28/27
3691,飲食店営業,一般食堂・レストラン等,中華料理店,中国台湾料理　萬福,910-0804,福井市高木中央１丁目３０１１,0776-52-8690,福井市指令生衛第23-4-248号,10/17/23,12/31/28
3692,飲食店営業,一般食堂・レストラン等,中華料理店,中国料理　味山,910-0017,福井市文京６丁目１４－１０,0776-28-5524,福井市指令生衛第21-4-596号,12/9/21,1/31/27
3693,飲食店営業,一般食堂・レストラン等,すし店,中清,910-0006,福井市中央１丁目１７－１８四ツ井ビル１Ｆ,0776-23-8144,福井市指令生衛第21-4-380号,10/7/21,11/30/26
3694,飲食店営業,一般食堂・レストラン等,そば店,中村そば店,910-0844,福井市長本町１２９,0776-76-3023,福井市指令生衛第23-4-249号,10/26/23,12/31/28
3695,飲食店,食堂,,中村屋,918-8007,福井市足羽１丁目８―４３,0776-34-0621,福井市指令生衛第20-2-421号,10/19/20,10/31/25
3696,食肉処理業,食肉処理業,,中村商店,918-8052,福井市明里町１１－３,0776-36-4381,福井市指令生衛第22-4-138号,7/21/22,10/31/27
3697,飲食店営業,その他,居酒屋,中長,910-0146,福井市下森田桜町３－６－１,,福井市指令生衛第23-3-246号,11/9/23,9/30/29
3698,飲食店営業,仕出し屋・弁当屋,仕出し,中店,910-3146,福井市小幡町２－２,0776-85-1006,福井市指令生衛第22-4-114号,6/15/22,7/31/27
3699,魚介類販売業,魚介類販売業,,中島屋,910-0856,福井市勝見３丁目３－１４,0776-22-3166,福井市指令生衛第21-4-82号,6/15/21,7/31/27
3700,飲食店営業,一般食堂・レストラン等,仕出し弁当、和食店,中島屋,910-0856,福井市勝見３丁目３－１４,0776-22-3166,福井市指令生衛第22-4-15号,5/12/22,7/31/27
3701,そうざい製造業,そうざい製造業,,中部フーズ　久喜津店,918-8047,福井市久喜津町５５－１バロー久喜津店内,0776-33-6166,福井市指令生衛第23-3-420号,3/14/24,5/31/29
3702,菓子製造業,一般,,中部フーズ株式会社　やしろ店,918-8031,福井市種池２丁目１００１バローやしろ店内,0776-36-5515,福井市指令生衛第20-2-38号,4/23/20,5/31/25
3703,飲食店営業,仕出し屋・弁当屋,弁当販売,中部フーズ株式会社　やしろ店,918-8031,福井市種池２丁目１００１バローやしろ店内,0776-36-5515,福井市指令生衛第23-4-502号,3/21/24,5/31/29
3704,そうざい製造業,そうざい製造業,,中部フーズ株式会社　やしろ店,918-8031,福井市種池２丁目１００１バローやしろ店内,0776-36-5515,福井市指令生衛第23-4-503号,3/21/24,5/31/29
3705,飲食店営業,仕出し屋・弁当屋,スーパー,中部フーズ株式会社　久喜津店,918-8047,福井市久喜津町５５－１バロー久喜津店内,0776-33-6166,福井市指令生衛第21-4-761号,3/16/22,5/31/27
3706,飲食店営業,仕出し屋・弁当屋,スーパー,中部フーズ株式会社　新田塚店,910-0015,福井市二の宮５丁目１８－３２バロー新田塚店内,0776-21-5771,福井市指令生衛第21-4-394号,10/13/21,1/31/28
3707,そうざい製造業,そうざい製造業,,中部フーズ株式会社　新田塚店,910-0015,福井市二の宮５丁目１８－３２バロー新田塚店内,0776-21-5771,福井市指令生衛第24-3-398号,2/28/25,1/31/32
3708,菓子製造業,一般,,中部フーズ株式会社　森田店,910-0157,福井市八重巻東町６－５バロー森田店内,0776-56-2185,福井市指令生衛第20-2-342号,9/15/20,9/30/25
3709,飲食店営業,その他,スーパー,中部フーズ株式会社　森田店,910-0157,福井市八重巻東町６－５バロー森田店内,0776-56-2185,福井市指令生衛第23-4-99号,7/12/23,9/30/29
3710,菓子製造業,一般,,中部フーズ株式会社　福井南店,918-8112,福井市下馬３丁目４１８バロー福井南店内,0776-33-6300,福井市指令生衛第20-2-378号,9/4/20,10/31/25
3711,飲食店営業,仕出し屋・弁当屋,スーパーマーケット,中部フーズ株式会社　福井南店,918-8112,福井市下馬３丁目４１８バロー福井南店内,0776-33-6300,福井市指令生衛第21-4-257号,8/4/21,10/31/26
3712,そうざい製造業,そうざい製造業,,中部フーズ株式会社　福井南店,918-8112,福井市下馬３丁目４１８バロー福井南店内,0776-33-6300,福井市指令生衛第24-3-346号,1/10/25,10/31/30
3713,菓子製造業,一般,,中部フーズ株式会社　米松店,910-0851,福井市米松２丁目２１－１８バロー米松店内,0776-53-3131,福井市指令生衛第20-2-236号,6/26/20,7/31/25
3714,飲食店営業,仕出し屋・弁当屋,スーパー,中部フーズ株式会社　米松店,910-0851,福井市米松２丁目２１－１８バロー米松店内,0776-53-3131,福井市指令生衛第22-4-42号,6/16/22,7/31/27
3715,飲食店営業,仕出し屋・弁当屋,スーパー,中部フーズ株式会社　豊岡店,910-0027,福井市豊岡１丁目１－２５バロー豊岡店内,0776-43-1616,福井市指令生衛第21-4-583号,12/9/21,2/28/27
3716,みそ又はしょうゆ製造業,みそ又はしょうゆ製造業,,猪瀬醤油,910-0834,福井市丸山２丁目１９０２,0776-22-4252,福井市指令生衛第23-4-269号,11/14/23,12/31/28
3717,飲食店営業,一般食堂・レストラン等,そば屋,朝倉の里　利休庵,910-2157,福井市西新町７－１,0776-43-2110,福井市指令生衛第23-4-62号,6/22/23,8/31/28
3718,飲食店,食堂,,朝倉氏遺跡保存協会　朝倉そば亭,910-2153,福井市城戸ノ内町２８―３７,0776-41-2330,福井市指令生衛第20-2-172号,6/26/20,8/31/25
3719,飲食店,軽食,,潮香,910-3402,福井市鮎川町193,0776-88-2468,福井市指令生衛第20-2-125号,7/15/20,7/31/25
3720,食品の冷凍又は冷蔵業,一般,,潮風グループ加工場,910-3403,福井市白浜町１０字岩石４－３,0776-88-2003,福井市指令生衛第20-2-218号,7/15/20,7/31/25
3721,水産製品製造業,水産製品製造業,,潮風グループ加工場,910-3403,福井市白浜町１０字岩石４－３,,福井市指令生衛第23-4-117号,6/19/23,7/31/28
3722,そうざい製造業,そうざい製造業,,潮風グループ加工場,910-3403,福井市白浜町１０字岩石４－３,0776-88-2003,福井市指令生衛第24-4-105号,6/12/24,7/31/29
3723,飲食店営業,仕出し屋・弁当屋,弁当,町子母さんのお店,918-8026,福井市渕２丁目１７１１Ａコープやしろ店内,0776-28-5211,福井市指令生衛第21-4-40号,6/1/21,5/31/27
3724,飲食店営業,仕出し屋・弁当屋,テナント,町子母さんのお店,910-0854,福井市御幸３丁目１２－１Ａコープみゆき店内,0776-28-5211,福井市指令生衛第22-4-36号,5/17/22,7/31/27
3725,飲食店営業,一般食堂・レストラン等,寿司屋,町寿司　いちもんめ,910-0005,福井市大手３丁目１４－５大手３Ｍビル１階,0776-50-0607,福井市指令生衛第23-3-411号,2/22/24,11/30/29
3726,飲食店,食堂,,長宝亭,910-0023,福井市順化２丁目２１―１２,0776-28-0833,福井市指令生衛第20-2-991号,3/25/21,4/30/26
3727,飲食店営業,一般食堂・レストラン等,和食,頂き枡　福井駅前店,910-0859,福井市日之出１丁目１－１７ホテルエコノ　１Ｆ,,福井市指令生衛第24-4-29号,4/30/24,7/31/30
3728,飲食店,そうざい,,鳥八,910-0018,福井市田原２丁目２４-８,0776-28-0240,福井市指令生衛第20-1-30号,4/24/20,2/28/26
3729,飲食店営業,その他,居酒屋,鳥八　松本店,910-0003,福井市松本３丁目４－７,0776-65-7646,福井市指令生衛第22-4-330号,12/13/22,1/31/28
3730,飲食店営業,その他,テイクアウト店,鳥八やきとりインター店,910-2178,福井市栂野町２２－６,0776-41-2477,福井市指令生衛第23-4-50号,6/13/23,7/31/28
3731,そうざい製造業,そうざい製造業,,鳥八商店,910-2178,福井市栂野町２２―６,0776-41-0400,福井市指令生衛第21-4-117号,6/24/21,7/31/27
3732,食肉処理業,食肉処理業,,鳥八商店,910-2178,福井市栂野町２２―６,0776-41-0400,福井市指令生衛第21-4-118号,6/24/21,7/31/27
3733,飲食店営業,その他,居酒屋,椿屋,910-0015,福井市二の宮３丁目２６－１９,0776-43-6015,福井市指令生衛第22-4-238号,10/20/22,1/31/28
3734,飲食店営業,その他,ケータリング,紬食品,910-0004,福井市宝永３丁目１－１福井県国際交流会館３Ｆ・パントリー,,福井市指令生衛第22-4-185号,9/13/22,11/30/27
3735,飲食店営業,仕出し屋・弁当屋,仕出し弁当,紬食品芝寿し福井工場,918-8027,福井市福１丁目２５０２,0776-34-2040,福井市指令生衛第21-4-769号,3/23/22,5/31/28
3736,飲食店営業,その他,和食,釣り人しまちゃん,910-0006,福井市中央１丁目３－５ＦＵＫＵＭＡＣＨＩ　ＢＬＯＣＫ　１Ｆ　ＭＩＮＩＥ　横丁４,,福井市指令生衛第23-3-395号,2/26/24,11/30/29
3737,飲食店,社交飲食,,鶴橋,910-0842,福井市開発２丁目２２４,0776-57-0910,福井市指令生衛第20-2-538号,11/25/20,12/31/25
3738,飲食店,食堂,,鼎’ｓ　ｂｙ　ＪＩＮ　ＤＩＮ　ＲＯＵ,910-0006,福井市中央１丁目８－１西武福井８Ｆ,0776-50-6460,福井市指令生衛第20-1-423号,3/8/21,11/30/26
3739,そうざい製造業,一般,,鉄鍋屋,910-0023,福井市順化２丁目２５－７,0776-28-5323,福井市指令生衛第20-1-102号,6/3/20,4/30/27
3740,食肉販売業,一般,,鉄鍋屋,910-0023,福井市順化２丁目２５－７,0776-28-5323,福井市指令生衛第20-1-103号,6/3/20,4/30/27
3741,飲食店営業,一般食堂・レストラン等,韓国居酒屋,鉄鍋屋,910-0023,福井市順化２丁目２５－７,0776-28-5323,福井市指令生衛第21-4-725号,3/2/22,4/30/27
3742,飲食店営業,その他,鉄板焼,鉄板　たなか,910-0023,福井市順化２丁目１９－１６彦坂ビル１階,,福井市指令生衛第22-3-59号,6/6/22,4/30/28
3743,飲食店,食堂,,鉄板お古乃美　かじゃ,910-0843,福井市西開発４丁目７２０―３・４,0776-53-7999,福井市指令生衛第20-2-627号,11/26/20,12/31/25
3744,飲食店営業,一般食堂・レストラン等,食堂,鉄板ハンバーグ＆ステーキ　ＦＵ,910-0852,福井市松城町１２－７パリオシティ　３Ｆ,0776-25-8884,福井市指令生衛第21-3-297号,3/7/22,7/31/27
3745,飲食店営業,その他,鉄板焼き,鉄板焼き　紡ぐ,910-0005,福井市大手２丁目６－４マルダイビル１Ｆ,0776-97-5598,福井市指令生衛第23-3-230号,10/30/23,11/30/28
3746,飲食店営業,その他,焼肉屋,鉄板焼肉　こうらいえん,910-0023,福井市順化２丁目２１－１８Ｎ号室,,福井市指令生衛第22-3-237号,11/7/22,4/30/28
3747,飲食店営業,その他,焼肉店,鉄板焼肉とジンギスカンぼんた　福井駅前店,910-0005,福井市大手２丁目６－４マルダイビル１Ｆ,0776-50-6840,福井市指令生衛第22-3-93号,7/4/22,11/30/27
3748,飲食店営業,一般食堂・レストラン等,天ぷら屋,天じゅ,910-0804,福井市高木中央１丁目３０４,0776-53-3327,福井市指令生衛第24-4-237号,11/28/24,12/31/29
3749,飲食店営業,その他,海鮮うに屋,天たつ,910-0023,福井市順化２丁目７－１７,0776-22-1679,福井市指令生衛第22-3-75号,6/13/22,4/30/28
3750,飲食店営業,一般食堂・レストラン等,天ぷら専門店,天ぷら　たつみ,910-0018,福井市田原１丁目１２－５,0776-25-1711,福井市指令生衛第24-4-314号,12/5/24,2/28/30
3751,飲食店営業,一般食堂・レストラン等,ラーメン店,天下一品　福井二の宮店,910-0015,福井市二の宮２丁目８－６９,0776-21-7444,福井市指令生衛第22-4-287号,11/10/22,1/31/28
3752,飲食店営業,その他,天ぷら店,天菊,910-0023,福井市順化１丁目１４－４,0776-27-4628,福井市指令生衛第22-4-359号,12/21/22,3/31/28
3753,飲食店,社交飲食,,天久,910-0846,福井市四ツ井１丁目１９―１６,0776-54-1349,福井市指令生衛第20-2-154号,7/16/20,7/31/25
3754,飲食店営業,その他,カラオケ喫茶,天使の羽,918-8184,福井市真木町１３７－１１,0776-58-7071,福井市指令生衛第23-3-301号,1/15/24,10/31/29
3755,飲食店営業,一般食堂・レストラン等,天ぷら専門店,天春,910-0023,福井市順化２丁目８－１２,0776-23-4727,福井市指令生衛第21-4-726号,2/16/22,4/30/27
3756,飲食店営業,その他,ミニカフェ,天然温泉佐野温泉　福の湯,910-3121,福井市佐野町１４－８,0776-83-1929,福井市指令生衛第24-4-53号,5/20/24,7/31/29
3757,飲食店営業,一般食堂・レストラン等,レストラン,天然温泉佐野温泉　福の湯別館,910-3121,福井市佐野町１４－３－１,0776-83-1929,福井市指令生衛第21-4-158号,6/16/21,7/31/26
3758,飲食店,食堂,,天膳　板垣店,918-8105,福井市木田２丁目２１０６,0776-97-9524,福井市指令生衛第20-1-111号,6/19/20,10/31/25
3759,飲食店営業,一般食堂・レストラン等,とんかつ屋,天膳ハピリン店,910-0006,福井市中央１丁目２－１ハピリン１Ｆ（区画Ｎｏ.１０９）,0776-97-8802,福井市指令生衛第22-3-221号,11/18/22,11/30/27
3760,飲食店営業,一般食堂・レストラン等,和食店,天膳幾久店,910-0015,福井市二の宮１丁目１－１０８,0776-37-3961,福井市指令生衛第24-3-370号,2/21/25,1/31/31
3761,飲食店営業,一般食堂・レストラン等,中華そば屋,天龍,918-8186,福井市中野３丁目８１０,,福井市指令生衛第21-4-235号,8/5/21,10/31/26
3762,菓子製造業,菓子製造業,,点,910-0023,福井市順化１丁目１０－８,0776-26-2334,福井市指令生衛第21-4-650号,3/16/22,3/31/27
3763,飲食店営業,その他,レストラン,点,910-0023,福井市順化１丁目１０－８,0776-26-2334,福井市指令生衛第21-4-649号,3/16/22,3/31/27
3764,飲食店営業,一般食堂・レストラン等,中華料理店,点心屋,910-0021,福井市乾徳１丁目１１－７乾徳Ｓ　１階,,福井市指令生衛第22-3-301号,1/6/23,1/31/28
3765,飲食店営業,一般食堂・レストラン等,食堂,伝説のすた丼屋　福井開発店,910-0842,福井市開発５丁目２０１１,0776-97-6639,福井市指令生衛第23-4-257号,10/13/23,12/31/28
3766,飲食店営業,一般食堂・レストラン等,ラーメン店,田所商店　福井月見店,918-8011,福井市月見１丁目１２－１６,0776-97-9195,福井市指令生衛第21-3-296号,3/7/22,10/31/27
3767,飲食店営業,仕出し屋・弁当屋,魚屋,田地,910-0859,福井市日之出２丁目１１－１８,0776-22-5186,福井市指令生衛第22-4-85号,6/8/22,7/31/27
3768,魚介類販売業,魚介類販売業,,田地,910-0859,福井市日之出２丁目１１－１８,0776-22-5186,福井市指令生衛第22-4-86号,6/8/22,7/31/27
3769,飲食店営業,その他,居酒屋,田中マネの食堂,910-0023,福井市順化２丁目２１－３,,福井市指令生衛第23-4-483号,2/14/24,4/30/29
3770,魚介類販売業,魚介類販売業,,田中食品店,918-8108,福井市春日１丁目１５―１,0776-35-9526,福井市指令生衛第21-4-311号,8/25/21,10/31/26
3771,酒類製造業,一般,,田嶋酒造,918-8051,福井市桃園１丁目３－１０,0776-36-3385,福井市指令生衛第20-2-427号,10/19/20,10/31/25
3772,そうざい製造業,一般,,渡辺漬物株式会社,910-0843,福井市西開発４丁目７１２,0776-53-5533,福井市指令生衛第19-2-629号,12/19/19,12/31/25
3773,飲食店営業,その他,カフェ,渡辺漬物株式会社,910-0843,福井市西開発４丁目７１２,0776-53-5533,福井市指令生衛第21-4-536号,11/30/21,12/31/26
3774,水産製品製造業,水産製品製造業,,渡辺漬物株式会社,910-0843,福井市西開発４丁目７１２,0776-53-5533,福井市指令生衛第21-4-581号,11/30/21,12/31/26
3775,漬物製造業,漬物製造業,製造加工,渡辺漬物株式会社,910-0843,福井市西開発４丁目７１２,0776-53-5533,福井市指令生衛第24-4-51号,5/29/24,12/31/29
3776,そうざい製造業,一般,,渡辺冷凍食品株式会社,910-0833,福井市新保１丁目２０２,0776-53-4884,福井市指令生衛第19-2-630号,11/25/19,12/31/25
3777,魚介類販売業,魚介類販売業,,渡辺冷凍食品株式会社,910-0833,福井市新保１丁目２０２,,福井市指令生衛第24-4-227号,10/31/24,12/31/30
3778,菓子製造業,菓子製造業,,島田菓舗,910-3146,福井市小幡町１０－２,0776-85-1027,福井市指令生衛第22-4-116号,6/15/22,7/31/27
3779,飲食店営業,その他,給食施設,東安居苑　内厨房　富士産業株式会社,918-8063,福井市大瀬町２３－１０１東安居苑,0776-35-0933,福井市指令生衛第23-4-72号,5/29/23,5/31/29
3780,飲食店,旅館,,東横イン福井駅前,910-0005,福井市大手２丁目１―１,0776-29-1045,福井市指令生衛第19-2-441号,10/25/19,11/30/25
3781,飲食店営業,仕出し屋・弁当屋,和食店,東屋,910-0004,福井市宝永４丁目１５－３,0776-22-3334,福井市指令生衛第21-4-386号,10/12/21,11/30/27
3782,魚介類販売業,魚介類販売業,和食店,東屋,910-0004,福井市宝永４丁目１５－３,0776-22-3334,福井市指令生衛第21-4-387号,10/12/21,11/30/27
3783,飲食店,軽食,,桃源郷,910-0006,福井市中央１丁目２２－７ニシワキビル３Ｆ,,福井市指令生衛第19-1-162号,2/19/20,11/30/25
3784,飲食店営業,一般食堂・レストラン等,食堂,湯あがりだいにんぐ　さいさい,918-8026,福井市渕２丁目1401湯けむり温泉ゆー遊内,0776-34-7770,福井市指令生衛第21-4-35号,6/1/21,5/31/27
3785,飲食店,社交飲食,,灯り,910-0023,福井市順化２丁目７－１６城戸ビル１Ｆ,,福井市指令生衛第21-1-45号,5/24/21,4/30/27
3786,飲食店営業,その他,ラウンジ,藤,910-0023,福井市順化１丁目１６－１０シャトレー片町４Ｆ　４０２,,福井市指令生衛第24-3-352号,1/17/25,3/31/30
3787,魚介類販売業,魚介類販売業,,藤井鮮魚店,910-0004,福井市宝永２丁目８－８,0776-22-0117,福井市指令生衛第21-4-393号,10/19/21,11/30/26
3788,菓子製造業,菓子製造業,,藤雲堂,910-0024,福井市照手１丁目１－１９,0776-24-1397,福井市指令生衛第22-4-395号,2/7/23,4/30/29
3789,飲食店営業,その他,酒屋,藤本酒店,910-0856,福井市勝見３丁目７―９,0776-23-7481,福井市指令生衛第21-4-122号,6/17/21,7/31/26
3790,飲食店営業,その他,カフェ,豆とくるみ,910-0808,福井市舟橋１丁目１０５,0776-54-1681,福井市指令生衛第22-4-250号,11/8/22,12/31/27
3791,飲食店営業,その他,喫茶店,豆蔵,910-0142,福井市上森田１丁目６０５,0776-56-2606,福井市指令生衛第21-4-216号,8/19/21,9/30/26
3792,菓子製造業,一般,,豆狸,910-0026,福井市光陽２丁目２－３４,0776-21-4668,福井市指令生衛第20-1-365号,12/14/20,2/28/27
3793,飲食店営業,一般食堂・レストラン等,和食店,豆狸,910-0026,福井市光陽２丁目２－３４,0776-21-4668,福井市指令生衛第23-4-335号,11/30/23,2/28/29
3794,豆腐製造業,一般,,豆富屋こでら,910-0003,福井市松本４丁目１―９,0776-24-2085,福井市指令生衛第20-2-745号,1/21/21,1/31/26
3795,豆腐製造業,豆腐製造業,豆腐店,堂本豆腐店,910-0854,福井市御幸２丁目９―１５,0776-23-8496,福井市指令生衛第21-4-83号,6/17/21,7/31/26
3796,飲食店営業,一般食堂・レストラン等,料亭,徳島亭,910-3104,福井市布施田町１１―６,0776-83-0010,福井市指令生衛第21-4-151号,6/16/21,7/31/26
3797,そうざい製造業,そうざい製造業,,徳島亭,910-3104,福井市布施田町１１―６,0776-83-0010,福井市指令生衛第21-4-152号,6/16/21,7/31/26
3798,魚介類販売業,魚介類販売業,,徳島亭,910-3104,福井市布施田町１１－６,0776-83-0010,福井市指令生衛第23-4-105号,6/14/23,7/31/28
3799,飲食店営業,一般食堂・レストラン等,食堂,徳兵衛,910-0017,福井市文京４丁目２－８伊藤ビル１階,0776-43-3426,福井市指令生衛第24-3-178号,8/2/24,2/28/30
3800,飲食店営業,その他,特別養護老人ホーム,特別養護老人ホーム　こしの渚苑,910-3553,福井市蒲生町１－９０渚苑１Ｆ,0776-89-2110,福井市指令生衛第24-4-122号,7/3/24,7/31/29
3801,飲食店,食堂,,特別養護老人ホーム　なの花,918-8057,福井市加茂河原３丁目１－１０２,0776-36-8784,福井市指令生衛第20-2-8号,4/23/20,5/31/26
3802,飲食店営業,その他,給食施設,特別養護老人ホーム　美山貴寿苑,910-2222,福井市市波町３１－２,0776-96-4216,福井市指令生衛第23-4-570号,3/18/24,8/31/29
3803,飲食店営業,その他,居酒屋,豚バル　大名庵,910-0023,福井市順化１丁目１７－３０,0776-29-2977,福井市指令生衛第22-4-383号,1/17/23,3/31/28
3804,飲食店営業,その他,和食,呑み喰い処　粂ちゃん,910-0023,福井市順化１丁目１７－１１日の丸ビル１Ｆ,0776-24-6664,福井市指令生衛第21-3-62号,7/20/21,3/31/27
3805,飲食店営業,その他,居酒屋,呑み処　たけうち,910-0005,福井市大手３丁目６－５,0776-65-8117,福井市指令生衛第23-4-193号,9/21/23,11/30/28
3806,飲食店営業,その他,居酒屋,呑み処　つかさ,910-0157,福井市八重巻東町１５－６－８,,福井市指令生衛第24-3-289号,10/28/24,9/30/30
3807,飲食店,社交飲食,,奈々,910-0023,福井市順化２丁目２０―１３友邦ビル１Ｆ,0776-26-7036,福井市指令生衛第20-2-980号,3/24/21,4/30/26
3808,飲食店,仕出し弁当,,内くら,910-2348,福井市品ケ瀬町５―９７,0776-90-3522,福井市指令生衛第20-1-362号,12/18/20,8/31/26
3809,菓子製造業,菓子製造業,,内田農園,910-2462,福井市神当部町１７－７,0776-93-2052,福井市指令生衛第22-3-140号,8/19/22,8/31/27
3810,食肉販売業,一般,,南の牧場　江守中店,918-8025,福井市江守中２丁目１５０７,0776-50-2938,福井市指令生衛第19-1-385号,12/25/19,5/31/25
3811,食肉販売業,食肉販売業,,南の牧場　高柳店,910-0837,福井市高柳３丁目２２０１,,福井市指令生衛第24-3-24号,4/15/24,12/31/30
3812,食肉販売業,食肉販売業,,南の牧場　志比口店,910-0845,福井市志比口３丁目１－７,0776-50-6930,福井市指令生衛第22-3-112号,7/15/22,7/31/28
3813,食肉販売業,一般,,南の牧場板垣店,918-8104,福井市板垣5丁目130番地,0776-43-9260,福井市指令生衛第19-1-28号,4/11/19,10/31/25
3814,飲食店営業,一般食堂・レストラン等,食堂,南条,910-0857,福井市豊島１丁目３－１三谷ビル１２Ｆ,0776-20-3083,福井市指令生衛第22-4-18号,5/12/22,7/31/27
3815,飲食店,食堂,,二ノ丸グリル,910-0005,福井市大手２丁目１８―１城町アネックス　２階,0776-27-7522,福井市指令生衛第20-2-444号,10/19/20,11/30/25
3816,飲食店営業,一般食堂・レストラン等,ラーメン店,二の宮ラーメン,910-0015,福井市二の宮１丁目１１－２７,0776-26-0505,福井市指令生衛第24-3-321号,11/19/24,1/31/30
3817,菓子製造業,一般,,二幸庵　本店,918-8055,福井市若杉４丁目９１３－２,0776-33-2511,福井市指令生衛第19-1-412号,1/15/20,5/31/26
3818,水産製品製造業,水産製品製造業,,二上商店,910-0023,福井市順化１丁目１６－１７,0776-24-6824,福井市指令生衛第23-4-426号,1/11/24,3/31/30
3819,飲食店営業,その他,焼肉店,肉と韓国料理　たつりき,910-0804,福井市高木中央３丁目３０４,0776-54-1555,福井市指令生衛第24-4-367号,12/20/24,12/31/29
3820,食肉販売業,食肉販売業,,肉と韓国料理　たつりき,910-0804,福井市高木中央３丁目３０４,0776-54-1555,福井市指令生衛第24-4-368号,12/20/24,12/31/30
3821,食肉販売業,食肉販売業,,肉のいまお,910-0024,福井市照手４丁目１７－１,0776-22-3957,福井市指令生衛第23-4-521号,2/20/24,4/30/30
3822,飲食店営業,その他,精肉店,肉のいまお,910-0024,福井市照手４丁目１７－１,0776-22-3957,福井市指令生衛第23-4-522号,2/20/24,4/30/30
3823,食肉販売業,一般,,肉のいまむら,910-0006,福井市中央１丁目８―１西武　福井店　地下１Ｆ,0776-27-0111,福井市指令生衛第20-2-503号,10/19/20,11/30/25
3824,食肉処理業,食肉処理業,,肉のいまむら,918-8004,福井市西木田１丁目１７－１,0776-35-3350,福井市指令生衛第22-4-156号,7/28/22,10/31/28
3825,そうざい製造業,そうざい製造業,,肉のいまむら,918-8004,福井市西木田１丁目１７－１,0776-35-3350,福井市指令生衛第22-4-157号,7/28/22,10/31/27
3826,食肉販売業,食肉販売業,,肉のスエヒロ大宮店,910-0016,福井市大宮３丁目２０－２,0776-21-2186,福井市指令生衛第23-4-349号,11/28/23,2/28/29
3827,飲食店,仕出し弁当,,肉のつるや,910-0836,福井市大和田２丁目１２３０アピタ福井大和田店１Ｆ,0776-57-2129,福井市指令生衛第20-2-662号,11/26/20,12/31/25
3828,食肉販売業,一般,,肉のつるや,910-0836,福井市大和田２丁目１２３０アピタ福井大和田店１Ｆ,0776-57-2129,福井市指令生衛第20-2-661号,11/26/20,12/31/25
3829,食肉処理業,食肉処理業,精肉加工,肉の雅屋福井プロセスセンター,910-0843,福井市西開発２丁目５０６,0776-50-2984,福井市指令生衛第21-4-455号,11/16/21,12/31/27
3830,食肉販売業,食肉販売業,,肉の高島屋,910-0017,福井市文京４丁目５－２２,0776-23-6499,福井市指令生衛第21-4-559号,12/8/21,2/28/27
3831,そうざい製造業,そうざい製造業,,肉の高島屋,910-0017,福井市文京４丁目５－２２,0776-23-6499,福井市指令生衛第24-4-318号,12/12/24,2/28/30
3832,飲食店営業,その他,精肉店,肉の高島屋　やしろ店,918-8026,福井市渕４丁目７０４社中央会館内,0776-36-8828,福井市指令生衛第23-4-498号,4/4/24,5/31/29
3833,食肉販売業,食肉販売業,,肉の高島屋　やしろ店,918-8026,福井市渕４丁目７０４社中央会館内,0776-36-8828,福井市指令生衛第23-4-530号,4/4/24,5/31/29
3834,食肉販売業,一般,,肉の匠いとう,910-0006,福井市中央１丁目８－１西武　福井店　地下１Ｆ,0776-27-3262,福井市指令生衛第20-2-502号,10/19/20,11/30/25
3835,飲食店営業,その他,焼肉屋,肉匠坂井　福井二の宮店,910-0015,福井市二の宮３丁目４－３,0776-28-0829,福井市指令生衛第23-4-376号,11/20/23,1/31/29
3836,飲食店営業,一般食堂・レストラン等,そば店,日の出　西村屋,910-0859,福井市日之出５丁目５－２１,0776-54-4410,福井市指令生衛第22-4-68号,5/12/22,7/31/27
3837,飲食店,食堂,,日豪レストラン　ゆめや,910-0006,福井市中央１丁目１２―９中央ビル２Ｆ,0776-50-6083,福井県指令福保第1810597号,12/28/18,11/30/25
3838,飲食店営業,一般食堂・レストラン等,集団給食施設,日清医療食品株式会社,910-0029,福井市日光１丁目２―１,0776-43-0662,福井市指令生衛第21-3-104号,9/9/21,2/29/28
3839,飲食店営業,その他,集団給食施設,日清医療食品福井厚生病院事業所,918-8537,福井市下六条町１－６－１福井厚生病院,0776-88-0065,福井市指令生衛第22-3-37号,5/6/22,8/31/28
3840,飲食店営業,仕出し屋・弁当屋,弁当等販売所,日々色々　問屋店,918-8231,福井市問屋町２丁目１２,,福井市指令生衛第23-3-126号,8/1/23,7/31/29
3841,そうざい製造業,そうざい製造業,,日々色々　問屋店,918-8231,福井市問屋町２丁目１２,,福井市指令生衛第23-3-127号,8/1/23,7/31/29
3842,飲食店,旅館,,日之出旅館,910-0017,福井市文京４丁目２―６,0776-22-3047,福井市指令生衛第19-2-712号,1/24/20,2/28/26
3843,麺類製造業,麺類製造業,,日福製麺,910-0024,福井市照手１丁目１３－１４,0776-22-4253,福井市指令生衛第23-4-485号,2/8/24,4/30/29
3844,飲食店,仕出し弁当,,日本ミール,918-8231,福井市問屋町２丁目118,0776-24-3106,福井市指令生衛第20-2-246号,6/26/20,7/31/26
3845,飲食店営業,その他,ケータリング,日本ミール株式会社,910-0004,福井市宝永３丁目１－１福井県国際交流会館　３Ｆ,0776-24-3106,福井市指令生衛第24-4-198号,9/24/24,11/30/30
3846,飲食店営業,一般食堂・レストラン等,給食施設,日本ミール株式会社（愛寿苑介護サービス）,918-8058,福井市加茂緑苑町４０２愛寿苑介護サ―ビス,,福井市指令生衛第21-4-790号,3/24/22,5/31/28
3847,飲食店営業,一般食堂・レストラン等,給食施設,日本ミール株式会社（特別養護老人ホーム愛寿苑）,918-8055,福井市若杉２丁目６０１特別養護老人ホ―ム愛寿苑,0776-33-0277,福井市指令生衛第21-4-791号,3/24/22,5/31/28
3848,飲食店,すし,,日本海寿司,910-0017,福井市文京４丁目２０―９,0776-21-8567,福井市指令生衛第20-2-801号,12/17/20,2/28/26
3849,飲食店,社交飲食,,日和,910-0023,福井市順化２丁目８―６,0776-26-7310,福井市指令生衛第20-2-949号,3/24/21,4/30/26
3850,菓子製造業,菓子製造業,,日和,918-8009,福井市山奥町５８－８５－１,0776-34-0088,福井市指令生衛第24-4-172号,8/29/24,10/31/29
3851,飲食店営業,その他,カフェ,日和,918-8009,福井市山奥町５８－８５－１,0776-34-0088,福井市指令生衛第24-4-173号,8/29/24,10/31/29
3852,飲食店営業,その他,居酒屋,忍者,910-0023,福井市順化１丁目１７－２０アミール片町１Ｆ,0776-22-8358,福井市指令生衛第23-4-459号,2/1/24,3/31/29
3853,飲食店営業,その他,給食施設,認定こども園　花園,910-0003,福井市松本１丁目３６－１５,0776-26-6280,福井市指令生衛第23-4-341号,11/28/23,1/31/30
3854,飲食店,食堂,,認定こども園　三谷館,910-0006,福井市中央２丁目１２－１５,0776-20-5405,福井市指令生衛第20-1-380号,12/24/20,11/30/27
3855,飲食店営業,その他,集団給食施設,認定こども園　木の実,918-8205,福井市北四ツ居１丁目３０－１５認定こども園　木の実内,0776-52-1801,福井市指令生衛第24-4-123号,7/23/24,7/31/30
3856,飲食店,軽食,,猫カフェ　福ねこ,910-0068,福井市舟橋新１丁目３２１―１,0776-65-0012,福井市指令生衛第20-2-594号,11/26/20,12/31/25
3857,飲食店営業,その他,居酒屋,納豆料理葵,910-0024,福井市照手１丁目１６－１６,0776-28-1510,福井市指令生衛第23-4-549号,2/15/24,4/30/29
3858,飲食店営業,一般食堂・レストラン等,食堂,能登丼食堂,910-0006,福井市中央１丁目３－５ＦＵＫＵＭＡＣＨＩ　ＢＬＯＣＫ　１Ｆ　ＭＩＮＩＥ　横丁７,0776-58-3005,福井市指令生衛第24-3-27号,4/11/24,11/30/29
3859,飲食店営業,一般食堂・レストラン等,食堂,農家食堂　まんま,918-8218,福井市河増町９－１－１,,福井市指令生衛第24-4-50号,5/2/24,7/31/29
3860,そうざい製造業,そうざい製造業,,農家食堂　まんま,918-8218,福井市河増町９－１－１,0776-50-6039,福井市指令生衛第24-3-182号,8/16/24,7/31/30
3861,飲食店,仕出し弁当,,馬場,910-0809,福井市舟橋町１１－２０,0776-54-5214,福井市指令生衛第20-2-597号,11/26/20,12/31/26
3862,魚介類販売業,一般,,馬場,910-0809,福井市舟橋町１１－２０,0776-54-5214,福井市指令生衛第20-2-598号,11/26/20,12/31/26
3863,飲食店営業,仕出し屋・弁当屋,仕出し弁当屋,配食サービス　ふじ,910-0804,福井市高木中央３丁目１７０１,0776-52-1166,福井市指令生衛第23-4-251号,11/7/23,12/31/29
3864,菓子製造業,菓子製造業,和菓子製造販売,梅家,918-8005,福井市みのり２丁目９－１,0776-36-1267,福井市指令生衛第23-4-154号,8/10/23,10/31/29
3865,菓子製造業,菓子製造業,,梅野餅店,910-0003,福井市松本３丁目１－２４,0776-22-6338,福井市指令生衛第23-4-386号,12/14/23,1/31/29
3866,飲食店営業,その他,居酒屋,博多　若鳥,918-8026,福井市渕４丁目１１０７,0776-33-3635,福井市指令生衛第23-4-10号,5/16/23,5/31/28
3867,飲食店営業,一般食堂・レストラン等,ラーメン店,博多らーめん　田中,918-8014,福井市花堂中１丁目８－３３,0776-36-7057,福井市指令生衛第22-4-135号,7/21/22,10/31/27
3868,飲食店営業,一般食堂・レストラン等,らーめん店,博多ラーメン専門店　幸ちゃんらーめん　福井店,910-0016,福井市大宮１丁目１１－２７清水ビル１階,0776-58-2910,福井市指令生衛第24-3-127号,6/28/24,1/31/30
3869,飲食店営業,その他,焼肉店,白ホルモン,918-8056,福井市若杉浜２丁目７０５,0776-36-5471,福井市指令生衛第21-4-13号,6/1/21,5/31/27
3870,飲食店営業,その他,バー,白亜,910-0005,福井市大手２丁目６－４マルダイビル１Ｆ,,福井市指令生衛第22-3-206号,10/7/22,11/30/27
3871,飲食店,旅館,,白浜荘,910-3372,福井市西二ツ屋町２－１－４８,0776-86-1316,福井市指令生衛第19-2-244号,6/25/19,7/31/25
3872,魚介類販売業,魚介類販売業,,白浜荘,910-3372,福井市西二ツ屋町２－１－４８,0776-86-1316,福井市指令生衛第21-3-290号,2/17/22,7/31/27
3873,そうざい製造業,そうざい製造業,,白浜荘,910-3372,福井市西二ツ屋町２－１－４８,0776-86-1316,福井市指令生衛第24-4-100号,6/12/24,7/31/29
3874,菓子製造業,一般,,薄皮たいやき　たい夢　新田塚店,910-0067,福井市新田塚２丁目１００―３４,0776-24-2839,福井市指令生衛第19-2-503号,12/17/19,1/31/26
3875,アイスクリーム類製造業,一般,,薄皮たいやき　たい夢　新田塚店,910-0067,福井市新田塚２丁目１００―３４,0776-24-2839,福井市指令生衛第19-1-389号,12/17/19,1/31/26
3876,飲食店,料理,,八雲迎賓館,918-8026,福井市渕４丁目７０８,0776-33-0896,福井市指令生衛第20-2-91号,4/27/20,5/31/26
3877,飲食店,食堂,,八雲迎賓館,918-8026,福井市渕４丁目７０８,0776-33-0896,福井市指令生衛第20-2-90号,4/27/20,5/31/26
3878,菓子製造業,菓子製造業,結婚式場,八雲迎賓館,918-8026,福井市渕４丁目７０８,0776-33-0896,福井市指令生衛第21-3-314号,3/28/22,5/31/28
3879,そうざい製造業,そうざい製造業,結婚式場,八雲迎賓館,918-8026,福井市渕４丁目７０８,0776-33-0896,福井市指令生衛第21-3-315号,3/28/22,5/31/28
3880,飲食店営業,その他,日本酒バー,八重巻酒店,910-0151,福井市栄町１２－４,0776-56-0102,福井市指令生衛第22-3-405号,4/25/23,9/30/28
3881,飲食店営業,一般食堂・レストラン等,寿司店,八重寿し,910-0023,福井市順化２丁目２４－２１,0776-26-6431,福井市指令生衛第21-4-738号,2/16/22,4/30/27
3882,飲食店営業,その他,居酒屋,八兆屋駅の蔵　福井駅店,910-0006,福井市中央１丁目１－２５くるふ福井駅㊴,0776-28-1189,福井市指令生衛第23-3-358号,2/21/24,11/30/29
3883,飲食店営業,仕出し屋・弁当屋,定食店,八方美人Ⅱ,910-0017,福井市文京１丁目４－３４,0776-28-0776,福井市指令生衛第21-3-192号,11/22/21,1/31/27
3884,飲食店営業,一般食堂・レストラン等,和食店,発酵・薬膳料理かふぇ「禅　ＺＥＮ」,910-0017,福井市文京２丁目１７－３４,0776-97-8254,福井市指令生衛第22-4-308号,11/29/22,2/29/28
3885,飲食店,軽食,,板垣安得仙,918-8104,福井市板垣４丁目503,0776-36-3813,福井市指令生衛第20-2-432号,9/17/20,10/31/25
3886,豆腐製造業,豆腐製造業,,板垣屋,918-8007,福井市足羽１丁目１５－１４,0776-36-1717,福井市指令生衛第21-4-283号,8/19/21,10/31/26
3887,豆腐製造業,豆腐製造業,,板垣商店,910-0004,福井市宝永１丁目１２－１,0776-23-1024,福井市指令生衛第21-4-391号,10/13/21,11/30/26
3888,魚介類販売業,魚介類販売業,,板倉商店,910-3553,福井市蒲生町１４―１,0776-89-2363,福井市指令生衛第21-4-205号,7/8/21,7/31/26
3889,飲食店,社交飲食,,番傘光陽店,910-0026,福井市光陽１丁目１―１６,0776-23-7086,福井市指令生衛第20-2-726号,1/21/21,2/28/26
3890,飲食店営業,一般食堂・レストラン等,和食店,飛彈,910-0006,福井市中央１丁目１７－１８ハコダビル１階,,福井市指令生衛第22-4-201号,10/11/22,11/30/27
3891,飲食店営業,一般食堂・レストラン等,寿司店,毘沙門寿司,910-2144,福井市上毘沙門町１－４６－４,0776-41-3344,福井市指令生衛第24-4-80号,7/4/24,8/31/29
3892,そうざい製造業,そうざい製造業,,毘沙門寿司,910-2144,福井市上毘沙門町１－４６－４,0776-41-3344,福井市指令生衛第24-4-81号,7/4/24,8/31/29
3893,飲食店営業,その他,スナック,美,910-0015,福井市二の宮２丁目８－１６,0776-21-5319,福井市指令生衛第21-4-431号,10/19/21,1/31/27
3894,そうざい製造業,そうざい製造業,,美くに厨房,910-0804,福井市高木中央２丁目１７１２,0776-50-6640,福井市指令生衛第21-3-122号,9/22/21,12/31/26
3895,魚介類販売業,魚介類販売業,,美くに厨房,910-0804,福井市高木中央２丁目１７１２,0776-50-6640,福井市指令生衛第21-3-123号,9/22/21,12/31/26
3896,飲食店営業,一般食堂・レストラン等,寿司店,美やち寿司,918-8116,福井市大町２丁目１１０２,0776-36-9662,福井市指令生衛第22-4-143号,7/26/22,10/31/27
3897,飲食店営業,一般食堂・レストラン等,和食,美加登,910-0158,福井市八重巻中町１５－１－２,0776-56-3975,福井市指令生衛第23-4-88号,6/20/23,9/30/28
3898,そうざい製造業,そうざい製造業,,美山しめじ,910-2345,福井市間戸町１６－６,0776-90-1002,福井市指令生衛第21-4-686号,3/18/22,8/31/27
3899,食肉処理業,食肉処理業,,美山産（猪）精肉店,910-2225,福井市田尻町１１－８９,0776-96-4439,福井市指令生衛第21-4-639号,2/1/22,8/31/27
3900,酒類製造業,酒類製造業,,美川酒造場,918-8131,福井市小稲津町３６－１５,0776-41-1002,福井市指令生衛第23-4-66号,6/29/23,8/31/28
3901,飲食店,軽食,,美美,910-0028,福井市学園１丁目２―１９西の館レジデンスドウルウエスト　１Ｆ,0776-23-0864,福井市指令生衛第20-2-709号,1/21/21,2/28/26
3902,飲食店営業,一般食堂・レストラン等,中華料理店,美味軽食,910-0026,福井市光陽２丁目７－２３くらしき１０５,,福井市指令生衛第22-3-302号,1/6/23,2/29/28
3903,飲食店営業,一般食堂・レストラン等,和食、寿司店,美味食楽　八張,910-0804,福井市高木中央２丁目３５０２－２,0776-57-0033,福井市指令生衛第21-4-445号,10/21/21,12/31/26
3904,魚介類販売業,魚介類販売業,,美味食卓　さくだ屋　２号店,910-0836,福井市大和田１丁目１０１福井市中央卸売市場関連商品売場棟,0776-89-1143,福井市指令生衛第24-4-272号,12/6/24,12/31/29
3905,そうざい製造業,そうざい製造業,,美味食卓　さくだ屋　２号店,910-0836,福井市大和田１丁目１０１福井市中央卸売市場関連商品売場棟,0776-89-1143,福井市指令生衛第24-4-273号,12/6/24,12/31/29
3906,そうざい製造業,そうざい製造業,,美味食卓さくだ屋　１号店,910-0836,福井市大和田１丁目１０１福井市中央卸市場内,0776-89-1143,福井市指令生衛第23-3-206号,10/10/23,12/31/28
3907,水産製品製造業,水産製品製造業,,美味食卓さくだ屋　１号店,910-0836,福井市大和田１丁目１０１福井市中央卸市場内,0776-89-1143,福井市指令生衛第23-4-232号,10/10/23,12/31/28
3908,飲食店営業,一般食堂・レストラン等,定食屋,百,918-8104,福井市板垣３丁目１６２４,0776-35-4900,福井市指令生衛第24-4-129号,7/23/24,10/31/29
3909,菓子製造業,菓子製造業,,百,918-8104,福井市板垣３丁目１６２４,0776-35-4900,福井市指令生衛第24-4-130号,7/23/24,10/31/29
3910,飲食店営業,その他,スナック,百合乃縁,910-0023,福井市順化１丁目２４－１９郡ビル　３Ｆ　１,,福井市指令生衛第24-3-150号,7/29/24,3/31/30
3911,飲食店営業,旅館,旅館,浜茄子（ハマナス）,910-3558,福井市八ツ俣町浜田２－６,0776-89-2850,福井市指令生衛第23-4-137号,7/5/23,7/31/28
3912,飲食店,すし,,浜寿司,910-0021,福井市乾徳３丁目１０―６,0776-22-1239,福井市指令生衛第20-2-721号,1/21/21,1/31/26
3913,飲食店,食堂,,浜茶屋　まるい,910-3553,福井市蒲生町越廼海水浴場,,福井市指令生衛第20-2-141号,7/8/20,7/31/25
3914,飲食店営業,一般食堂・レストラン等,和食店,浜町　かつき,910-0006,福井市中央３丁目３－４,0776-24-0470,福井市指令生衛第23-4-201号,9/12/23,11/30/28
3915,飲食店営業,一般食堂・レストラン等,和食店,浜町　諸ばた,910-0006,福井市中央３丁目１３－１６,,福井市指令生衛第23-3-279号,3/18/24,11/30/29
3916,そうざい製造業,そうざい製造業,,富永ホルモン,910-0034,福井市菅谷２丁目６－２０,0776-29-0008,福井市指令生衛第24-4-290号,12/10/24,2/28/31
3917,食肉販売業,食肉販売業,,富永ホルモン,910-0034,福井市菅谷２丁目６－２０,0776-29-0008,福井市指令生衛第24-4-291号,12/10/24,2/28/31
3918,飲食店営業,一般食堂・レストラン等,和食店,富士家,910-0846,福井市四ツ井２丁目６―１０,0776-54-0248,福井市指令生衛第21-4-187号,7/8/21,7/31/26
3919,菓子製造業,菓子製造業,,富士見堂,910-0023,福井市順化２丁目１５－１３,,福井市指令生衛第23-3-79号,6/26/23,4/30/29
3920,飲食店営業,その他,,富士見堂,910-0023,福井市順化２丁目１５－１３,,福井市指令生衛第23-3-106号,6/28/23,4/30/29
3921,飲食店営業,その他,お好み焼き屋,富士美,910-0023,福井市順化１丁目１６－１２鈴ビル１Ｆ,0776-24-2785,福井市指令生衛第24-4-353号,1/16/25,3/31/30
3922,飲食店営業,その他,とんかつ料理店,富士㐂　福井駅前フードホール　ＭＩＮＩＥ,910-0006,福井市中央１丁目３－５ＦＵＫＵＭＡＣＨＩ　ＢＬＯＣＫ　１Ｆ　ＭＩＮＩＥ　横丁１４,0776-37-3837,福井市指令生衛第23-3-441号,3/5/24,11/30/29
3923,飲食店,仕出し弁当,,風,918-8015,福井市花堂南１丁目５―２５,0776-33-1504,福井市指令生衛第20-2-387号,9/17/20,10/31/25
3924,飲食店営業,その他,居酒屋,風ぐるま,910-0023,福井市順化１丁目７－６４７１１ビル２Ｆ２０２,0776-25-7171,福井市指令生衛第21-4-668号,2/2/22,3/31/27
3925,飲食店営業,一般食堂・レストラン等,お好み焼き店,風の街　福井北店,910-0813,福井市中新田町８－５－７,0776-52-2275,福井市指令生衛第22-4-247号,11/1/22,12/31/27
3926,そうざい製造業,そうざい製造業,,風の街　福井北店,910-0813,福井市中新田町８－５－７,0776-52-2275,福井市指令生衛第22-3-270号,11/18/22,12/31/27
3927,飲食店営業,その他,喫茶店,風の森　コスモポリタンカフェ,910-0836,福井市大和田２丁目８０１福井新聞社１Ｆ,0776-53-6610,福井市指令生衛第22-3-23号,5/2/22,12/31/27
3928,菓子製造業,菓子製造業,,風の森　コスモポリタンカフェ,910-0836,福井市大和田２丁目８０１福井新聞社１Ｆ,0776-53-6610,福井市指令生衛第22-3-24号,5/2/22,12/31/27
3929,そうざい製造業,そうざい製造業,,風の森　コスモポリタンカフェ,910-0836,福井市大和田２丁目８０１福井新聞社１Ｆ,0776-53-6610,福井市指令生衛第22-3-25号,5/2/22,12/31/27
3930,そうざい製造業,そうざい製造業,,風香園　弁当事業部,919-0305,福井市徳光町３４－７,0776-41-3552,福井市指令生衛第23-3-56号,5/22/23,8/31/28
3931,飲食店営業,一般食堂・レストラン等,ラーメン店,風神家,910-0015,福井市二の宮５丁目１８－２４,0776-97-8859,福井市指令生衛第22-4-343号,12/13/22,1/31/28
3932,食肉販売業,食肉販売業,,風無精肉店,918-8066,福井市渡町５１７,0776-36-0165,福井市指令生衛第21-4-788号,4/20/22,5/31/27
3933,飲食店営業,旅館,ホテル,福い,910-0006,福井市中央１丁目３－５コートヤード・バイ・マリオット福井１５Ｆ,0776-50-6621,福井市指令生衛第23-3-371号,2/27/24,11/30/29
3934,そうざい製造業,そうざい製造業,,福い,910-0006,福井市中央１丁目３－５コートヤード・バイ・マリオット福井１５Ｆ,0776-50-6621,福井市指令生衛第23-3-372号,2/27/24,11/30/29
3935,飲食店営業,一般食堂・レストラン等,そば・うどん店,福そば,910-0006,福井市中央１丁目２２－１,0776-21-4640,福井市指令生衛第21-4-399号,10/21/21,11/30/26
3936,飲食店営業,一般食堂・レストラン等,和食店,福の井　一乃松,910-0006,福井市中央３丁目１２－２４,0776-25-5007,福井市指令生衛第21-4-381号,10/20/21,11/30/26
3937,飲食店営業,その他,プリン専門店,福井　極生プリン専門店　いけ田,910-0015,福井市二の宮２丁目３－８グランデール二の宮　別棟,,福井市指令生衛第24-3-268号,10/11/24,1/31/30
3938,菓子製造業,菓子製造業,,福井　極生プリン専門店　いけ田,910-0015,福井市二の宮２丁目３－８グランデール二の宮　別棟,,福井市指令生衛第24-3-269号,10/11/24,1/31/30
3939,飲食店営業,一般食堂・レストラン等,給食施設,福井１０７０　魚国総本社,918-8051,福井市桃園２丁目１－１５フクイボウ株式会社内食堂,0776-34-1560,福井市指令生衛第22-4-168号,7/21/22,10/31/27
3940,飲食店営業,一般食堂・レストラン等,集団給食施設,福井１２８０,910-0011,福井市経田２丁目５１２藤島幼稚園,0776-26-0269,福井市指令生衛第23-4-296号,10/31/23,1/31/29
3941,飲食店営業,その他,給食施設,福井キヤノンマテリアル株式会社　社員食堂,910-3138,福井市石橋町テクノポート３－６－４,0776-85-1300,福井市指令生衛第24-4-48号,5/23/24,7/31/29
3942,飲食店営業,その他,集団給食施設,福井ケアセンター,910-0021,福井市乾徳４丁目５－８福井ケアセンター内,0776-26-5155,福井市指令生衛第24-4-330号,12/19/24,1/31/31
3943,飲食店営業,その他,映画館売店,福井コロナシネマワールド,910-0836,福井市大和田２丁目１２０１,0776-52-5671,福井市指令生衛第21-4-453号,11/9/21,12/31/26
3944,飲食店営業,一般食堂・レストラン等,食堂,福井サイクルハウス,918-8021,福井市門前２丁目１１０１,0776-33-2423,福井市指令生衛第21-4-58号,6/1/21,5/31/27
3945,飲食店,仕出し弁当,,福井セントラルキッチン,918-8023,福井市西谷１丁目１２０１,0776-33-2880,福井市指令生衛第19-1-325号,11/15/19,5/31/26
3946,魚介類販売業,魚介類販売業,,福井のお魚屋さん,910-0157,福井市八重巻東町４―２,,福井市指令生衛第21-4-193号,7/20/21,9/30/26
3947,飲食店,旅館,,福井パレスイン,910-0023,福井市順化１丁目１２―１７,0776-23-3801,福井市指令生衛第20-2-849号,2/18/21,3/31/26
3948,菓子製造業,洋菓子,,福井パレスホテル,910-0023,福井市順化１丁目５－１８福井パレスホテル２階,0776-23-3800,福井市指令生衛第21-4-646号,1/11/22,3/31/27
3949,飲食店営業,旅館,レストラン,福井パレスホテル　２Ｆレストラン　クレドール,910-0023,福井市順化１丁目５－１８福井パレスホテル２Ｆ,0776-23-3800,福井市指令生衛第21-4-645号,1/11/22,3/31/27
3950,飲食店,食堂,,福井パレスホテル　割烹　山海,910-0023,福井市順化１丁目５―１８福井パレスホテル１Ｆ,0776-23-3800,福井市指令生衛第20-2-901号,2/18/21,3/31/26
3951,そうざい製造業,そうざい製造業,,福井ふるさと茶屋　杵と臼,910-2174,福井市上東郷町２２－７,,福井市指令生衛第23-4-103号,6/22/23,8/31/28
3952,飲食店営業,その他,和食店,福井ふるさと茶屋　杵と臼,910-2174,福井市上東郷町２２－７,,福井市指令生衛第23-4-102号,6/22/23,8/31/28
3953,冷凍食品製造業,冷凍食品製造業,,福井マルダイ食品　高柳工場,910-0837,福井市高柳１丁目１４０１－２－６,0776-43-6022,福井市指令生衛第22-3-293号,12/22/22,12/31/28
3954,食肉販売業,食肉販売業,,福井マルダイ食品　高柳工場,910-0837,福井市高柳１丁目１４０１－２－６,0776-43-6022,福井市指令生衛第22-3-294号,12/22/22,12/31/28
3955,そうざい製造業,そうざい製造業,,福井マルダイ食品　高柳工場,910-0837,福井市高柳１丁目１４０１－２－６,0776-43-6022,福井市指令生衛第22-3-295号,12/22/22,12/31/28
3956,水産製品製造業,水産製品製造業,,福井マルダイ食品　高柳工場,910-0837,福井市高柳１丁目１４０１－２－６,0776-43-6022,福井市指令生衛第22-3-296号,12/22/22,12/31/28
3957,食肉販売業,一般,,福井マルダイ食品株式会社,910-2164,福井市深見町５３－１６,0776-41-0333,福井市指令生衛第19-1-116号,6/19/19,8/31/25
3958,そうざい製造業,そうざい製造業,,福井マルダイ食品株式会社,910-2164,福井市深見町５３－１６,0776-41-0333,福井市指令生衛第22-4-90号,6/22/22,8/31/27
3959,水産製品製造業,水産製品製造業,,福井マルダイ食品株式会社,910-2164,福井市深見町５３－１６,0776-41-0333,福井市指令生衛第22-4-91号,6/22/22,8/31/27
3960,飲食店営業,旅館,朝食会場（ホテル）,福井マンテンホテル駅前,910-0006,福井市中央１丁目１１－１,0776-20-0100,福井市指令生衛第21-4-369号,9/21/21,11/30/26
3961,飲食店,食堂,,福井リハビリテーション病院内事業所,910-0046,福井市南楢原町２０大畑２福井リハビリテーション病院厨房,0776-59-2014,福井市指令生衛第19-2-249号,7/23/19,7/31/25
3962,飲食店,仕出し弁当,,福井越廼　箪瓢草堂,910-3558,福井市八ツ俣町５０―１５,0776-76-2116,福井市指令生衛第20-2-222号,7/8/20,7/31/25
3963,飲食店営業,一般食堂・レストラン等,和食店,福井割烹　望月,910-0019,福井市春山２丁目４－４タカシマビル　１階,0776-28-0028,福井市指令生衛第22-4-401号,2/7/23,4/30/28
3964,魚介類販売業,一般,,福井丸魚株式会社,910-0836,福井市大和田１丁目101,0776-53-2911,福井市指令生衛第20-2-628号,11/26/20,12/31/25
3965,水産製品製造業,水産製品製造業,,福井丸魚株式会社加工場,910-0836,福井市大和田１丁目１０１福井市中央卸売市場　水産加工場,0776-53-2911,福井市指令生衛第23-4-465号,2/6/24,12/31/29
3966,飲食店営業,一般食堂・レストラン等,食堂,福井競輪場　選手管理棟,918-8052,福井市明里町２－６５,0776-34-3000,福井市指令生衛第21-4-307号,8/17/21,10/31/26
3967,飲食店営業,一般食堂・レストラン等,食堂,福井競輪場　売店組合,918-8052,福井市明里町２―６５,0776-36-0074,福井市指令生衛第21-4-267号,8/11/21,10/31/26
3968,飲食店,食堂,,福井銀行センタービル食堂,910-0023,福井市順化１丁目３－３福銀センタービル　６Ｆ,,福井市指令生衛第19-2-807号,2/20/20,3/31/26
3969,飲食店営業,一般食堂・レストラン等,食堂,福井銀行事務センター　従業員食堂,918-8152,福井市今市町６６福井銀行事務センター内　３Ｆ,0776-38-2111,福井市指令生衛第23-4-185号,8/17/23,10/31/28
3970,飲食店営業,一般食堂・レストラン等,食堂,福井銀行本店　食堂,910-0023,福井市順化１丁目１－１,0776-25-8075,福井市指令生衛第23-3-335号,2/13/24,3/31/30
3971,そうざい製造業,そうざい製造業,,福井銀行本店　食堂,910-0023,福井市順化１丁目１－１,0776-25-8075,福井市指令生衛第23-3-336号,2/13/24,3/31/30
3972,魚介類競り売り営業,魚介類せり売営業,,福井県漁業協同組合連合会　越前支所越廼出張所,910-3552,福井市茱崎町３８－６４,0776-89-2011,福井市指令生衛第22-4-146号,7/6/22,7/31/27
3973,食肉処理業,食肉処理業,,福井県経済農業協同組合連合会,910-0804,福井市高木中央２丁目４２０２,0776-54-0209,福井市指令生衛第21-4-518号,11/17/21,12/31/28
3974,菓子製造業,菓子製造業,,福井県経済農業協同組合連合会　六次化加工施設,910-0842,福井市開発５丁目２０１－１,0776-91-0005,福井市指令生衛第23-3-438号,3/19/24,12/31/30
3975,そうざい製造業,そうざい製造業,,福井県経済農業協同組合連合会　六次化加工施設,910-0842,福井市開発５丁目２０１－１,0776-91-0005,福井市指令生衛第23-3-439号,3/19/24,12/31/30
3976,冷凍食品製造業,冷凍食品製造業,,福井県経済農業協同組合連合会　六次化加工施設,910-0842,福井市開発５丁目２０１－１,0776-91-0005,福井市指令生衛第23-3-440号,3/19/24,12/31/30
3977,飲食店,食堂,,福井県警察学校食堂,910-2172,福井市荒木新保町５―９福井県警察学校,0776-53-2156,福井市指令生衛第20-2-148号,6/26/20,7/31/26
3978,飲食店,食堂,,福井県国際交流会館,910-0004,福井市宝永３丁目１－１国際交流会館3階,0776-28-8800,福井市指令生衛第20-1-278号,10/21/20,11/30/26
3979,飲食店営業,その他,喫茶店,福井県国際交流会館　喫茶部,910-0004,福井市宝永３丁目１－１福井県国際交流会館１Ｆ,0776-28-8800,福井市指令生衛第22-4-204号,9/27/22,11/30/27
3980,飲食店営業,その他,ケータリング,福井県国際交流会館　食堂,910-0004,福井市宝永３丁目１－１福井県国際交流会館　３Ｆ,0776-28-8800,福井市指令生衛第24-4-201号,9/24/24,11/30/30
3981,飲食店営業,その他,給食施設,福井県児童・女性相談所,918-8105,福井市木田３丁目７０１,,福井市指令生衛第23-3-198号,9/28/23,10/31/28
3982,飲食店営業,一般食堂・レストラン等,給食施設,福井県消防学校,918-8226,福井市大畑町９７―２１―３福井県消防学校,0776-53-0234,福井市指令生衛第21-4-91号,6/10/21,7/31/26
3983,飲食店営業,一般食堂・レストラン等,食堂,福井県庁食堂,910-0005,福井市大手３丁目１７－１福井県庁　１Ｆ,0776-23-1021,福井市指令生衛第21-4-384号,10/14/21,11/30/26
3984,そうざい製造業,そうざい製造業,,福井県農業協同組合　農産物直売所,910-3607,福井市清水杉谷町４５－８８,0776-98-8666,福井市指令生衛第21-4-62号,6/1/21,6/30/26
3985,菓子製造業,菓子製造業,,福井県農業協同組合　農産物直売所,910-3607,福井市清水杉谷町４５－８８,0776-98-8666,福井市指令生衛第21-4-63号,6/1/21,6/30/26
3986,漬物製造業,漬物製造業,,福井県農業協同組合　農産物直売所　喜ね舎愛菜館,918-8218,福井市河増町９－１０－１,0776-52-8311,福井市指令生衛第21-4-509号,12/7/21,7/31/28
3987,そうざい製造業,そうざい製造業,,福井県農業協同組合　農産物直売所　喜ね舎愛菜館　カワグチ,918-8218,福井市河増町９－１０－１,0776-52-8311,福井市指令生衛第24-3-109号,7/12/24,7/31/30
3988,アイスクリーム類製造業,アイスクリーム類製造業,,福井県農業協同組合　農産物直売所　喜ね舎愛菜館　トリノ,918-8218,福井市河増町９－１０－１,0776-52-8311,福井市指令生衛第24-4-72号,7/12/24,7/31/29
3989,飲食店営業,その他,フードコート,福井県農業協同組合　農産物直売所　喜ね舎愛菜館　トリノ,918-8218,福井市河増町９－１０－１,0776-52-8311,福井市指令生衛第24-4-73号,7/12/24,7/31/29
3990,飲食店営業,その他,カフェ,福井県農業協同組合　農産物直売所　喜ね舎愛菜館 ベジテラス,918-8218,福井市河増町９－１０－１,0776-52-8311,福井市指令生衛第24-4-76号,7/12/24,7/31/30
3991,菓子製造業,菓子製造業,,福井県農業協同組合　農産物直売所　喜ね舎愛菜館 ベジテラス,918-8218,福井市河増町９－１０－１,0776-52-8311,福井市指令生衛第24-4-77号,7/12/24,7/31/30
3992,そうざい製造業,そうざい製造業,,福井県農業協同組合　農産物直売所　喜ね舎愛菜館 ベジテラス,918-8218,福井市河増町９－１０－１,0776-52-8311,福井市指令生衛第24-4-78号,7/12/24,7/31/30
3993,菓子製造業,菓子製造業,,福井県農業協同組合　農産物直売所　喜ね舎愛菜館　まあま,918-8218,福井市河増町９－１０－１,0776-52-8311,福井市指令生衛第24-4-70号,7/12/24,7/31/30
3994,そうざい製造業,そうざい製造業,,福井県農業協同組合　農産物直売所　喜ね舎愛菜館　まあま,918-8218,福井市河増町９－１０－１,0776-52-8311,福井市指令生衛第24-4-71号,7/12/24,7/31/30
3995,そうざい製造業,そうざい製造業,,福井県農業協同組合　農産物直売所　喜ね舎愛菜館 もち加工室,918-8218,福井市河増町９－１０－１,0776-52-8311,福井市指令生衛第24-4-66号,7/12/24,7/31/30
3996,菓子製造業,菓子製造業,,福井県農業協同組合　農産物直売所　喜ね舎愛菜館 もち加工室,918-8218,福井市河増町９－１０－１,0776-52-8311,福井市指令生衛第24-4-67号,7/12/24,7/31/30
3997,飲食店営業,一般食堂・レストラン等,麺類,福井県農業協同組合　農産物直売所　喜ね舎愛菜館　寿縁,918-8218,福井市河増町９－１０－１,0776-52-8311,福井市指令生衛第24-4-74号,7/12/24,7/31/30
3998,麺類製造業,麺類製造業,,福井県農業協同組合　農産物直売所　喜ね舎愛菜館　寿縁,918-8218,福井市河増町９－１０－１,0776-52-8311,福井市指令生衛第24-4-75号,7/12/24,7/31/30
3999,飲食店営業,その他,加工室,福井県農業協同組合　農産物直売所　喜ね舎愛菜館　多目的加工室,918-8218,福井市河増町９－１０－１,0776-52-8311,福井市指令生衛第24-4-68号,7/12/24,7/31/30
4000,菓子製造業,菓子製造業,,福井県農業協同組合　農産物直売所　喜ね舎愛菜館　多目的加工室,918-8218,福井市河増町９－１０－１,0776-52-8311,福井市指令生衛第24-4-69号,7/12/24,7/31/30
4001,そうざい製造業,そうざい製造業,,福井県民生活協同組合　食品加工センター,910-0804,福井市高木中央３丁目１０１,0776-89-1235,福井市指令生衛第24-4-246号,10/31/24,12/31/30
4002,飲食店営業,その他,百貨店・総合スーパー,福井県民生活協同組合ハーツ恐竜店福井駅東,910-0859,福井市日之出３丁目２－２６,0776-28-0082,福井市指令生衛第24-3-204号,8/26/24,7/31/31
4003,食肉販売業,食肉販売業,,福井県民生活協同組合ハーツ恐竜店福井駅東,910-0859,福井市日之出３丁目２－２６,0776-28-0082,福井市指令生衛第24-3-205号,8/26/24,7/31/31
4004,魚介類販売業,魚介類販売業,,福井県民生活協同組合ハーツ恐竜店福井駅東,910-0859,福井市日之出３丁目２－２６,0776-28-0082,福井市指令生衛第24-3-206号,8/26/24,7/31/31
4005,菓子製造業,菓子製造業,,福井県民生活協同組合ハーツ恐竜店福井駅東,910-0859,福井市日之出３丁目２－２６,0776-28-0082,福井市指令生衛第24-3-207号,8/26/24,7/31/31
4006,飲食店営業,一般食堂・レストラン等,給食施設,福井県立羽水高等学校食堂,918-8114,福井市羽水１丁目３０２,0776-36-3618,福井市指令生衛第22-3-114号,7/21/22,10/31/27
4007,飲食店,食堂,,福井県立病院　栄養管理,910-0846,福井市四ツ井２丁目８－１福井県立病院　地下１階,0776-54-5151,福井市指令生衛第20-1-407号,2/10/21,7/31/27
4008,清涼飲料水製造業,清涼飲料水製造業,,福井県立福井農林高等学校,910-0832,福井市新保町４９－１,0776-54-5187,福井市指令生衛第21-4-446号,11/16/21,12/31/26
4009,そうざい製造業,そうざい製造業,,福井県立福井農林高等学校,910-0832,福井市新保町４９－１,0776-54-5187,福井市指令生衛第22-4-243号,10/18/22,12/31/27
4010,菓子製造業,菓子製造業,,福井県立福井農林高等学校,910-0832,福井市新保町４９－１,0776-54-5187,福井市指令生衛第22-4-244号,10/18/22,12/31/27
4011,菓子製造業,菓子製造業,,福井県立福井農林高等学校,910-0832,福井市新保町４９－１,0776-54-5187,福井市指令生衛第23-4-281号,11/9/23,12/31/28
4012,みそ又はしょうゆ製造業,みそ又はしょうゆ製造業,,福井県立福井農林高等学校,910-0832,福井市新保町４９－１,0776-54-5187,福井市指令生衛第23-4-282号,11/9/23,12/31/28
4013,漬物製造業,漬物製造業,,福井県立福井農林高等学校,910-0832,福井市新保町４９－１,0776-54-5187,福井市指令生衛第23-4-283号,11/9/23,12/31/28
4014,漬物製造業,漬物製造業,,福井県立福井農林高等学校,910-0832,福井市新保町４９－１,0776-54-5187,福井市指令生衛第23-4-284号,11/9/23,12/31/28
4015,食肉製品製造業,食肉製品製造業,,福井県立福井農林高等学校,910-0832,福井市新保町４９－１,0776-54-5187,福井市指令生衛第24-4-266号,11/7/24,12/31/30
4016,密封包装食品製造業,密封包装食品製造業,,福井県立福井農林高等学校,910-0832,福井市新保町４９－１,0776-54-5187,福井市指令生衛第24-4-267号,11/7/24,12/31/30
4017,飲食店,食堂,,福井県和敬学園,910-3642,福井市本折町４８－２,0776-98-3027,福井市指令生衛第21-1-69号,5/31/21,6/30/26
4018,飲食店,食堂,,福井佼成幼稚園（日清医療食品）,918-8108,福井市春日３丁目１３０３,0776-35-2413,福井市指令生衛第20-2-411号,9/8/20,10/31/26
4019,菓子製造業,パン,,福井厚生病院内　焼き立てパン工房,918-8537,福井市下六条町１－６－１福井厚生病院内,0776-41-3118,福井市指令生衛第22-3-22号,5/6/22,8/31/27
4020,飲食店営業,その他,コンビニエンス　院内売店,福井厚生病院内　売店,918-8537,福井市下六条町１－６－１福井厚生病院内,0776-41-3118,福井市指令生衛第22-3-21号,5/6/22,8/31/27
4021,飲食店,食堂,,福井工業大学指定　学園寮,910-0028,福井市学園３丁目４―１３,0776-22-4419,福井市指令生衛第20-2-720号,1/28/21,2/28/26
4022,飲食店営業,一般食堂・レストラン等,集団給食施設,福井国家石油備蓄基地内厚生センター食堂,910-3133,福井市石新保町３８字臨海１番福井国家石油備蓄基地内１Ｆ,0776-85-1316,福井市指令生衛第23-4-21号,5/25/23,7/31/28
4023,飲食店営業,一般食堂・レストラン等,和食店,福井市　伊自良館,910-2464,福井市中手町２９－３,0776-93-2040,福井市指令生衛第22-4-368号,2/28/23,8/31/28
4024,麺類製造業,麺類製造業,,福井市　伊自良館,910-2464,福井市中手町２９－３,0776-93-2040,福井市指令生衛第22-4-369号,2/28/23,8/31/28
4025,飲食店営業,その他,キャンプ場,福井市ガラガラ山越前水仙の里キャンプ場,910-3556,福井市赤坂町６６－８４ガラガラ山越前水仙の里キャンプ場　管理棟,0776-89-2180,福井市指令生衛第22-4-72号,6/16/22,7/31/27
4026,飲食店営業,その他,茶室,福井市愛宕坂茶道美術館,918-8007,福井市足羽１丁目８－５,0776-33-3933,福井市指令生衛第24-3-18号,4/25/24,10/31/29
4027,飲食店,軽食,,福井市越前水仙の里温泉　波の華,910-3553,福井市蒲生町１―９４,0776-89-7387,福井市指令生衛第19-1-530号,3/30/20,7/31/25
4028,飲食店営業,仕出し屋・弁当屋,和食屋,福井市観光物産館　福福館,910-0006,福井市中央１丁目２－１ハピリン２Ｆ,0776-20-2929,福井市指令生衛第21-4-357号,10/6/21,11/30/26
4029,麺類製造業,麺類製造業,和食屋,福井市観光物産館　福福館,910-0006,福井市中央１丁目２－１ハピリン２Ｆ,0776-20-2929,福井市指令生衛第21-4-358号,10/6/21,11/30/26
4030,飲食店営業,その他,食堂,福井市少年自然の家,910-2161,福井市脇三ケ町６６－２,0776-41-3660,福井市指令生衛第24-4-28号,5/22/24,8/31/29
4031,飲食店営業,その他,喫茶店,福井市聖苑,918-8073,福井市安田町１１－１,0776-98-7888,福井市指令生衛第22-4-466号,3/14/23,5/31/28
4032,魚介類販売業,魚介類販売業,,福井市中央卸売市場卸売棟特塩部売り場,910-0836,福井市大和田１丁目１０１福井市中央卸売市場鮮魚仲卸部内,0776-53-1155,福井市指令生衛第21-4-428号,11/2/21,12/31/26
4033,魚介類販売業,魚介類販売業,,福井市中央卸売市場卸売棟冷凍部売り場,910-0836,福井市大和田１丁目１０１福井市中央卸売市場　卸売棟,0776-53-1155,福井市指令生衛第21-4-427号,11/2/21,12/31/26
4034,飲食店営業,その他,喫茶,福井市美術館カフェ　カハビタウコ,918-8112,福井市下馬３丁目１１１１福井市美術館　２Ｆ,0776-33-2990,福井市指令生衛第24-3-73号,5/17/24,10/31/29
4035,飲食店,食堂,,福井新聞　社食部,910-0836,福井市大和田２丁目801６Ｆ,0776-57-5111,福井市指令生衛第20-2-669号,11/26/20,12/31/26
4036,菓子製造業,菓子製造業,,福井製菓専門学校,910-0003,福井市松本３丁目２１－２０,0776-21-0606,福井市指令生衛第23-4-387号,1/18/24,1/31/30
4037,飲食店,食堂,,福井赤十字病院　レストランさくら,918-8011,福井市月見２丁目４―１福井赤十字病院２Ｆ,0776-43-0287,福井市指令生衛第19-2-354号,9/20/19,10/31/25
4038,飲食店,食堂,,福井赤十字病院　栄養課,918-8011,福井市月見２丁目４－１福井赤十字病院１階,0776-36-3630,福井市指令生衛第21-1-3号,4/23/21,10/31/28
4039,飲食店営業,その他,集団給食施設,福井大学教育学部附属義務教育学校,910-0015,福井市二の宮４丁目４５－１,0776-22-6891,福井市指令生衛第23-3-270号,11/21/23,1/31/30
4040,飲食店,食堂,,福井大学教育学部附属義務教育学校  前期・後期課程,910-0015,福井市二の宮４丁目４５-１,0776-22-6985,福井市指令生衛第21-1-57号,5/18/21,1/31/28
4041,飲食店,食堂,,福井大学教育学部附属特別支援学校,910-0065,福井市八ツ島町１-３,0776-22-6781,福井市指令生衛第21-1-58号,5/18/21,1/31/28
4042,飲食店営業,その他,学校給食施設,福井大学教育学部附属特別支援学校,910-0065,福井市八ツ島町１－３,0776-22-6781,福井市指令生衛第23-3-269号,11/21/23,1/31/30
4043,魚介類競り売り営業,魚介類せり売営業,,福井中央魚市株式会社,910-0836,福井市大和田１丁目１０１福井中央卸売市場卸売棟,0776-53-1155,福井市指令生衛第21-4-425号,11/2/21,12/31/27
4044,魚介類販売業,魚介類販売業,,福井中央魚市株式会社,910-0836,福井市大和田１丁目１０１福井中央卸売市場卸売棟,0776-53-1155,福井市指令生衛第21-4-426号,11/2/21,12/31/27
4045,食品の冷凍又は冷蔵業,一般,,福井中央市場冷蔵株式会社,910-0836,福井市大和田１丁目101福井市中央卸売市場内,0776-53-0155,福井市指令生衛第20-2-632号,11/26/20,12/31/25
4046,飲食店営業,その他,鉄板焼,福井肉食堂　くるふ福井店,910-0006,福井市中央１丁目１－２５くるふ福井駅㊲,0776-27-1222,福井市指令生衛第23-3-326号,2/21/24,11/30/29
4047,飲食店,食堂,,福井美山荘,910-2222,福井市市波町５４－２５,0776-96-7052,福井市指令生衛第20-2-921号,2/18/21,8/31/26
4048,飲食店営業,その他,焼肉店,福井牧場　はるむに二の宮店,910-0015,福井市二の宮３丁目５－１,0776-50-2729,福井市指令生衛第23-4-294号,11/14/23,1/31/30
4049,食品の冷凍又は冷蔵業,一般,,福井冷蔵株式会社　開発工場,910-0843,福井市西開発４丁目２０７,0776-53-2901,福井市指令生衛第20-2-622号,11/26/20,12/31/25
4050,氷雪製造業,氷雪製造業,,福井冷蔵株式会社　開発工場,910-0843,福井市西開発４丁目２０７,0776-53-2901,福井市指令生衛第24-4-243号,10/24/24,12/31/29
4051,氷雪製造業,氷雪製造業,,福井冷蔵株式会社本社工場,910-0837,福井市高柳２丁目１９０３,0776-53-5113,福井市指令生衛第21-4-499号,11/4/21,12/31/26
4052,飲食店営業,その他,ガールズバー,福井牢獄,910-0023,福井市順化１丁目１７－２３サンロイヤル片町ビル４０１,,福井市指令生衛第21-3-214号,12/20/21,3/31/27
4053,飲食店,仕出し弁当,,福岡,910-0067,福井市新田塚２丁目１２０―１,0776-26-4625,福井市指令生衛第20-2-602号,11/26/20,1/31/26
4054,魚介類販売業,一般,,福岡,910-0067,福井市新田塚２丁目１２０―１,0776-26-4625,福井市指令生衛第20-2-601号,11/26/20,1/31/26
4055,菓子製造業,菓子製造業,,福丸,910-2148,福井市篠尾町４１－３４－１,,福井市指令生衛第23-3-1号,4/7/23,7/31/28
4056,そうざい製造業,そうざい製造業,,福丸ふれっしゅ,910-0017,福井市文京６丁目２４－５,,福井市指令生衛第23-3-474号,4/5/24,1/31/30
4057,水産製品製造業,水産製品製造業,,福丸ふれっしゅ,910-0017,福井市文京６丁目２４－５,,福井市指令生衛第23-3-475号,4/5/24,1/31/30
4058,飲食店,食堂,,福義,910-0023,福井市順化２丁目２５―１１,0776-24-4126,福井市指令生衛第20-1-465号,3/25/21,4/30/26
4059,食肉処理業,食肉処理業,,福吉食品,910-0026,福井市光陽１丁目６１７,0776-27-5338,福井市指令生衛第23-4-350号,12/12/23,2/28/30
4060,飲食店営業,一般食堂・レストラン等,中華料理店,福寿,910-0845,福井市志比口２丁目１９－１３,0776-53-2540,福井市指令生衛第22-4-31号,5/18/22,7/31/27
4061,飲食店営業,その他,焼肉店,福昌園,910-0023,福井市順化１丁目８－１９,0776-23-4529,福井市指令生衛第23-4-417号,1/23/24,3/31/29
4062,飲食店営業,その他,セレクトショップ,福人喜　ハピリン店,910-0006,福井市中央１丁目２－１ハピリン２Ｆ,0776-25-0291,福井市指令生衛第21-4-359号,10/6/21,11/30/26
4063,そうざい製造業,そうざい製造業,,福人喜　福井駅店,910-0006,福井市中央１丁目１－１,0776-29-0029,福井市指令生衛第24-3-322号,12/10/24,11/30/30
4064,飲食店営業,その他,米飯、土産品販売,福人喜　福井駅店,910-0006,福井市中央１丁目１－１,0776-29-0029,福井市指令生衛第24-3-339号,12/10/24,11/30/30
4065,飲食店,食堂,,福仁会病院内事業所,910-0017,福井市文京５丁目１０－１,0776-28-5910,福井市指令生衛第20-2-803号,12/24/20,1/31/27
4066,そうざい製造業,そうざい製造業,,福畜,910-0017,福井市文京７丁目８－２８,0776-24-2140,福井市指令生衛第21-4-568号,12/2/21,1/31/28
4067,食肉処理業,食肉処理業,,福畜,910-0017,福井市文京７丁目８－２８,0776-24-2140,福井市指令生衛第21-4-569号,12/2/21,1/31/28
4068,みそ又はしょうゆ製造業,みそ又はしょうゆ製造業,醤油製造,福島醤油,910-0854,福井市御幸２丁目１３―１６,0776-24-2165,福井市指令生衛第21-4-116号,7/14/21,7/31/26
4069,飲食店営業,一般食堂・レストラン等,寿司店,福美寿司,918-8239,福井市成和２丁目６０３,0776-21-2538,福井市指令生衛第21-4-88号,6/16/21,7/31/26
4070,飲食店営業,一般食堂・レストラン等,中華料理店,福龍軒,918-8057,福井市加茂河原３丁目１２－３１横山ビル１Ｆ,0776-35-0330,福井市指令生衛第21-4-765号,3/15/22,5/31/27
4071,飲食店営業,一般食堂・レストラン等,中華料理店,福林軒,910-0006,福井市中央１丁目１２－１２,0776-22-0791,福井市指令生衛第22-4-200号,9/22/22,11/30/27
4072,飲食店営業,一般食堂・レストラン等,和食店,文室,910-0023,福井市順化２丁目２１－３,0776-29-2006,福井市指令生衛第21-4-707号,2/7/22,4/30/27
4073,飲食店営業,一般食堂・レストラン等,和食店,平八,910-0023,福井市順化２丁目１０－１４,0776-28-0885,福井市指令生衛第21-4-703号,2/16/22,4/30/27
4074,菓子製造業,菓子製造業,,米ぱんの店ぱんて,910-0017,福井市文京３丁目９－３４,0776-63-6781,福井市指令生衛第23-3-447号,3/14/24,2/28/30
4075,みそ又はしょうゆ製造業,みそ又はしょうゆ製造業,,米五,910-0019,福井市春山２丁目１５－２６,0776-24-0081,福井市指令生衛第21-4-690号,2/17/22,4/30/27
4076,そうざい製造業,そうざい製造業,,米五,910-0019,福井市春山２丁目１５－２６,0776-24-0081,福井市指令生衛第21-4-691号,2/17/22,4/30/27
4077,漬物製造業,漬物製造業,,米五,910-0019,福井市春山２丁目１５－２６,0776-24-0081,福井市指令生衛第21-4-692号,2/17/22,4/30/27
4078,菓子製造業,菓子製造業,,米粉シフォン　ここの輪,918-8016,福井市江端町１０－１９,,福井市指令生衛第24-3-102号,6/7/24,10/31/29
4079,そうざい製造業,一般,,米又,910-0017,福井市文京７丁目２７－２,0776-26-1019,福井市指令生衛第20-2-823号,1/21/21,1/31/27
4080,菓子製造業,一般,,米又,910-0017,福井市文京７丁目２７－２,0776-26-1019,福井市指令生衛第20-2-824号,1/21/21,1/31/27
4081,飲食店,仕出し弁当,,米又,910-0017,福井市文京７丁目２７－２,0776-26-1019,福井市指令生衛第20-2-822号,1/21/21,1/31/27
4082,乳製品製造業,一般,,米又,910-0017,福井市文京７丁目２７－２,0776-26-1019,福井市指令生衛第20-2-821号,1/21/21,1/31/27
4083,漬物製造業,漬物製造業,,米又,910-0017,福井市文京７丁目２７－２,0776-26-1019,福井市指令生衛第21-4-545号,1/6/22,1/31/27
4084,水産製品製造業,水産製品製造業,,米又,910-0017,福井市文京７丁目２７－２,0776-26-1019,福井市指令生衛第23-4-446号,1/25/24,1/31/30
4085,飲食店営業,旅館,旅館,宝永旅館,910-0004,福井市宝永３丁目７－１６,0776-22-5204,福井市指令生衛第21-4-331号,9/15/21,11/30/26
4086,飲食店営業,一般食堂・レストラン等,和食店,宝寿し,910-3604,福井市グリーンハイツ１０丁目１１１,0776-98-2076,福井市指令生衛第21-4-795号,3/22/22,6/30/27
4087,飲食店営業,その他,焼肉店,宝亭,910-0121,福井市定正町１００５,0776-89-1329,福井市指令生衛第24-4-109号,7/4/24,9/30/30
4088,食肉販売業,食肉販売業,,宝亭,910-0121,福井市定正町１００５,0776-89-1329,福井市指令生衛第24-4-110号,7/4/24,9/30/30
4089,菓子製造業,一般,,萌叡塾　手の花,910-2464,福井市中手町１７－２１,0776-93-2421,福井市指令生衛第19-1-464号,2/18/20,8/31/25
4090,飲食店,めん類,,蜂家　西かね,910-0004,福井市宝永４丁目６－１,0776-22-4340,福井市指令生衛第20-1-75号,5/14/20,11/30/25
4091,飲食店,社交飲食,,鳳,910-0029,福井市日光２丁目１７－１９,0776-25-4058,福井市指令生衛第20-1-47号,4/28/20,2/28/26
4092,飲食店営業,その他,イベントスペース,北ノ庄クラシックス,910-0006,福井市中央１丁目２１－３６,0776-27-6101,福井市指令生衛第23-3-285号,12/25/23,11/30/29
4093,飲食店,社交飲食,,北欧,910-0023,福井市順化１丁目７―６４７１１ビル　２Ｆ,0776-22-7455,福井市指令生衛第20-2-907号,2/18/21,3/31/26
4094,魚介類販売業,一般,,北前船のカワモト　福井物産館　レストラン,910-0822,福井市玄正島町７―１３―１北前船のカワモト福井物産館　２Ｆ,0776-53-8800,福井市指令生衛第20-1-160号,7/30/20,12/31/25
4095,乳製品製造業,乳製品製造業,,北陸ローヤルボトリング協業組合,910-0134,福井市上野本町４丁目１０１,0776-56-0577,福井市指令生衛第22-4-118号,6/29/22,9/30/27
4096,菓子製造業,菓子製造業,,北陸ローヤルボトリング協業組合,910-0134,福井市上野本町４丁目１０１,0776-56-0577,福井市指令生衛第22-4-119号,6/29/22,9/30/27
4097,清涼飲料水製造業,清涼飲料水製造業,,北陸ローヤルボトリング協業組合,910-0134,福井市上野本町４丁目１０１,0776-56-0577,福井市指令生衛第24-4-91号,8/27/24,9/30/29
4098,そうざい製造業,一般,,北陸食品工業株式会社,918-8012,福井市花堂北２丁目１３―２３,0776-36-1068,福井市指令生衛第20-2-392号,10/28/20,10/31/25
4099,飲食店,食堂,,北陸電力株式会社　西藤島寮　食堂,910-0033,福井市三郎丸１丁目1318,0776-26-8865,福井市指令生衛第20-2-735号,1/21/21,2/28/26
4100,飲食店,そうざい,,北陸班家　エルパ店,910-0836,福井市大和田２丁目１２１２番地エルパ１Ｆ,0776-57-2570,福井市指令生衛第20-2-645号,11/26/20,12/31/25
4101,飲食店,仕出し弁当,,本家かまどや　ふくい南店,918-8014,福井市花堂中１丁目８－２６,0776-36-2677,福井市指令生衛第20-1-98号,6/8/20,10/31/25
4102,飲食店営業,仕出し屋・弁当屋,弁当店,本家かまどや　花月店,910-0022,福井市花月２丁目５－１０,0776-24-4258,福井市指令生衛第22-4-428号,2/14/23,4/30/28
4103,飲食店,仕出し弁当,,本家かまどや森田店,910-0147,福井市下森田町６－７－５,0776-56-2772,福井市指令生衛第20-1-146号,7/16/20,9/30/25
4104,飲食店,旅館,,本格インド料理ＡＳＨＩＲＷＡＤ　福井片町店,910-0023,福井市順化１丁目１６－７アパホテル１Ｆ,0776-63-6234,福井市指令生衛第20-1-421号,2/24/21,3/31/26
4105,飲食店営業,一般食堂・レストラン等,中華料理店,本店　栄龍,918-8236,福井市和田中３丁目２０９,0776-25-5251,福井市指令生衛第23-4-8号,5/11/23,7/31/29
4106,飲食店営業,一般食堂・レストラン等,飲食業,本道坊,910-0138,福井市東森田４丁目７２６－１,0776-97-8623,福井市指令生衛第22-3-354号,3/10/23,9/30/28
4107,飲食店営業,その他,麻雀店,麻雀　ビーバ,910-0851,福井市米松１丁目１５－２２,0776-53-5995,福井市指令生衛第24-4-22号,5/27/24,7/31/29
4108,飲食店,軽食,,麻雀さかえ　福井店,910-0006,福井市中央１丁目２１－３１スズ殖産ビル２Ｆ,0776-26-6418,福井市指令生衛第19-1-511号,3/23/20,11/30/25
4109,魚介類販売業,魚介類販売業,,桝谷商店,910-3553,福井市蒲生町２－１９－２,0776-89-2216,福井市指令生衛第23-4-132号,7/5/23,7/31/28
4110,飲食店営業,その他,ケーキ屋,抹茶庵　福井中央店,910-0006,福井市中央１丁目１９－２２スピーガビル１・２階,0776-28-0337,福井市指令生衛第22-3-243号,11/7/22,11/30/27
4111,菓子製造業,菓子製造業,,万寿屋,910-0004,福井市宝永４丁目１３－２３,0776-22-5745,福井市指令生衛第23-4-197号,9/6/23,11/30/28
4112,飲食店営業,一般食堂・レストラン等,中華料理店,万里,910-0022,福井市花月５丁目１－３８,0776-27-0198,福井市指令生衛第22-4-404号,2/14/23,4/30/28
4113,飲食店,食堂,,万両,910-0843,福井市西開発１丁目２４０４,0776-54-1549,福井市指令生衛第19-1-455号,2/18/20,12/31/25
4114,飲食店営業,その他,居酒屋,満月,910-0005,福井市大手２丁目１８－１８,,福井市指令生衛第24-3-378号,2/14/25,11/30/30
4115,飲食店営業,その他,和食居酒屋,味ごよみ　晴天,918-8239,福井市成和２丁目１１１３－２,0776-28-1184,福井市指令生衛第23-4-27号,5/17/23,7/31/28
4116,飲食店営業,その他,居酒屋,味とら,910-0005,福井市大手２丁目５－５辻ビル　１Ｆ,0776-22-5639,福井市指令生衛第21-4-340号,9/29/21,11/30/26
4117,飲食店営業,その他,居酒屋,味の王様,910-0005,福井市大手２丁目５－５辻ビル１Ｆ,0776-23-6831,福井市指令生衛第21-3-319号,3/25/22,11/30/27
4118,飲食店,社交飲食,,味の清八,910-0006,福井市中央３丁目２－１ＣＤＩビル１Ｆ,0776-28-0322,福井市指令生衛第19-1-382号,12/18/19,11/30/25
4119,飲食店営業,その他,居酒屋,味劇場　松田屋,910-0859,福井市日之出１丁目１７－２２,0776-22-4715,福井市指令生衛第22-4-29号,6/8/22,7/31/27
4120,飲食店営業,その他,おでん屋,味処　おたん,910-0006,福井市中央１丁目２－１ハピリン１Ｆ,0776-28-2502,福井市指令生衛第21-4-397号,10/12/21,11/30/26
4121,飲食店営業,その他,居酒屋,味処　源太,910-0023,福井市順化２丁目２１－１８,0776-21-5539,福井市指令生衛第21-4-733号,3/2/22,4/30/27
4122,飲食店営業,一般食堂・レストラン等,和食店,味真乃,910-0023,福井市順化１丁目１６－８吉田ビル１Ｆ,0776-28-6806,福井市指令生衛第21-4-659号,1/25/22,3/31/27
4123,飲食店,社交飲食,,未知,910-0023,福井市順化２丁目７―１８三栄ビル４Ｆ,,福井市指令生衛第20-2-947号,3/24/21,4/30/26
4124,飲食店,軽食,,湊和,910-0026,福井市光陽１丁目４―１５,0776-23-1195,福井市指令生衛第20-2-727号,1/21/21,2/28/26
4125,飲食店,旅館,,民宿　よねや,910-3553,福井市蒲生町１１―６,0776-89-2266,福井市指令生衛第20-2-138号,6/26/20,7/31/25
4126,飲食店営業,一般食堂・レストラン等,そば屋,夢のろし　そば茶屋甚右衛門,910-0005,福井市大手２丁目６－５福井プラザホテル１Ｆ,0776-28-5505,福井市指令生衛第23-4-231号,10/4/23,11/30/29
4127,飲食店営業,一般食堂・レストラン等,ラーメン屋,夢を語れ福井,910-0028,福井市学園３丁目４－１５うめだビル１０２,,福井市指令生衛第21-3-156号,11/1/21,2/28/27
4128,飲食店営業,その他,スナック,夢花,918-8007,福井市足羽２丁目１２－１１階,0776-36-0575,福井市指令生衛第23-4-143号,8/10/23,10/31/28
4129,飲食店営業,その他,カフェ,無碍山房　福井,918-8007,福井市足羽１丁目８－１６,0776-43-3306,福井市指令生衛第24-3-343号,12/23/24,10/31/30
4130,飲食店営業,一般食堂・レストラン等,ラーメン屋,牟岐縄屋,910-0001,福井市大願寺２丁目８－８山口伊三郎家具　１階,,福井市指令生衛第23-4-362号,12/6/23,1/31/29
4131,飲食店営業,一般食堂・レストラン等,鶏料理店,名古屋コーチンの翠翔　福井駅前店,910-0005,福井市大手２丁目５－１０,0776-27-2008,福井市指令生衛第22-4-194号,9/29/22,11/30/27
4132,魚介類販売業,一般,,名産工房旬有限会社,918-8047,福井市久喜津町７３―１１,0776-33-6038,福井市指令生衛第19-2-911号,2/26/20,5/31/25
4133,そうざい製造業,一般,,名産工房旬有限会社,918-8047,福井市久喜津町７３―１１,0776-33-6038,福井市指令生衛第19-2-910号,2/26/20,5/31/25
4134,飲食店,仕出し弁当,,名産工房旬有限会社,918-8047,福井市久喜津町７３―１１,0776-33-6038,福井市指令生衛第19-1-446号,2/26/20,5/31/25
4135,飲食店営業,一般食堂・レストラン等,焼肉店,明月館,910-0002,福井市町屋２丁目１１－１９,0776-23-8210,福井市指令生衛第21-4-576号,12/9/21,1/31/27
4136,飲食店営業,その他,カフェ,明城ファーム　西武福井店,910-8582,福井市中央１丁目８－１西武福井店　屋上,,福井市指令生衛第22-3-347号,2/17/23,11/30/28
4137,漬物製造業,漬物製造業,,明乃鶴酒館加工所,910-3111,福井市島山梨子町２０－１０,0776-59-2525,福井市指令生衛第22-4-105号,6/15/22,7/31/27
4138,飲食店営業,一般食堂・レストラン等,ラーメン店,麺の道　ナナちゃん,910-0034,福井市菅谷２丁目７－１０菅谷ビル　１０１,,福井市指令生衛第22-3-352号,3/14/23,2/28/29
4139,飲食店営業,一般食堂・レストラン等,ラーメン屋,麺の坊　もり伝,910-0028,福井市学園２丁目１－２０境ビル１０３,,福井市指令生衛第24-4-394号,2/27/25,2/28/30
4140,飲食店営業,一般食堂・レストラン等,まぜそば屋,麺屋　はなび　福井店,910-0836,福井市大和田２丁目１２３０アピタ大和田　１Ｆ,,福井市指令生衛第24-3-225号,9/19/24,12/31/29
4141,飲食店営業,一般食堂・レストラン等,ラーメン店,麺屋　輝之介,910-0034,福井市菅谷２丁目１０－２２,0776-27-5423,福井市指令生衛第21-4-619号,12/10/21,2/28/27
4142,飲食店営業,その他,ラーメン屋,麺屋　暁,910-0017,福井市文京６丁目３５－１７,,福井市指令生衛第22-3-139号,8/25/22,1/31/28
4143,飲食店営業,その他,ラーメン屋,麺屋　鶏っぷ　ログハウス店,918-8239,福井市成和１丁目２４０２,,福井市指令生衛第22-3-298号,12/22/22,7/31/28
4144,飲食店営業,一般食堂・レストラン等,ラーメン屋,麺屋　源,910-0843,福井市西開発１丁目１８０１,0776-76-5201,福井市指令生衛第24-4-252号,10/29/24,12/31/29
4145,飲食店営業,一般食堂・レストラン等,うどん屋,麺家　まるきん,910-0836,福井市大和田２丁目１２１２エルパ１Ｆ,0776-57-2525,福井市指令生衛第24-4-234号,11/19/24,12/31/29
4146,麺類製造業,麺類製造業,,麺工房　あみだそば,910-0843,福井市西開発１丁目２９０８,,福井市指令生衛第21-3-216号,12/20/21,12/31/26
4147,飲食店営業,一般食堂・レストラン等,ラーメン屋,麺匠　麦之助,910-0067,福井市新田塚１丁目７０－２８,0776-89-1501,福井市指令生衛第21-4-512号,11/17/21,1/31/27
4148,麺類製造業,麺類製造業,,麺匠　麦之助,910-0067,福井市新田塚１丁目７０－２８,0776-89-1501,福井市指令生衛第23-3-173号,12/7/23,1/31/30
4149,飲食店営業,その他,カフェ,毛矢珈琲,918-8003,福井市毛矢３丁目２－１１,,福井市指令生衛第22-3-13号,4/20/22,10/31/27
4150,酒類製造業,酒類製造業,,毛利酒造,910-2165,福井市東郷二ケ町３６―２９,0776-41-0020,福井市指令生衛第21-4-133号,7/15/21,8/31/26
4151,飲食店営業,一般食堂・レストラン等,そば屋,木の芽屋,918-8053,福井市小山谷町３３－４－１４,0776-35-2607,福井市指令生衛第22-3-289号,12/26/22,10/31/28
4152,飲食店営業,一般食堂・レストラン等,和食店,木屋町,910-0023,福井市順化１丁目１５－４リトルプラザビル１Ｆ,0776-25-6366,福井市指令生衛第22-4-365号,1/10/23,3/31/28
4153,菓子製造業,菓子製造業,,木下七福堂,910-0134,福井市上野本町４丁目２００８,0776-63-6354,福井市指令生衛第22-4-127号,7/12/22,9/30/27
4154,飲食店,社交飲食,,木暮,910-0023,福井市順化１丁目１７―２８ジョイフル片町１Ｆ,0776-21-8989,福井市指令生衛第20-2-881号,2/17/21,3/31/26
4155,飲食店営業,その他,喫茶店,木綿,910-0843,福井市西開発１丁目２３０５,,福井市指令生衛第23-4-239号,10/12/23,12/31/28
4156,飲食店営業,一般食堂・レストラン等,居酒屋,目利きの銀次,910-0005,福井市大手２丁目６－１大手ビル　１階,0776-21-1288,福井市指令生衛第23-4-206号,9/28/23,11/30/28
4157,菓子製造業,一般,,餅の田中屋　アピタ福井大和田店,910-0836,福井市大和田２丁目１２３０アピタ福井大和田店　１Ｆ,0776-57-2168,福井市指令生衛第20-1-493号,4/14/21,12/31/26
4158,菓子製造業,一般,,餅の田中屋　御幸本店,910-0856,福井市勝見３丁目１７－６,0776-25-2468,福井市指令生衛第20-1-491号,4/14/21,7/31/26
4159,アイスクリーム類製造業,一般,,餅の田中屋　御幸本店,910-0856,福井市勝見３丁目１７－６,0776-25-2468,福井市指令生衛第20-1-492号,4/14/21,7/31/26
4160,飲食店営業,一般食堂・レストラン等,和食店,紋や,910-0006,福井市中央３丁目４－６,0776-23-0040,福井市指令生衛第24-4-205号,10/15/24,11/30/29
4161,飲食店営業,その他,スナック,夜来香,910-0023,福井市順化１丁目１８－８開明ビル１Ｆ－１０７,0776-21-6527,福井市指令生衛第23-4-443号,1/11/24,3/31/29
4162,魚介類販売業,一般,,野坂鮮魚店,910-0125,福井市石盛２丁目２００５,0776-56-0182,福井市指令生衛第20-1-412号,2/12/21,9/30/26
4163,飲食店,仕出し弁当,,野坂鮮魚店,910-0125,福井市石盛２丁目２００５,0776-56-0182,福井市指令生衛第20-1-413号,2/12/21,9/30/26
4164,飲食店,すし,,野平寿司,918-8182,福井市浅水二日町１２０―７,0776-38-2345,福井市指令生衛第20-2-418号,9/17/20,10/31/25
4165,飲食店営業,その他,居酒屋,弥吉　駅前本店,910-0005,福井市大手２丁目６－１４,0776-21-3345,福井市指令生衛第22-4-187号,9/29/22,11/30/27
4166,飲食店営業,その他,居酒屋,弥吉　大和田店,910-0836,福井市大和田２丁目５０８,0776-57-0880,福井市指令生衛第24-4-212号,10/24/24,12/31/29
4167,飲食店営業,一般食堂・レストラン等,和食店,矢車,910-0855,福井市西方２丁目１－１,0776-23-3893,福井市指令生衛第22-4-59号,6/2/22,7/31/27
4168,魚介類販売業,魚介類販売業,,柳月亭,910-0023,福井市順化２丁目６－１４,0776-21-8820,福井市指令生衛第22-3-318号,1/17/23,4/30/28
4169,そうざい製造業,そうざい製造業,,柳月亭,910-0023,福井市順化２丁目６－１４,0776-21-8820,福井市指令生衛第23-3-235号,10/31/23,4/30/29
4170,飲食店営業,その他,日本料理,柳月亭,910-0023,福井市順化２丁目６－１４,0776-21-8820,福井市指令生衛第23-4-572号,4/9/24,4/30/29
4171,飲食店営業,その他,スナック,佑香,910-0023,福井市順化２丁目６－１８泉谷ビル　３Ｆ,0776-27-6782,福井市指令生衛第24-4-1号,4/18/24,4/30/29
4172,飲食店営業,一般食堂・レストラン等,和食店,勇蔵,918-8067,福井市飯塚町９－１０２ナカニホンビル店舗１,,福井市指令生衛第21-3-311号,3/18/22,5/31/27
4173,飲食店営業,その他,喫茶店,悠珈琲店,910-0017,福井市文京７丁目９－２６,0776-24-1500,福井市指令生衛第21-4-602号,12/22/21,1/31/27
4174,飲食店,そうざい,,有限会社　くりなみ,910-0017,福井市文京２丁目４－１４,0776-23-4167,福井市指令生衛第19-2-700号,12/19/19,2/28/26
4175,魚介類販売業,一般,,有限会社　くりなみ,910-0017,福井市文京２丁目４－１４,0776-23-4167,福井市指令生衛第19-2-701号,12/19/19,2/28/26
4176,飲食店営業,その他,カフェ,有限会社　ホリエアルミ,910-0142,福井市上森田２丁目３１６,0776-56-0916,福井市指令生衛第23-3-302号,1/19/24,9/30/29
4177,漬物製造業,漬物製造業,,有限会社　丸喜商店,910-0837,福井市高柳１丁目１７０４,0776-53-0861,福井市指令生衛第23-4-448号,1/24/24,12/31/30
4178,そうざい製造業,そうざい製造業,,有限会社　丸喜商店,910-0837,福井市高柳１丁目１７０４,0776-53-0861,福井市指令生衛第24-4-223号,10/29/24,12/31/30
4179,飲食店営業,一般食堂・レストラン等,和食店,有限会社うな信,918-8003,福井市毛矢１丁目７－２２,0776-35-2220,福井市指令生衛第22-4-160号,9/13/22,10/31/27
4180,飲食店営業,その他,菓子店,有限会社えがわ,910-0024,福井市照手３丁目６－１４えがわ１Ｆ,0776-22-4952,福井市指令生衛第21-3-41号,7/5/21,4/30/27
4181,菓子製造業,菓子製造業,,有限会社えがわ,910-0024,福井市照手３丁目６－１４えがわ１Ｆ,0776-22-4952,福井市指令生衛第21-4-727号,2/22/22,4/30/27
4182,菓子製造業,菓子製造業,,有限会社えがわ,910-0024,福井市照手３丁目６－１８,0776-22-4952,福井市指令生衛第24-4-425号,2/20/25,4/30/30
4183,菓子製造業,菓子製造業,,有限会社エッチジェイケイ,910-2332,福井市野波町３７－１２,0776-90-3433,福井市指令生衛第22-4-381号,2/28/23,8/31/28
4184,みそ又はしょうゆ製造業,みそ又はしょうゆ製造業,,有限会社コスモファミリー,910-0827,福井市藤島町３７－８－１,0776-58-3677,福井市指令生衛第22-4-255号,10/27/22,12/31/27
4185,そうざい製造業,そうざい製造業,,有限会社コスモファミリー,910-0827,福井市藤島町３７－８－１,0776-58-3677,福井市指令生衛第23-4-306号,10/23/23,12/31/28
4186,密封包装食品製造業,密封包装食品製造業,,有限会社コスモファミリー,910-0827,福井市藤島町３７－８－１,0776-58-3677,福井市指令生衛第23-4-307号,10/23/23,12/31/28
4187,漬物製造業,漬物製造業,,有限会社コスモファミリー,910-0827,福井市藤島町３７－８－１,0776-58-3677,福井市指令生衛第23-4-308号,10/23/23,12/31/28
4188,ソース類製造業,一般,,有限会社ザ・デリケン　さくら工場,919-0305,福井市徳光町３０－１７－１,0776-41-0596,福井市指令生衛第20-2-208号,7/16/20,8/31/26
4189,乳製品製造業,一般,,有限会社ザ・デリケン　さくら工場,919-0305,福井市徳光町３０－１７－１,0776-41-0596,福井市指令生衛第19-1-426号,1/29/20,8/31/26
4190,そうざい製造業,そうざい製造業,,有限会社ザ・デリケン　さくら工場,919-0305,福井市徳光町３０－１７－１,0776-41-0596,福井市指令生衛第21-4-137号,7/1/21,8/31/27
4191,冷凍食品製造業,冷凍食品製造業,,有限会社ザ・デリケン　さくら工場,919-0305,福井市徳光町３０－１７－１,0776-41-0596,福井市指令生衛第21-4-138号,7/1/21,8/31/27
4192,密封包装食品製造業,密封包装食品製造業,,有限会社ザ・デリケン　さくら工場,919-0305,福井市徳光町３０－１７－１,0776-41-0596,福井市指令生衛第23-4-13号,5/18/23,8/31/29
4193,麺類製造業,麺類製造業,,有限会社さのや　片町店,910-0023,福井市順化２丁目１２－１９　1Ｆ,0776-22-3492,福井市指令生衛第24-4-406号,1/23/25,4/30/30
4194,飲食店営業,一般食堂・レストラン等,そば屋,有限会社さのや　片町店,910-0023,福井市順化２丁目１２－１９　1Ｆ,0776-22-3492,福井市指令生衛第24-4-407号,1/23/25,4/30/30
4195,そうざい製造業,そうざい製造業,,有限会社スターフーズ　福井工場,910-0836,福井市大和田１丁目１０１福井市中央卸売市場内　水産加工場,0776-52-7607,福井市指令生衛第24-4-238号,12/6/24,12/31/29
4196,冷凍食品製造業,冷凍食品製造業,,有限会社スターフーズ　福井工場,910-0836,福井市大和田１丁目１０１福井市中央卸売市場内　水産加工場,0776-52-7607,福井市指令生衛第24-4-239号,12/6/24,12/31/29
4197,菓子製造業,菓子製造業,,有限会社ノリパパ開発店,910-0842,福井市開発２丁目１０５ガーデンスクエア　１０６,0776-57-0923,福井市指令生衛第24-4-268号,10/31/24,12/31/29
4198,食肉販売業,食肉販売業,,有限会社はまや,918-8005,福井市みのり３丁目２１－１２,0776-34-1129,福井市指令生衛第21-4-233号,8/3/21,10/31/27
4199,そうざい製造業,そうざい製造業,,有限会社はまや,918-8005,福井市みのり３丁目２１－１２,0776-34-1129,福井市指令生衛第23-4-149号,8/10/23,10/31/28
4200,水産製品製造業,水産製品製造業,,有限会社ふせ金,918-8003,福井市毛矢３丁目７－９,0776-35-0447,福井市指令生衛第24-4-56号,5/9/24,10/31/29
4201,飲食店営業,その他,飲食店,有限会社ふせ金,918-8003,福井市毛矢３丁目７－９,0776-35-0447,福井市指令生衛第24-4-168号,7/30/24,10/31/29
4202,飲食店,仕出し弁当,,有限会社ベーカリーマルキ,910-0017,福井市文京２丁目７―１６,0776-22-5316,福井市指令生衛第19-2-707号,12/19/19,2/28/26
4203,菓子製造業,一般,,有限会社ベーカリーマルキ,910-0017,福井市文京２丁目７―１６,0776-22-5316,福井市指令生衛第19-2-706号,12/19/19,2/28/26
4204,飲食店営業,仕出し屋・弁当屋,弁当店,有限会社ポップコーポレーション,910-0022,福井市花月３丁目１３－１３,0776-22-2010,福井市指令生衛第21-4-729号,2/22/22,4/30/28
4205,菓子製造業,菓子製造業,,有限会社ポップコーポレーション,910-0022,福井市花月３丁目１３－１３,0776-22-2010,福井市指令生衛第21-4-730号,2/22/22,4/30/28
4206,飲食店営業,その他,洋菓子店,有限会社ぼのぼの,918-8205,福井市北四ツ居２丁目１４－７,0776-53-8337,福井市指令生衛第22-4-73号,6/1/22,7/31/27
4207,菓子製造業,菓子製造業,,有限会社ぼのぼの,918-8205,福井市北四ツ居２丁目１４－７,0776-53-8337,福井市指令生衛第24-4-36号,5/23/24,7/31/29
4208,菓子製造業,一般,,有限会社ポレポレベーカリー,918-8015,福井市花堂南１丁目３―６,0776-35-6746,福井市指令生衛第20-2-385号,9/17/20,10/31/25
4209,飲食店,仕出し弁当,,有限会社ポレポレベーカリー,918-8015,福井市花堂南１丁目３―６,0776-35-6746,福井市指令生衛第20-2-384号,9/17/20,10/31/25
4210,豆腐製造業,豆腐製造業,,有限会社ゆば善,910-0121,福井市定正町１００２―１,0776-56-2770,福井市指令生衛第21-4-218号,7/29/21,9/30/26
4211,飲食店営業,一般食堂・レストラン等,マレーシア料理店,有限会社ラサ　サヤン,910-0014,福井市幾久町７－２１竹沢ビル１Ｆ南側,0776-27-7478,福井市指令生衛第22-4-309号,11/24/22,1/31/28
4212,飲食店営業,一般食堂・レストラン等,洋食店,有限会社亜米利館,910-0023,福井市順化１丁目１４－１３亜米利館ビル１Ｆ,0776-26-6320,福井市指令生衛第21-4-635号,1/19/22,3/31/27
4213,飲食店営業,旅館,旅館業,有限会社一丁来,910-3556,福井市赤坂町湾の上１－１,0776-89-2100,福井市指令生衛第23-4-135号,7/5/23,7/31/28
4214,菓子製造業,菓子製造業,,有限会社吟和製菓　二の宮工場,910-0015,福井市二の宮５丁目１３－４,0776-22-5800,福井市指令生衛第22-4-282号,11/15/22,1/31/28
4215,魚介類販売業,魚介類販売業,,有限会社公楽商店,918-8057,福井市加茂河原１丁目９－１０,0776-35-4723,福井市指令生衛第21-3-339号,4/6/22,5/31/28
4216,そうざい製造業,そうざい製造業,,有限会社公楽商店,918-8057,福井市加茂河原１丁目９－１０,0776-35-4723,福井市指令生衛第21-4-817号,4/6/22,5/31/28
4217,食肉販売業,食肉販売業,,有限会社公楽商店,918-8057,福井市加茂河原１丁目９－１０,0776-35-4723,福井市指令生衛第21-4-818号,4/6/22,5/31/28
4218,冷凍食品製造業,冷凍食品製造業,,有限会社公楽商店,918-8057,福井市加茂河原１丁目９－１０,0776-35-4723,福井市指令生衛第21-4-819号,4/6/22,5/31/28
4219,菓子製造業,菓子製造業,,有限会社香月,910-0023,福井市順化２丁目２６－２１,0776-22-5415,福井市指令生衛第23-4-516号,2/15/24,4/30/29
4220,飲食店営業,その他,精肉店,有限会社今尾精肉本店,910-0018,福井市田原２丁目１８－７,0776-23-2388,福井市指令生衛第23-4-361号,11/28/23,2/28/30
4221,食肉販売業,食肉販売業,,有限会社今尾精肉本店,910-0018,福井市田原２丁目１８－７,0776-23-2388,福井市指令生衛第24-4-312号,12/10/24,2/28/30
4222,飲食店営業,その他,喫茶店,有限会社酒井寶飾　良幸,910-0015,福井市二の宮２丁目２８－３,0776-24-4757,福井市指令生衛第24-4-334号,12/13/24,1/31/30
4223,麺類製造業,麺類製造業,,有限会社斉藤製粉所,919-0321,福井市下河北町１１－３－２３階,0776-38-3158,福井市指令生衛第23-3-354号,2/9/24,8/31/29
4224,飲食店営業,その他,ファーストフード,有限会社石田商店　さくら茶屋　ワイプラザ新保店,910-0838,福井市新保北１丁目３０３ワイプラザ内,0776-52-1210,福井市指令生衛第21-4-418号,10/27/21,12/31/26
4225,そうざい製造業,そうざい製造業,,有限会社足羽パーク,918-8007,福井市足羽４丁目５－１６,0776-36-2206,福井市指令生衛第23-4-196号,9/21/23,10/31/28
4226,飲食店営業,その他,肉屋,有限会社内田精肉店,910-0858,福井市手寄１丁目１９―１８,0776-22-5458,福井市指令生衛第21-4-119号,6/9/21,7/31/26
4227,食肉販売業,食肉販売業,,有限会社内田精肉店,910-0858,福井市手寄１丁目１９―１８,0776-22-5458,福井市指令生衛第21-4-120号,6/9/21,7/31/26
4228,菓子製造業,菓子製造業,,有限会社飛島屋,910-0854,福井市御幸３丁目１６―３５,0776-22-3550,福井市指令生衛第21-4-197号,7/14/21,7/31/26
4229,水産製品製造業,水産製品製造業,,有限会社浜本水産,910-3552,福井市茱崎町３８－１１－４,0776-89-2055,福井市指令生衛第21-4-192号,7/8/21,7/31/26
4230,飲食店営業,その他,喫茶,有限会社福井住宅総合展示場　松栄ホーム,910-2147,福井市成願寺町１０－１７,0776-41-0066,福井市指令生衛第23-3-188号,10/5/23,7/31/29
4231,菓子製造業,菓子製造業,,有限会社北陸菓糧,910-0804,福井市高木中央１丁目１２０２,0776-54-0099,福井市指令生衛第21-4-437号,11/17/21,12/31/26
4232,飲食店営業,一般食堂・レストラン等,レストラン,夕炊屋　ｆｕｄｏ,910-0023,福井市順化２丁目７－１２魚町市座１Ｆ,,福井市指令生衛第23-3-410号,3/12/24,4/30/29
4233,菓子製造業,菓子製造業,,余白　おやつや,910-0108,福井市山室町５４－５０－１,,福井市指令生衛第22-3-286号,12/19/22,9/30/29
4234,飲食店営業,その他,居酒屋,与門,918-8206,福井市北四ツ居町１４－１７－１,0776-54-2253,福井市指令生衛第23-4-36号,6/6/23,7/31/28
4235,菓子製造業,菓子製造業,,洋菓子　ハシモト,918-8001,福井市つくも２丁目１６―４,0776-36-6002,福井市指令生衛第21-4-239号,8/25/21,10/31/26
4236,アイスクリーム類製造業,アイスクリーム類製造業,,洋菓子　ハシモト,918-8001,福井市つくも２丁目１６―４,0776-36-6002,福井市指令生衛第21-4-240号,8/25/21,10/31/26
4237,菓子製造業,一般,,洋菓子工房　フェリシテ,910-0017,福井市文京１丁目３－２２,,福井市指令生衛第20-1-277号,10/21/20,1/31/26
4238,飲食店,食堂,,洋食屋　クローバー,910-0132,福井市河合寄安町１６１１－１　１Ｆ,,福井市指令生衛第19-1-516号,4/15/20,9/30/25
4239,飲食店営業,一般食堂・レストラン等,洋食屋,洋食居酒屋クオーレ,910-0023,福井市順化１丁目１４－５ＢＫビル２階,,福井市指令生衛第24-3-98号,5/28/24,3/31/30
4240,そうざい製造業,そうざい製造業,,洋食居酒屋クオーレ,910-0023,福井市順化１丁目１４－５ＢＫビル２階,,福井市指令生衛第24-3-99号,5/28/24,3/31/30
4241,菓子製造業,菓子製造業,,洋食居酒屋クオーレ,910-0023,福井市順化１丁目１４－５ＢＫビル２階,,福井市指令生衛第24-3-100号,5/28/24,3/31/30
4242,飲食店営業,一般食堂・レストラン等,レストラン,洋食堂,910-0023,福井市順化１丁目１９－１５片町ロフトビル１階　Ｃ号室,,福井市指令生衛第23-3-211号,10/16/23,3/31/29
4243,飲食店営業,一般食堂・レストラン等,焼肉店,来味,910-0004,福井市宝永１丁目３７－２０,0776-27-0833,福井市指令生衛第22-4-214号,10/6/22,11/30/27
4244,飲食店営業,一般食堂・レストラン等,中華料理店,来々軒,918-8001,福井市つくも２丁目１－２２,0776-36-8200,福井市指令生衛第21-4-300号,9/8/21,10/31/27
4245,そうざい製造業,そうざい製造業,,来々軒,918-8001,福井市つくも２丁目１－２２,0776-36-8200,福井市指令生衛第21-3-164号,10/14/21,10/31/27
4246,飲食店営業,一般食堂・レストラン等,ラーメン店,来来亭　福井四ツ居店,910-0851,福井市米松１丁目１６２７,0776-54-7319,福井市指令生衛第24-4-24号,5/7/24,7/31/29
4247,飲食店,食堂,,里味,910-0121,福井市定正町1219,0776-56-3550,福井市指令生衛第20-2-334号,8/26/20,9/30/25
4248,飲食店営業,その他,スナック・バー,離宮,910-0023,福井市順化１丁目１７－２８ジョイフル片町４階Ａ号,,福井市指令生衛第22-3-9号,4/15/22,3/31/28
4249,飲食店営業,一般食堂・レストラン等,寿司,立喰いすし　さくだ屋,910-0836,福井市大和田１丁目１０１福井中央卸市場内,0776-89-1143,福井市指令生衛第24-3-358号,2/7/25,12/31/30
4250,そうざい製造業,そうざい製造業,,立力,910-0804,福井市高木中央３丁目３０４,0776-54-6788,福井市指令生衛第22-4-278号,11/15/22,12/31/28
4251,菓子製造業,菓子製造業,,隆興食館,918-8005,福井市みのり３丁目１２－９,0776-50-1700,福井市指令生衛第24-3-42号,4/26/24,10/31/30
4252,そうざい製造業,そうざい製造業,,隆興食館,918-8005,福井市みのり３丁目１２－９,0776-50-1700,福井市指令生衛第24-3-43号,4/26/24,10/31/30
4253,飲食店営業,その他,居酒屋,竜の髭,910-0005,福井市大手３丁目１２－１２川下ビル１Ｆ,0776-28-5346,福井市指令生衛第22-4-196号,9/29/22,11/30/27
4254,飲食店営業,旅館,旅館,旅館　海,910-3553,福井市蒲生町１５－４－１,0776-89-2221,福井市指令生衛第23-4-133号,7/5/23,7/31/28
4255,飲食店,仕出し弁当,,料理・仕出し　よしだ,910-0024,福井市照手１丁目１４－４,0776-24-2342,福井市指令生衛第20-1-400号,1/29/21,4/30/26
4256,魚介類販売業,一般,,料理・仕出し　よしだ,910-0024,福井市照手１丁目１４－４,0776-24-2342,福井市指令生衛第20-1-401号,1/29/21,4/30/26
4257,飲食店営業,一般食堂・レストラン等,和・伊居酒屋,料理と酒　栄次,918-8027,福井市福２丁目６０４,0776-65-9996,福井市指令生衛第21-4-30号,6/1/21,5/31/27
4258,飲食店営業,その他,和食店,料理屋　みや﨑,910-0023,福井市順化１丁目１２－４福ビル１階,0776-26-0565,福井市指令生衛第23-4-454号,1/17/24,3/31/29
4259,飲食店営業,その他,居酒屋,料理屋　猫,918-8112,福井市下馬３丁目１０４,,福井市指令生衛第22-3-282号,2/3/23,10/31/28
4260,飲食店営業,その他,スナック,良玄,910-0023,福井市順化２丁目１２－１８片町フォーカスビル２Ｆ　２０１,,福井市指令生衛第22-4-414号,2/1/23,4/30/28
4261,酒類製造業,酒類製造業,,力泉酒造,910-3111,福井市島山梨子町２０－１０,0776-59-1046,福井市指令生衛第23-4-182号,7/28/23,7/31/28
4262,飲食店営業,その他,茶屋,林屋,910-0006,福井市中央３丁目３－２６,0776-24-1316,福井市指令生衛第23-4-204号,9/14/23,11/30/28
4263,魚介類販売業,魚介類販売業,,林鮮魚店,910-0846,福井市四ツ井１丁目１－２９,0776-54-0765,福井市指令生衛第24-4-37号,5/1/24,7/31/29
4264,アイスクリーム類製造業,一般,,林餅店,918-8004,福井市西木田３丁目４―１６,0776-35-3576,福井市指令生衛第20-2-414号,9/17/20,10/31/25
4265,菓子製造業,菓子製造業,,林餅店,918-8004,福井市西木田３丁目４―１６,0776-35-3576,福井市指令生衛第21-4-279号,8/25/21,10/31/25
4266,飲食店営業,その他,喫茶店,瑠美,910-0026,福井市光陽３丁目９－１６,0776-23-1603,福井市指令生衛第23-4-339号,11/30/23,2/28/29
4267,飲食店,軽食,,瑠芙蘭,918-8011,福井市月見２丁目２―１４,0776-35-1512,福井市指令生衛第20-2-394号,9/17/20,10/31/25
4268,飲食店営業,その他,カフェ,歴博茶房　ときめぐる、カフェー。,910-0016,福井市大宮２丁目１９－１５福井県立歴史博物館内,0776-22-0014,福井市指令生衛第24-4-336号,2/27/25,2/28/30
4269,飲食店営業,その他,ワインバー,煉瓦館,910-0023,福井市順化１丁目１２－１２シャングリラビル　３Ｆ,0776-27-2252,福井市指令生衛第23-4-398号,3/11/24,3/31/29
4270,飲食店営業,その他,居酒屋、テイクアウト（たこ焼き）,蓮屋商店,910-0034,福井市菅谷１丁目１－１５サンクレール玉川Ｅ１Ｆ,,福井市指令生衛第23-4-467号,1/22/24,2/28/29
4271,飲食店,社交飲食,,浪花一丁,910-0147,福井市下森田町６－７－５,0776-56-2788,福井市指令生衛第20-1-147号,7/16/20,9/30/25
4272,菓子製造業,菓子製造業,,蝋金餅店,918-8002,福井市左内町９－２７,0776-35-3041,福井市指令生衛第21-3-82号,9/9/21,10/31/26
4273,飲食店営業,その他,居酒屋,六本弦,910-0023,福井市順化１丁目１０－９ドリームタウンビル１Ｆ１０２,,福井市指令生衛第22-3-272号,12/2/22,3/31/28
4274,飲食店営業,その他,喫茶,和,918-8225,福井市宮地町５９－４－１,0776-52-3232,福井市指令生衛第24-4-38号,5/29/24,7/31/29
4275,飲食店営業,一般食堂・レストラン等,寿司居酒屋,和ｋｉｔｃｈｅｎしのぶ,918-8026,福井市渕３丁目５０１,0776-36-0687,福井市指令生衛第21-4-781号,3/15/22,5/31/27
4276,飲食店,社交飲食,,和ｌｏｕｎｇｅ　桜人,910-0023,福井市順化２丁目１５―１９セイコービル３０３号室,0776-27-6310,福井市指令生衛第20-2-969号,3/30/21,4/30/26
4277,飲食店営業,一般食堂・レストラン等,和食店,和と酒　馬乃屋　木田店,918-8106,福井市木田町１３０６,0776-34-0608,福井市指令生衛第24-4-131号,7/23/24,10/31/29
4278,飲食店営業,その他,居酒屋,和と地中海　職人二人,910-0023,福井市順化２丁目２６－２３,0776-27-0148,福井市指令生衛第23-3-73号,6/12/23,4/30/29
4279,飲食店,社交飲食,,和の食　忠兵衛,910-0006,福井市中央３丁目３－３,,福井市指令生衛第19-1-414号,2/19/20,11/30/25
4280,飲食店営業,その他,居酒屋,和バル　谷口家,910-0003,福井市松本２丁目１２－７,,福井市指令生衛第24-3-298号,11/8/24,1/31/30
4281,飲食店,食堂,,和びさび　問屋,918-8231,福井市問屋町１丁目１６６,0776-63-6572,福井市指令生衛第20-1-40号,4/28/20,7/31/25
4282,飲食店,社交飲食,,和ぼうず,910-0023,福井市順化２丁目２０―１８小島ビル１Ｆ、２Ｆ,0776-21-8710,福井市指令生衛第20-2-982号,3/24/21,4/30/26
4283,飲食店営業,その他,居酒屋,和み亭,910-0005,福井市大手２丁目３４１１屋台村Ｃ,,福井市指令生衛第23-3-453号,3/15/24,11/30/29
4284,飲食店,社交飲食,,和よし,910-0834,福井市丸山１丁目４１３,0776-97-6763,福井市指令生衛第19-1-540号,3/30/20,12/31/25
4285,飲食店営業,一般食堂・レストラン等,和食店,和らぎ旬菜　こま吉,910-0804,福井市高木中央２丁目２６１１,0776-54-7102,福井市指令生衛第24-4-258号,11/5/24,12/31/29
4286,飲食店,社交飲食,,和楽路　元町本店,910-0006,福井市中央１丁目２１―１０,0776-26-7890,福井市指令生衛第20-2-480号,11/26/20,11/30/25
4287,飲食店,社交飲食,,和菜　おととや,910-0017,福井市文京５丁目１７―３ユージェイシービル１Ｆ,0776-29-7022,福井市指令生衛第20-2-808号,1/26/21,1/31/26
4288,飲食店,食堂,,和食　おばんざい　田　ＤＥＮ,910-0017,福井市文京３丁目１４－１明春コーポ１０７,0776-43-1864,福井市指令生衛第20-1-246号,10/2/20,2/28/26
4289,飲食店営業,旅館,和食店,和食・茶房　養浩館／しあわせべんとう一乗膳,910-0005,福井市大手２丁目４－１８フェニックスホテル１Ｆ,0776-21-1180,福井市指令生衛第23-4-216号,9/15/23,11/30/28
4290,飲食店,社交飲食,,和食ダイニング　柳庵,910-0023,福井市順化１丁目１３―１３,0776-21-8880,福井市指令生衛第20-2-855号,2/18/21,3/31/26
4291,飲食店営業,その他,居酒屋,和食と地酒　本伊勢,910-0023,福井市順化１丁目２１－５エレガンテ片町　１０３号,0776-29-2228,福井市指令生衛第24-4-372号,1/21/25,3/31/30
4292,食肉販売業,一般,,和食と鉄板料理　美くに,910-0804,福井市高木中央２丁目１７１２,0776-57-1118,福井市指令生衛第20-1-35号,4/23/20,12/31/25
4293,飲食店営業,一般食堂・レストラン等,和食,和食と鉄板料理　美くに,910-0804,福井市高木中央２丁目１７１２,0776-57-1118,福井市指令生衛第21-4-519号,11/17/21,12/31/26
4294,飲食店営業,一般食堂・レストラン等,日本料理店,和心味（ＮＡＧＯＭＩ）　たち花,910-0005,福井市大手３丁目１２－２０ホテルフジタ福井内,0776-37-3116,福井市指令生衛第24-3-244号,10/1/24,11/30/29
4295,そうざい製造業,そうざい製造業,,和心味（ＮＡＧＯＭＩ）　たち花,910-0005,福井市大手３丁目１２－２０ホテルフジタ福井内,0776-37-3116,福井市指令生衛第24-3-245号,10/1/24,11/30/29
4296,飲食店,社交飲食,,和田○商店,910-0023,福井市順化２丁目１２－１７,0776-43-9929,福井市指令生衛第21-1-16号,4/26/21,4/30/26
4297,魚介類販売業,魚介類販売業,魚屋,和田屋,918-8152,福井市今市町１－９,0776-38-1256,福井市指令生衛第21-4-245号,8/19/21,10/31/27
4298,飲食店営業,仕出し屋・弁当屋,魚屋,和田屋,918-8152,福井市今市町１－９,0776-38-1256,福井市指令生衛第21-4-244号,8/19/21,10/31/27
4299,飲食店,社交飲食,,和風　波,910-0023,福井市順化１丁目１７―１１ウエノビル３Ｆ,0776-23-0308,福井市指令生衛第20-2-873号,3/24/21,3/31/26
4300,飲食店営業,その他,珈琲屋,和珈屋,918-8027,福井市福２丁目１９１４,0776-63-5019,福井市指令生衛第22-4-463号,3/9/23,5/31/28
4301,魚介類販売業,魚介類販売業,,鷲田,918-8214,福井市東今泉町１２－９,0776-54-1478,福井市指令生衛第21-4-104号,6/23/21,7/31/26
4302,飲食店営業,仕出し屋・弁当屋,鮮魚商,鷲田,918-8214,福井市東今泉町１２－９,0776-54-1478,福井市指令生衛第24-4-39号,5/9/24,7/31/29
4303,そうざい製造業,そうざい製造業,,丼のや　福井本店,918-8112,福井市下馬３丁目１６０１,0776-33-2650,福井市指令生衛第23-3-24号,4/24/23,10/31/29
4304,飲食店営業,一般食堂・レストラン等,海鮮丼屋,丼のや　福井本店,918-8112,福井市下馬３丁目１６０１,0776-33-2650,福井市指令生衛第23-3-3号,4/24/23,10/31/29
4305,飲食店営業,一般食堂・レストラン等,食堂,丼々屋,910-0034,福井市菅谷１丁目１－１５サンクレール玉川　１１０号,0776-25-0762,福井市指令生衛第24-4-338号,1/9/25,2/28/30
4306,水産製品製造業,水産製品製造業,,壽丸水産,910-3552,福井市茱崎町１３－１０５－６,,福井市指令生衛第23-4-129号,7/27/23,7/31/28
4307,飲食店営業,一般食堂・レストラン等,ラーメン屋,拉麺家とんとん,910-0023,福井市順化２丁目２１－１２ウェルティ片町１８号,0776-43-1026,福井市指令生衛第24-4-444号,2/13/25,4/30/30
4308,飲食店,食堂,,枩田商店,910-3553,福井市蒲生町１６―７―１,,福井市指令生衛第20-2-140号,7/8/20,7/31/25
4309,密封包装食品製造業,密封包装食品製造業,,棗の里農産,910-3146,福井市小幡町４－３９,0776-85-7785,福井市指令生衛第23-4-108号,6/14/23,7/31/29
4310,飲食店営業,その他,喫茶店,焙煎所　髙木,910-0018,福井市田原２丁目２５－２５田原コーポラス１０２,,福井市指令生衛第23-3-141号,7/31/23,2/28/29
4311,菓子製造業,一般,,燻鮎,910-0023,福井市順化１丁目２－１２メトロ会館西側１階,0776-23-4343,福井市指令生衛第19-1-537号,3/30/20,3/31/25
4312,飲食店営業,その他,居酒屋,燻鮎,910-0023,福井市順化１丁目２－１２メトロ会館西側１階,0776-23-4343,福井市指令生衛第24-4-393号,2/6/25,3/31/30
4313,飲食店営業,一般食堂・レストラン等,喫茶店,珈珈,910-0038,福井市三ツ屋２丁目１０５,,福井市指令生衛第21-4-610号,12/7/21,2/28/27
4314,飲食店営業,その他,喫茶,珈琲貴族,918-8005,福井市みのり３丁目１１―１５,0776-35-1220,福井市指令生衛第21-4-253号,8/12/21,10/31/26
4315,飲食店営業,その他,カフェ専門店,珈琲所,910-0023,福井市順化１丁目１２－７河合ビル１Ｆ,0776-21-4474,福井市指令生衛第21-4-663号,2/8/22,3/31/27
4316,飲食店営業,その他,カフェ,珈琲食房　はるる,918-8032,福井市南江守町６０－１９,0776-89-1135,福井市指令生衛第21-4-764号,3/9/22,5/31/27
4317,飲食店,軽食,,珈琲蔵,918-8205,福井市北四ツ居１丁目９―２９,0776-53-1636,福井市指令生衛第20-2-240号,6/26/20,7/31/25
4318,飲食店営業,その他,珈琲店,珈琲店　クローネ,910-0023,福井市順化２丁目１２－１５キヨシマビル,,福井市指令生衛第22-3-258号,11/18/22,4/30/28
4319,飲食店営業,その他,喫茶店,珈琲壺,910-0005,福井市大手２丁目３－１三の丸ビル１階Ｇ号室,,福井市指令生衛第21-4-354号,9/30/21,11/30/26
4320,飲食店営業,その他,バー,琥珀,910-0023,福井市順化１丁目１８－８開明ビル１Ｆ　１０３,0776-50-7909,福井市指令生衛第23-3-212号,10/30/23,3/31/29
4321,飲食店,食堂,,眞会浮,910-0843,福井市西開発４丁目708,0776-54-7765,福井市指令生衛第20-2-626号,12/17/20,12/31/25
4322,飲食店,社交飲食,,眞美,910-0003,福井市松本２丁目４―３１,0776-26-0797,福井市指令生衛第20-2-739号,1/27/21,1/31/26
4323,飲食店,めん類,,笏谷そば,918-8007,福井市足羽４丁目５―１０,0776-36-0476,福井市指令生衛第20-2-425号,9/17/20,10/31/25
4324,飲食店営業,その他,和食店,箒星,910-0023,福井市順化１丁目１８－１アサンテ片町　２Ｆ,0776-76-2084,福井市指令生衛第24-3-285号,10/22/24,3/31/30
4325,水産製品製造業,水産製品製造業,,糀亭,910-3111,福井市島山梨子町２０－１０,0776-59-2525,福井市指令生衛第24-4-57号,5/16/24,7/31/29
4326,飲食店,社交飲食,,耒神,918-8008,福井市有楽町６－１６,,福井市指令生衛第21-1-6号,4/19/21,10/31/26
4327,飲食店営業,旅館,旅館,萬松閣,910-0043,福井市四十谷町１２－２１,0776-59-1177,福井市指令生衛第21-4-149号,6/16/21,7/31/27
4328,清涼飲料水製造業,清涼飲料水製造業,,萬松閣,910-0043,福井市四十谷町１２―２１,0776-59-1177,福井市指令生衛第21-4-144号,6/28/21,7/31/26
4329,飲食店営業,一般食堂・レストラン等,中華料理店,餃子の王将　福井幾久店,910-0016,福井市大宮１丁目１１－２７,0776-23-0055,福井市指令生衛第23-4-363号,12/12/23,1/31/29
4330,飲食店営業,一般食堂・レストラン等,すし店,鮨　ゆうさや,910-0033,福井市三郎丸４丁目２０２サンライトビル１０２,0776-25-1119,福井市指令生衛第22-3-26号,5/9/22,2/29/28
4331,飲食店営業,一般食堂・レストラン等,寿司店,鮨　吉幸,910-0023,福井市順化２丁目１２－１ＫＴビル１Ｆ,,福井市指令生衛第24-4-411号,2/6/25,4/30/30
4332,飲食店営業,一般食堂・レストラン等,寿司店,鮨　十兵衛,910-0017,福井市文京５丁目１７－５,0776-24-3080,福井市指令生衛第23-4-356号,11/21/23,1/31/29
4333,飲食店営業,一般食堂・レストラン等,寿司屋,鮨太郎,910-0029,福井市日光２丁目２５－７吉川総業ビル,0776-22-6615,福井市指令生衛第23-4-514号,1/30/24,2/28/29
4334,飲食店営業,一般食堂・レストラン等,すし店,鮨長,910-0023,福井市順化２丁目１３－１４,0776-23-3838,福井市指令生衛第24-4-441号,2/13/25,4/30/30
4335,飲食店,仕出し弁当,,鮨飛脚,910-0017,福井市文京６丁目２４―５,0776-28-5611,福井市指令生衛第20-2-818号,12/17/20,1/31/26
4336,そうざい製造業,そうざい製造業,,麸市,918-8007,福井市足羽１丁目６－１８,0776-35-0454,福井市指令生衛第21-4-251号,8/19/21,10/31/27
4337,飲食店営業,その他,スナック,黎,910-0023,福井市順化１丁目２４－１９郡ビル　２階５号室,,福井市指令生衛第24-3-338号,2/28/25,3/31/30
4338,飲食店営業,その他,パーラー,髙井屋　松本本店,910-0003,福井市松本３丁目２１－１,0776-22-2981,福井市指令生衛第21-4-599号,1/6/22,1/31/27
4339,漬物製造業,漬物製造業,,髙嶋　喜代美,910-3603,福井市片粕町６４－１５,,福井市指令生衛第21-3-218号,2/14/22,6/30/27
4340,飲食店営業,その他,やきとり屋,吞むきんちゃん,910-0023,福井市順化２丁目１２－１５,,福井市指令生衛第21-3-310号,3/14/22,4/30/27
4341,飲食店営業,その他,焼き鳥屋,吞むきんちゃん,910-0023,福井市順化２丁目１２－１５,,福井市指令生衛第23-3-160号,10/5/23,4/30/29
4342,飲食店営業,その他,ダイニング,禱,918-8239,福井市成和１丁目３１０６ＫＥＮＪＩビル１Ｆ北,,福井市指令生衛第23-3-359号,2/7/24,7/31/29
4343,飲食店営業,一般食堂・レストラン等,ラーメン屋,麵匠麦之助,910-0006,福井市中央１丁目３－５ＦＵＫＵＭＡＣＨＩ　ＢＬＯＣＫ　１Ｆ　ＭＩＮＩＥ　ＦＨ２３,0776-37-3507,福井市指令生衛第23-3-329号,2/26/24,11/30/29
4344,飲食店営業,その他,居酒屋,㐂の葉,910-0811,福井市中藤新保町１４－１－２４,0776-54-7676,福井市指令生衛第21-4-477号,11/10/21,12/31/26
4345,飲食店営業,一般食堂・レストラン等,和食店,𠮷野家　８号線　成和店,918-8239,福井市成和１丁目９１４,0776-29-7184,福井市指令生衛第21-4-164号,6/21/21,7/31/26
4346,飲食店,食堂,,𠮷野家　福井花堂店,918-8012,福井市花堂北２丁目１２―１１,0776-36-5165,福井市指令生衛第20-2-391号,9/17/20,10/31/25
4347,飲食店,食堂,,𠮷野家　福井大手店,910-0005,福井市大手１丁目２－１７,0776-22-1911,福井市指令生衛第20-2-443号,10/19/20,11/30/25
4348,飲食店営業,一般食堂・レストラン等,牛丼屋,𠮷野家　福井二の宮店,910-0013,福井市幾代２丁目１５０１,0776-29-7422,福井市指令生衛第21-4-605号,12/13/21,1/31/27
